run_id,vehicle_id,ping_time,lat,lon,speed_kmh,ignition,fuel_level_pct
R03011,V01,2026-09-15 12:35:00,18.51246,-70.00474,0,on,82.4
R03011,V01,2026-09-15 12:37:00,18.51543,-70.00587,36.0,on,82.3
R03011,V01,2026-09-15 12:39:00,18.51618,-70.00538,38.0,on,82.3
R03011,V01,2026-09-15 12:41:00,18.51847,-70.00605,23.0,on,82.2
R03011,V01,2026-09-15 12:43:00,18.52281,-70.005,0,on,82.1
R03011,V01,2026-09-15 12:45:00,18.52581,-70.00694,37.0,on,82.1
R03011,V01,2026-09-15 12:47:00,18.52633,-70.00863,46.0,on,82.0
R03011,V01,2026-09-15 12:49:00,18.52946,-70.00842,18.0,on,81.9
R03011,V01,2026-09-15 12:51:00,18.5289,-70.00887,42.0,on,81.9
R03011,V01,2026-09-15 12:53:00,18.5312,-70.00971,15.0,on,81.8
R03011,V01,2026-09-15 12:55:00,18.53252,-70.01206,15.0,on,81.7
R03011,V01,2026-09-15 12:57:00,18.53181,-70.01434,0,on,81.7
R03011,V01,2026-09-15 12:59:00,18.53203,-70.01559,46.0,on,81.6
R03011,V01,2026-09-15 13:01:00,18.53292,-70.01618,15.0,on,81.5
R03011,V01,2026-09-15 13:03:00,18.53464,-70.01937,26.0,on,81.5
R03011,V01,2026-09-15 13:05:00,18.53179,-70.02037,44.0,on,81.4
R03011,V01,2026-09-15 13:07:00,18.52952,-70.02004,44.0,on,81.3
R03011,V01,2026-09-15 13:09:00,18.53097,-70.02222,43.0,on,81.3
R03011,V01,2026-09-15 13:11:00,18.52804,-70.02351,45.0,on,81.2
R03011,V01,2026-09-15 13:13:00,18.52902,-70.02574,18.0,on,81.1
R03011,V01,2026-09-15 13:15:00,18.52637,-70.02739,53.0,on,81.1
R03011,V01,2026-09-15 13:17:00,18.5221,-70.02942,33.0,on,81.0
R03011,V01,2026-09-15 13:19:00,18.52072,-70.03048,14.0,on,80.9
R03011,V01,2026-09-15 13:21:00,18.51843,-70.0317,53.0,on,80.9
R03011,V01,2026-09-15 13:23:00,18.51768,-70.03309,52.0,on,80.8
R03011,V01,2026-09-15 13:25:00,18.51263,-70.03577,44.0,on,80.7
R03011,V01,2026-09-15 13:27:00,18.51307,-70.0353,0,on,80.7
R03011,V01,2026-09-15 13:29:00,18.50997,-70.0387,47.0,on,80.6
R03011,V01,2026-09-15 13:31:00,18.50757,-70.03907,0,on,80.6
R03011,V01,2026-09-15 13:33:00,18.50643,-70.04103,30.0,on,80.5
R03011,V01,2026-09-15 13:35:00,18.50379,-70.03964,32.0,on,80.4
R03011,V01,2026-09-15 13:37:00,18.49988,-70.0405,41.0,on,80.4
R03011,V01,2026-09-15 13:39:00,18.49926,-70.04262,26.0,on,80.3
R03011,V01,2026-09-15 13:41:00,18.49693,-70.04479,0,on,80.2
R03011,V01,2026-09-15 13:43:00,18.49522,-70.044,24.0,on,80.2
R03011,V01,2026-09-15 13:45:00,18.49261,-70.04546,38.0,on,80.1
R03011,V01,2026-09-15 13:47:00,18.49526,-70.04523,34.0,on,80.0
R03011,V01,2026-09-15 13:49:00,18.49273,-70.0466,0,on,80.0
R03011,V01,2026-09-15 13:51:00,18.49247,-70.04537,19.0,on,79.9
R03011,V01,2026-09-15 13:53:00,18.49164,-70.04418,36.0,on,79.8
R03011,V01,2026-09-15 13:55:00,18.49356,-70.04384,22.0,on,79.8
R03011,V01,2026-09-15 13:57:00,18.49311,-70.04402,0,on,79.7
R03011,V01,2026-09-15 13:59:00,18.49478,-70.04207,36.0,on,79.6
R03011,V01,2026-09-15 14:01:00,18.49688,-70.04234,0,on,79.6
R03011,V01,2026-09-15 14:03:00,18.49951,-70.04312,45.0,on,79.5
R03011,V01,2026-09-15 14:05:00,18.49934,-70.04157,33.0,on,79.4
R03011,V01,2026-09-15 14:07:00,18.50344,-70.03839,37.0,on,79.4
R03011,V01,2026-09-15 14:09:00,18.5035,-70.03841,34.0,on,79.3
R03011,V01,2026-09-15 14:11:00,18.5057,-70.03656,25.0,on,79.2
R03011,V01,2026-09-15 14:13:00,18.50715,-70.03705,45.0,on,79.2
R03011,V01,2026-09-15 14:15:00,18.50931,-70.03371,14.0,on,79.1
R03011,V01,2026-09-15 14:17:00,18.51328,-70.03297,0,on,79.1
R03011,V01,2026-09-15 14:19:00,18.51624,-70.03374,13.0,on,79.0
R03011,V01,2026-09-15 14:21:00,18.51757,-70.02954,34.0,on,78.9
R03011,V01,2026-09-15 14:23:00,18.52074,-70.02861,0,on,78.9
R03011,V01,2026-09-15 14:25:00,18.52177,-70.02577,45.0,on,78.8
R03011,V01,2026-09-15 14:27:00,18.52346,-70.02626,0,on,78.7
R03011,V01,2026-09-15 14:29:00,18.52502,-70.02339,46.0,on,78.7
R03011,V01,2026-09-15 14:31:00,18.52904,-70.02044,28.0,on,78.6
R03011,V01,2026-09-15 14:33:00,18.52919,-70.0227,37.0,on,78.5
R03011,V01,2026-09-15 14:35:00,18.52979,-70.01713,45.0,on,78.5
R03011,V01,2026-09-15 14:37:00,18.53312,-70.01782,19.0,on,78.4
R03011,V01,2026-09-15 14:39:00,18.53174,-70.01599,26.0,on,78.3
R03011,V01,2026-09-15 14:41:00,18.53272,-70.01324,45.0,on,78.3
R03011,V01,2026-09-15 14:43:00,18.53316,-70.01071,53.0,on,78.2
R03011,V01,2026-09-15 14:45:00,18.53485,-70.01088,0,on,78.1
R03011,V01,2026-09-15 14:47:00,18.53031,-70.00952,22.0,on,78.1
R03011,V01,2026-09-15 14:49:00,18.53297,-70.00724,33.0,on,78.0
R03011,V01,2026-09-15 14:51:00,18.5293,-70.00792,36.0,on,77.9
R03011,V01,2026-09-15 14:53:00,18.52891,-70.00617,52.0,on,77.9
R03011,V01,2026-09-15 14:55:00,18.52897,-70.00685,0,on,77.8
R03011,V01,2026-09-15 14:57:00,18.52715,-70.00619,0,on,77.7
R03011,V01,2026-09-15 14:59:00,18.52352,-70.00538,37.0,on,77.7
R03011,V01,2026-09-15 15:01:00,18.5197,-70.00441,33.0,on,77.6
R03011,V01,2026-09-15 15:03:00,18.5199,-70.00596,0,on,77.5
R03011,V01,2026-09-15 15:05:00,18.51834,-70.0042,18.0,on,77.5
R03011,V01,2026-09-15 15:07:00,18.51432,-70.00481,0,on,77.4
R03011,V01,2026-09-15 15:09:00,18.51212,-70.00531,29.0,on,77.4
R03011,V01,2026-09-15 15:11:00,18.5085,-70.0067,29.0,on,77.3
R03011,V01,2026-09-15 15:13:00,18.50707,-70.00623,45.0,on,77.2
R03011,V01,2026-09-15 15:15:00,18.50649,-70.00547,18.0,on,77.2
R03011,V01,2026-09-15 15:17:00,18.50221,-70.00681,0,on,77.1
R03011,V01,2026-09-15 15:19:00,18.49867,-70.00998,13.0,on,77.0
R03011,V01,2026-09-15 15:21:00,18.49831,-70.01053,28.0,on,77.0
R03011,V01,2026-09-15 15:23:00,18.49652,-70.01031,0,on,76.9
R03011,V01,2026-09-15 15:25:00,18.49716,-70.01153,0,on,76.8
R03011,V01,2026-09-15 15:27:00,18.49511,-70.0132,20.0,on,76.8
R03011,V01,2026-09-15 15:29:00,18.49371,-70.01495,31.0,on,76.7
R03011,V01,2026-09-15 15:31:00,18.4938,-70.01723,51.0,on,76.6
R03011,V01,2026-09-15 15:33:00,18.49391,-70.01931,20.0,on,76.6
R03011,V01,2026-09-15 15:35:00,18.49044,-70.01941,49.0,on,76.5
R03011,V01,2026-09-15 15:37:00,18.49484,-70.0212,13.0,on,76.4
R03011,V01,2026-09-15 15:39:00,18.49288,-70.02173,49.0,on,76.4
R03011,V01,2026-09-15 15:41:00,18.49393,-70.024,35.0,on,76.3
R03011,V01,2026-09-15 15:43:00,18.49717,-70.02735,19.0,on,76.2
R03011,V01,2026-09-15 15:45:00,18.49666,-70.02903,33.0,on,76.2
R03011,V01,2026-09-15 15:47:00,18.50129,-70.02888,41.0,on,76.1
R03011,V01,2026-09-15 15:49:00,18.50185,-70.03257,33.0,on,76.0
R03011,V01,2026-09-15 15:51:00,18.50286,-70.0318,0,on,76.0
R03011,V01,2026-09-15 15:53:00,18.50552,-70.03272,52.0,on,75.9
R03011,V01,2026-09-15 15:55:00,18.50819,-70.03633,44.0,on,75.8
R03011,V01,2026-09-15 15:57:00,18.51101,-70.0377,41.0,on,75.8
R03011,V01,2026-09-15 15:59:00,18.51198,-70.03722,22.0,on,75.7
R03011,V01,2026-09-15 16:01:00,18.51462,-70.03883,26.0,on,75.7
R03011,V01,2026-09-15 16:03:00,18.51723,-70.04162,12.0,on,75.6
R03011,V01,2026-09-15 16:05:00,18.5194,-70.04128,26.0,on,75.5
R03011,V01,2026-09-15 16:07:00,18.52182,-70.04447,44.0,on,75.5
R03011,V01,2026-09-15 16:09:00,18.52479,-70.04418,0,on,75.4
R03011,V01,2026-09-15 16:11:00,18.5266,-70.04306,48.0,on,75.3
R03011,V01,2026-09-15 16:13:00,18.52818,-70.04326,19.0,on,75.3
R03011,V01,2026-09-15 16:15:00,18.53134,-70.04505,19.0,on,75.2
R03011,V01,2026-09-15 16:17:00,18.52942,-70.04258,0,on,75.1
R03011,V01,2026-09-15 16:19:00,18.53167,-70.04567,23.0,on,75.1
R03011,V01,2026-09-15 16:21:00,18.53246,-70.0446,26.0,on,75.0
R03011,V01,2026-09-15 16:23:00,18.53108,-70.0461,26.0,on,74.9
R03011,V01,2026-09-15 16:25:00,18.53468,-70.04352,54.0,on,74.9
R03011,V01,2026-09-15 16:27:00,18.53307,-70.04322,0,on,74.8
R03011,V01,2026-09-15 16:29:00,18.53258,-70.04396,14.0,on,74.7
R03011,V01,2026-09-15 16:31:00,18.53065,-70.04324,17.0,on,74.7
R03011,V01,2026-09-15 16:33:00,18.53028,-70.04063,23.0,on,74.6
R03011,V01,2026-09-15 16:35:00,18.5294,-70.04202,39.0,on,74.5
R03011,V01,2026-09-15 16:37:00,18.52861,-70.03913,54.0,on,74.5
R03011,V01,2026-09-15 16:39:00,18.52546,-70.03889,28.0,on,74.4
R03011,V01,2026-09-15 16:41:00,18.5238,-70.03595,35.0,on,74.3
R03011,V01,2026-09-15 16:43:00,18.521,-70.03647,35.0,on,74.3
R03011,V01,2026-09-15 16:45:00,18.51852,-70.03572,0,on,74.2
R03011,V01,2026-09-15 16:47:00,18.51596,-70.03195,39.0,on,74.1
R03011,V01,2026-09-15 16:49:00,18.51376,-70.0308,29.0,on,74.1
R03011,V01,2026-09-15 16:51:00,18.51273,-70.03016,33.0,on,74.0
R03011,V01,2026-09-15 16:53:00,18.51052,-70.0256,27.0,on,74.0
R03011,V01,2026-09-15 16:55:00,18.50653,-70.02407,27.0,on,73.9
R03011,V01,2026-09-15 16:57:00,18.50616,-70.02355,54.0,on,73.8
R03011,V01,2026-09-15 16:59:00,18.50306,-70.02393,25.0,on,73.8
R03011,V01,2026-09-15 17:01:00,18.50246,-70.02176,46.0,on,73.7
R03011,V01,2026-09-15 17:03:00,18.49908,-70.02007,0,on,73.6
R03011,V01,2026-09-15 17:05:00,18.49751,-70.01795,0,on,73.6
R03011,V01,2026-09-15 17:07:00,18.49669,-70.01673,0,on,73.5
R03011,V01,2026-09-15 17:09:00,18.49568,-70.01242,36.0,on,73.4
R03011,V01,2026-09-15 17:11:00,18.49391,-70.01355,55.0,on,73.4
R03011,V01,2026-09-15 17:13:00,18.49341,-70.01192,39.0,on,73.3
R03011,V01,2026-09-15 17:15:00,18.49358,-70.00967,0,on,73.2
R03011,V01,2026-09-15 17:17:00,18.49113,-70.01006,0,on,73.2
R03011,V01,2026-09-15 17:19:00,18.49198,-70.00976,0,on,73.1
R03011,V01,2026-09-15 17:21:00,18.49495,-70.00604,0,on,73.0
R03011,V01,2026-09-15 17:23:00,18.49603,-70.00614,37.0,on,73.0
R03011,V01,2026-09-15 17:25:00,18.49663,-70.00486,48.0,on,72.9
R03011,V01,2026-09-15 17:27:00,18.4974,-70.00507,44.0,on,72.8
R03011,V01,2026-09-15 17:29:00,18.49974,-70.00584,21.0,on,72.8
R03011,V01,2026-09-15 17:31:00,18.50037,-70.00675,48.0,on,72.7
R03011,V01,2026-09-15 17:33:00,18.5025,-70.00629,0,on,72.6
R03011,V01,2026-09-15 17:35:00,18.50634,-70.00402,0,on,72.6
R03011,V01,2026-09-15 17:37:00,18.50844,-70.00474,28.0,on,72.5
R03011,V01,2026-09-15 17:39:00,18.5099,-70.00664,19.0,on,72.4
R03011,V01,2026-09-15 17:41:00,18.51311,-70.00438,39.0,on,72.4
R03011,V01,2026-09-15 17:43:00,18.5152,-70.00679,54.0,on,72.3
R03012,V02,2026-09-15 07:34:00,18.47705,-69.91452,37.0,on,87.5
R03012,V02,2026-09-15 07:36:00,18.48073,-69.91558,18.0,on,87.4
R03012,V02,2026-09-15 07:38:00,18.48448,-69.91374,23.0,on,87.3
R03012,V02,2026-09-15 07:40:00,18.48605,-69.91646,38.0,on,87.3
R03012,V02,2026-09-15 07:42:00,18.49015,-69.91865,15.0,on,87.2
R03012,V02,2026-09-15 07:44:00,18.49375,-69.91952,0,on,87.1
R03012,V02,2026-09-15 07:46:00,18.4946,-69.91872,13.0,on,87.1
R03012,V02,2026-09-15 07:48:00,18.49658,-69.92135,33.0,on,87.0
R03012,V02,2026-09-15 07:50:00,18.49727,-69.9201,0,on,86.9
R03012,V02,2026-09-15 07:52:00,18.49765,-69.92269,47.0,on,86.9
R03012,V02,2026-09-15 07:54:00,18.4991,-69.92559,27.0,on,86.8
R03012,V02,2026-09-15 07:56:00,18.49767,-69.92707,15.0,on,86.7
R03012,V02,2026-09-15 07:58:00,18.49608,-69.92867,32.0,on,86.7
R03012,V02,2026-09-15 08:00:00,18.49485,-69.93391,42.0,on,86.6
R03012,V02,2026-09-15 08:02:00,18.49388,-69.93488,33.0,on,86.5
R03012,V02,2026-09-15 08:04:00,18.49387,-69.9345,35.0,on,86.5
R03012,V02,2026-09-15 08:06:00,18.48998,-69.93801,0,on,86.4
R03012,V02,2026-09-15 08:08:00,18.48731,-69.94101,39.0,on,86.3
R03012,V02,2026-09-15 08:10:00,18.48177,-69.94166,32.0,on,86.3
R03012,V02,2026-09-15 08:12:00,18.48175,-69.94465,51.0,on,86.2
R03012,V02,2026-09-15 08:14:00,18.47711,-69.94627,50.0,on,86.2
R03012,V02,2026-09-15 08:16:00,18.47434,-69.94691,25.0,on,86.1
R03012,V02,2026-09-15 08:18:00,18.47219,-69.94795,39.0,on,86.0
R03012,V02,2026-09-15 08:20:00,18.46888,-69.94912,21.0,on,86.0
R03012,V02,2026-09-15 08:22:00,18.466,-69.95215,0,on,85.9
R03012,V02,2026-09-15 08:24:00,18.46358,-69.95331,51.0,on,85.8
R03012,V02,2026-09-15 08:26:00,18.4621,-69.95595,0,on,85.8
R03012,V02,2026-09-15 08:28:00,18.45974,-69.95401,0,on,85.7
R03012,V02,2026-09-15 08:30:00,18.45861,-69.954,0,on,85.6
R03012,V02,2026-09-15 08:32:00,18.45724,-69.95555,54.0,on,85.6
R03012,V02,2026-09-15 08:34:00,18.4566,-69.95458,22.0,on,85.5
R03012,V02,2026-09-15 08:36:00,18.45891,-69.95638,30.0,on,85.4
R03012,V02,2026-09-15 08:38:00,18.46052,-69.95339,41.0,on,85.4
R03012,V02,2026-09-15 08:40:00,18.46098,-69.9519,54.0,on,85.3
R03012,V02,2026-09-15 08:42:00,18.46293,-69.9512,44.0,on,85.2
R03012,V02,2026-09-15 08:44:00,18.46484,-69.95056,53.0,on,85.2
R03012,V02,2026-09-15 08:46:00,18.46657,-69.94924,42.0,on,85.1
R03012,V02,2026-09-15 08:48:00,18.47142,-69.94839,54.0,on,85.0
R03012,V02,2026-09-15 08:50:00,18.47286,-69.94515,31.0,on,85.0
R03012,V02,2026-09-15 08:52:00,18.47545,-69.94181,44.0,on,84.9
R03012,V02,2026-09-15 08:54:00,18.47793,-69.94234,0,on,84.8
R03012,V02,2026-09-15 08:56:00,18.48213,-69.93879,39.0,on,84.8
R03012,V02,2026-09-15 08:58:00,18.48542,-69.93861,19.0,on,84.7
R03012,V02,2026-09-15 09:00:00,18.48966,-69.93606,26.0,on,84.6
R03012,V02,2026-09-15 09:02:00,18.4897,-69.93332,54.0,on,84.6
R03012,V02,2026-09-15 09:04:00,18.49137,-69.93174,0,on,84.5
R03012,V02,2026-09-15 09:06:00,18.49582,-69.92833,44.0,on,84.4
R03012,V02,2026-09-15 09:08:00,18.49748,-69.92708,40.0,on,84.4
R03012,V02,2026-09-15 09:10:00,18.49637,-69.92418,21.0,on,84.3
R03012,V02,2026-09-15 09:12:00,18.49796,-69.92461,0,on,84.2
R03012,V02,2026-09-15 09:14:00,18.49734,-69.92265,32.0,on,84.2
R03012,V02,2026-09-15 09:16:00,18.4964,-69.9204,0,on,84.1
R03012,V02,2026-09-15 09:18:00,18.49647,-69.91967,0,on,84.0
R03012,V02,2026-09-15 09:20:00,18.49481,-69.91717,30.0,on,84.0
R03012,V02,2026-09-15 09:22:00,18.49435,-69.91548,24.0,on,83.9
R03012,V02,2026-09-15 09:24:00,18.49257,-69.91617,12.0,on,83.9
R03012,V02,2026-09-15 09:26:00,18.48696,-69.91584,50.0,on,83.8
R03012,V02,2026-09-15 09:28:00,18.48486,-69.91428,24.0,on,83.7
R03012,V02,2026-09-15 09:30:00,18.48463,-69.91362,53.0,on,83.7
R03012,V02,2026-09-15 09:32:00,18.48146,-69.91672,42.0,on,83.6
R03012,V02,2026-09-15 09:34:00,18.47463,-69.91606,26.0,on,83.5
R03012,V02,2026-09-15 09:36:00,18.4731,-69.91408,22.0,on,83.5
R03012,V02,2026-09-15 09:38:00,18.46768,-69.9189,54.0,on,83.4
R03012,V02,2026-09-15 09:40:00,18.4663,-69.91947,20.0,on,83.3
R03012,V02,2026-09-15 09:42:00,18.46343,-69.92056,0,on,83.3
R03012,V02,2026-09-15 09:44:00,18.4629,-69.92014,49.0,on,83.2
R03012,V02,2026-09-15 09:46:00,18.46197,-69.92145,31.0,on,83.1
R03012,V02,2026-09-15 09:48:00,18.45891,-69.92293,38.0,on,83.1
R03012,V02,2026-09-15 09:50:00,18.45753,-69.92401,0,on,83.0
R03012,V02,2026-09-15 09:52:00,18.45957,-69.9276,28.0,on,82.9
R03012,V02,2026-09-15 09:54:00,18.45705,-69.93049,32.0,on,82.9
R03012,V02,2026-09-15 09:56:00,18.45908,-69.93294,47.0,on,82.8
R03012,V02,2026-09-15 09:58:00,18.45971,-69.93472,18.0,on,82.7
R03012,V02,2026-09-15 10:00:00,18.46209,-69.9373,18.0,on,82.7
R03012,V02,2026-09-15 10:02:00,18.46211,-69.93862,0,on,82.6
R03012,V02,2026-09-15 10:04:00,18.46612,-69.94015,0,on,82.5
R03012,V02,2026-09-15 10:06:00,18.46645,-69.94223,44.0,on,82.5
R03012,V02,2026-09-15 10:08:00,18.47181,-69.94575,0,on,82.4
R03012,V02,2026-09-15 10:10:00,18.47439,-69.94645,18.0,on,82.3
R03012,V02,2026-09-15 10:12:00,18.47639,-69.94716,0,on,82.3
R03012,V02,2026-09-15 10:14:00,18.47897,-69.94929,36.0,on,82.2
R03012,V02,2026-09-15 10:16:00,18.48515,-69.95017,0,on,82.1
R03012,V02,2026-09-15 10:18:00,18.48621,-69.95226,0,on,82.1
R03012,V02,2026-09-15 10:20:00,18.48811,-69.95453,20.0,on,82.0
R03012,V02,2026-09-15 10:22:00,18.49145,-69.95579,45.0,on,81.9
R03012,V02,2026-09-15 10:24:00,18.49464,-69.95329,0,on,81.9
R03012,V02,2026-09-15 10:26:00,18.49593,-69.95459,50.0,on,81.8
R03012,V02,2026-09-15 10:28:00,18.49671,-69.95514,15.0,on,81.7
R03012,V02,2026-09-15 10:30:00,18.49777,-69.95513,38.0,on,81.7
R03012,V02,2026-09-15 10:32:00,18.49736,-69.95577,43.0,on,81.6
R03012,V02,2026-09-15 10:34:00,18.49712,-69.95449,53.0,on,81.5
R03012,V02,2026-09-15 10:36:00,18.49754,-69.95225,0,on,81.5
R03012,V02,2026-09-15 10:38:00,18.49607,-69.95198,15.0,on,81.4
R03012,V02,2026-09-15 10:40:00,18.49542,-69.9497,0,on,81.4
R03012,V02,2026-09-15 10:42:00,18.49373,-69.94967,0,on,81.3
R03012,V02,2026-09-15 10:44:00,18.49232,-69.9481,0,on,81.2
R03012,V02,2026-09-15 10:46:00,18.48808,-69.94514,17.0,on,81.2
R03012,V02,2026-09-15 10:48:00,18.48414,-69.94535,23.0,on,81.1
R03012,V02,2026-09-15 10:50:00,18.48085,-69.94324,54.0,on,81.0
R03012,V02,2026-09-15 10:52:00,18.47967,-69.94015,54.0,on,81.0
R03012,V02,2026-09-15 10:54:00,18.47594,-69.93889,0,on,80.9
R03012,V02,2026-09-15 10:56:00,18.47216,-69.93524,0,on,80.8
R03012,V02,2026-09-15 10:58:00,18.46914,-69.9342,37.0,on,80.8
R03012,V02,2026-09-15 11:00:00,18.46413,-69.92997,0,on,80.7
R03012,V02,2026-09-15 11:02:00,18.46492,-69.93057,42.0,on,80.6
R03012,V02,2026-09-15 11:04:00,18.46118,-69.92845,52.0,on,80.6
R03012,V02,2026-09-15 11:06:00,18.45828,-69.92587,0,on,80.5
R03012,V02,2026-09-15 11:08:00,18.45976,-69.92361,23.0,on,80.4
R03012,V02,2026-09-15 11:10:00,18.46202,-69.92245,28.0,on,80.4
R03012,V02,2026-09-15 11:12:00,18.45747,-69.92024,38.0,on,80.3
R03012,V02,2026-09-15 11:14:00,18.45607,-69.91986,51.0,on,80.2
R03012,V02,2026-09-15 11:16:00,18.46006,-69.91717,16.0,on,80.2
R03012,V02,2026-09-15 11:18:00,18.45989,-69.9174,16.0,on,80.1
R03012,V02,2026-09-15 11:20:00,18.46342,-69.91456,0,on,80.0
R03012,V02,2026-09-15 11:22:00,18.46477,-69.91455,0,on,80.0
R03012,V02,2026-09-15 11:24:00,18.46735,-69.91633,0,on,79.9
R03012,V02,2026-09-15 11:26:00,18.46839,-69.91515,38.0,on,79.8
R03012,V02,2026-09-15 11:28:00,18.47252,-69.91634,37.0,on,79.8
R03012,V02,2026-09-15 11:30:00,18.47353,-69.91536,45.0,on,79.7
R03012,V02,2026-09-15 11:32:00,18.4775,-69.91564,50.0,on,79.6
R03013,V03,2026-09-15 07:35:00,18.51229,-70.00474,25.0,on,76.4
R03013,V03,2026-09-15 07:37:00,18.5171,-70.00498,0,on,76.4
R03013,V03,2026-09-15 07:39:00,18.51773,-70.00542,13.0,on,76.3
R03013,V03,2026-09-15 07:41:00,18.51982,-70.00688,46.0,on,76.2
R03013,V03,2026-09-15 07:43:00,18.52259,-70.00833,17.0,on,76.1
R03013,V03,2026-09-15 07:45:00,18.52569,-70.00689,31.0,on,76.1
R03013,V03,2026-09-15 07:47:00,18.52754,-70.0092,25.0,on,76.0
R03013,V03,2026-09-15 07:49:00,18.52908,-70.01027,14.0,on,75.9
R03013,V03,2026-09-15 07:51:00,18.53028,-70.00934,15.0,on,75.9
R03013,V03,2026-09-15 07:53:00,18.53267,-70.01053,50.0,on,75.8
R03013,V03,2026-09-15 07:55:00,18.53274,-70.01302,53.0,on,75.7
R03013,V03,2026-09-15 07:57:00,18.53276,-70.01437,17.0,on,75.6
R03013,V03,2026-09-15 07:59:00,18.53403,-70.01547,50.0,on,75.6
R03013,V03,2026-09-15 08:01:00,18.53331,-70.0174,0,on,75.5
R03013,V03,2026-09-15 08:03:00,18.53225,-70.01946,44.0,on,75.4
R03013,V03,2026-09-15 08:05:00,18.53049,-70.02193,0,on,75.4
R03013,V03,2026-09-15 08:07:00,18.52927,-70.02353,0,on,75.3
R03013,V03,2026-09-15 08:09:00,18.52714,-70.02394,43.0,on,75.2
R03013,V03,2026-09-15 08:11:00,18.52429,-70.02696,24.0,on,75.1
R03013,V03,2026-09-15 08:13:00,18.52646,-70.0273,31.0,on,75.1
R03013,V03,2026-09-15 08:15:00,18.52111,-70.02934,51.0,on,75.0
R03013,V03,2026-09-15 08:17:00,18.51957,-70.03195,33.0,on,74.9
R03013,V03,2026-09-15 08:19:00,18.51853,-70.03449,38.0,on,74.9
R03013,V03,2026-09-15 08:21:00,18.51511,-70.03524,23.0,on,74.8
R03013,V03,2026-09-15 08:23:00,18.51193,-70.03508,20.0,on,74.7
R03013,V03,2026-09-15 08:25:00,18.50754,-70.03789,14.0,on,74.6
R03013,V03,2026-09-15 08:27:00,18.50483,-70.0402,0,on,74.6
R03013,V03,2026-09-15 08:29:00,18.50395,-70.04173,52.0,on,74.5
R03013,V03,2026-09-15 08:31:00,18.5027,-70.04333,43.0,on,74.4
R03013,V03,2026-09-15 08:33:00,18.4998,-70.04308,0,on,74.4
R03013,V03,2026-09-15 08:35:00,18.49809,-70.04258,32.0,on,74.3
R03013,V03,2026-09-15 08:37:00,18.4947,-70.04353,18.0,on,74.2
R03013,V03,2026-09-15 08:39:00,18.49481,-70.04483,32.0,on,74.1
R03013,V03,2026-09-15 08:41:00,18.49475,-70.04621,14.0,on,74.1
R03013,V03,2026-09-15 08:43:00,18.49384,-70.04518,33.0,on,74.0
R03013,V03,2026-09-15 08:45:00,18.49336,-70.04415,42.0,on,73.9
R03013,V03,2026-09-15 08:47:00,18.4924,-70.04473,54.0,on,73.9
R03013,V03,2026-09-15 08:49:00,18.49323,-70.0456,17.0,on,73.8
R03013,V03,2026-09-15 08:51:00,18.49281,-70.04328,42.0,on,73.7
R03013,V03,2026-09-15 08:53:00,18.49729,-70.04164,17.0,on,73.6
R03013,V03,2026-09-15 08:55:00,18.49642,-70.04141,26.0,on,73.6
R03013,V03,2026-09-15 08:57:00,18.49947,-70.03974,13.0,on,73.5
R03013,V03,2026-09-15 08:59:00,18.50179,-70.03961,47.0,on,73.4
R03013,V03,2026-09-15 09:01:00,18.50223,-70.03902,44.0,on,73.4
R03013,V03,2026-09-15 09:03:00,18.50664,-70.03641,0,on,73.3
R03013,V03,2026-09-15 09:05:00,18.5085,-70.03647,33.0,on,73.2
R03013,V03,2026-09-15 09:07:00,18.5101,-70.03561,18.0,on,73.1
R03013,V03,2026-09-15 09:09:00,18.51365,-70.03439,13.0,on,73.1
R03013,V03,2026-09-15 09:11:00,18.51568,-70.03063,33.0,on,73.0
R03013,V03,2026-09-15 09:13:00,18.51866,-70.02879,43.0,on,72.9
R03013,V03,2026-09-15 09:15:00,18.52196,-70.02624,0,on,72.9
R03013,V03,2026-09-15 09:17:00,18.52392,-70.02699,35.0,on,72.8
R03013,V03,2026-09-15 09:19:00,18.52573,-70.02445,0,on,72.7
R03013,V03,2026-09-15 09:21:00,18.52794,-70.02409,52.0,on,72.6
R03013,V03,2026-09-15 09:23:00,18.52856,-70.01956,0,on,72.6
R03013,V03,2026-09-15 09:25:00,18.53087,-70.01877,0,on,72.5
R03013,V03,2026-09-15 09:27:00,18.5339,-70.01831,33.0,on,72.4
R03013,V03,2026-09-15 09:29:00,18.53337,-70.01474,20.0,on,72.4
R03013,V03,2026-09-15 09:31:00,18.53305,-70.01408,26.0,on,72.3
R03013,V03,2026-09-15 09:33:00,18.53233,-70.01164,0,on,72.2
R03013,V03,2026-09-15 09:35:00,18.5324,-70.01161,33.0,on,72.2
R03013,V03,2026-09-15 09:37:00,18.53214,-70.01084,33.0,on,72.1
R03013,V03,2026-09-15 09:39:00,18.53035,-70.00791,28.0,on,72.0
R03013,V03,2026-09-15 09:41:00,18.5277,-70.00704,27.0,on,71.9
R03013,V03,2026-09-15 09:43:00,18.52776,-70.00647,21.0,on,71.9
R03013,V03,2026-09-15 09:45:00,18.52702,-70.00422,22.0,on,71.8
R03013,V03,2026-09-15 09:47:00,18.52438,-70.00615,47.0,on,71.7
R03013,V03,2026-09-15 09:49:00,18.52203,-70.00497,21.0,on,71.7
R03013,V03,2026-09-15 09:51:00,18.51979,-70.00508,48.0,on,71.6
R03013,V03,2026-09-15 09:53:00,18.5168,-70.00445,54.0,on,71.5
R03013,V03,2026-09-15 09:55:00,18.51274,-70.00664,46.0,on,71.4
R03013,V03,2026-09-15 09:57:00,18.51126,-70.00759,26.0,on,71.4
R03013,V03,2026-09-15 09:59:00,18.50718,-70.00545,53.0,on,71.3
R03013,V03,2026-09-15 10:01:00,18.5062,-70.00695,34.0,on,71.2
R03013,V03,2026-09-15 10:03:00,18.50323,-70.00811,52.0,on,71.2
R03013,V03,2026-09-15 10:05:00,18.50234,-70.0093,51.0,on,71.1
R03013,V03,2026-09-15 10:07:00,18.49849,-70.00879,21.0,on,71.0
R03013,V03,2026-09-15 10:09:00,18.49808,-70.01162,46.0,on,70.9
R03013,V03,2026-09-15 10:11:00,18.49613,-70.01241,30.0,on,70.9
R03013,V03,2026-09-15 10:13:00,18.49289,-70.01377,27.0,on,70.8
R03013,V03,2026-09-15 10:15:00,18.49654,-70.01567,25.0,on,70.7
R03013,V03,2026-09-15 10:17:00,18.49423,-70.01564,39.0,on,70.7
R03013,V03,2026-09-15 10:19:00,18.49277,-70.01786,18.0,on,70.6
R03013,V03,2026-09-15 10:21:00,18.49247,-70.021,23.0,on,70.5
R03013,V03,2026-09-15 10:23:00,18.49375,-70.02198,16.0,on,70.4
R03013,V03,2026-09-15 10:25:00,18.4945,-70.02317,0,on,70.4
R03013,V03,2026-09-15 10:27:00,18.49519,-70.02267,14.0,on,70.3
R03013,V03,2026-09-15 10:29:00,18.49897,-70.02737,0,on,70.2
R03013,V03,2026-09-15 10:31:00,18.4991,-70.02948,27.0,on,70.2
R03013,V03,2026-09-15 10:33:00,18.50146,-70.03148,18.0,on,70.1
R03013,V03,2026-09-15 10:35:00,18.50302,-70.03219,38.0,on,70.0
R03013,V03,2026-09-15 10:37:00,18.50607,-70.03454,36.0,on,69.9
R03013,V03,2026-09-15 10:39:00,18.50842,-70.03622,39.0,on,69.9
R03013,V03,2026-09-15 10:41:00,18.51183,-70.03722,25.0,on,69.8
R03013,V03,2026-09-15 10:43:00,18.51359,-70.03736,41.0,on,69.7
R03013,V03,2026-09-15 10:45:00,18.51643,-70.0418,50.0,on,69.7
R03013,V03,2026-09-15 10:47:00,18.51684,-70.04096,12.0,on,69.6
R03013,V03,2026-09-15 10:49:00,18.52204,-70.04424,52.0,on,69.5
R03013,V03,2026-09-15 10:51:00,18.52445,-70.04425,0,on,69.4
R03013,V03,2026-09-15 10:53:00,18.52577,-70.04376,42.0,on,69.4
R03013,V03,2026-09-15 10:55:00,18.52694,-70.04493,0,on,69.3
R03013,V03,2026-09-15 10:57:00,18.52794,-70.045,15.0,on,69.2
R03013,V03,2026-09-15 10:59:00,18.53166,-70.04342,54.0,on,69.2
R03013,V03,2026-09-15 11:01:00,18.53188,-70.04558,35.0,on,69.1
R03013,V03,2026-09-15 11:03:00,18.53252,-70.04437,0,on,69.0
R03013,V03,2026-09-15 11:05:00,18.53336,-70.04365,20.0,on,68.9
R03013,V03,2026-09-15 11:07:00,18.53373,-70.04373,37.0,on,68.9
R03013,V03,2026-09-15 11:09:00,18.53335,-70.04218,0,on,68.8
R03013,V03,2026-09-15 11:11:00,18.53229,-70.04353,0,on,68.7
R03013,V03,2026-09-15 11:13:00,18.52993,-70.04258,16.0,on,68.7
R03013,V03,2026-09-15 11:15:00,18.52877,-70.04016,26.0,on,68.6
R03013,V03,2026-09-15 11:17:00,18.52753,-70.03975,14.0,on,68.5
R03013,V03,2026-09-15 11:19:00,18.52577,-70.03917,0,on,68.4
R03013,V03,2026-09-15 11:21:00,18.52347,-70.0375,52.0,on,68.4
R03013,V03,2026-09-15 11:23:00,18.52241,-70.0338,0,on,68.3
R03013,V03,2026-09-15 11:25:00,18.51779,-70.03347,54.0,on,68.2
R03013,V03,2026-09-15 11:27:00,18.5163,-70.03308,55.0,on,68.2
R03013,V03,2026-09-15 11:29:00,18.51284,-70.02986,19.0,on,68.1
R03013,V03,2026-09-15 11:31:00,18.51024,-70.02827,53.0,on,68.0
R03013,V03,2026-09-15 11:33:00,18.50899,-70.02698,26.0,on,68.0
R03013,V03,2026-09-15 11:35:00,18.50641,-70.02589,55.0,on,67.9
R03013,V03,2026-09-15 11:37:00,18.50354,-70.02293,0,on,67.8
R03013,V03,2026-09-15 11:39:00,18.50054,-70.02161,46.0,on,67.7
R03013,V03,2026-09-15 11:41:00,18.50093,-70.01958,20.0,on,67.7
R03013,V03,2026-09-15 11:43:00,18.49524,-70.01775,43.0,on,67.6
R03013,V03,2026-09-15 11:45:00,18.496,-70.01399,54.0,on,67.5
R03013,V03,2026-09-15 11:47:00,18.49471,-70.01406,34.0,on,67.5
R03013,V03,2026-09-15 11:49:00,18.49412,-70.01165,37.0,on,67.4
R03013,V03,2026-09-15 11:51:00,18.4934,-70.01124,50.0,on,67.3
R03013,V03,2026-09-15 11:53:00,18.49361,-70.01046,15.0,on,67.2
R03013,V03,2026-09-15 11:55:00,18.49298,-70.01091,18.0,on,67.2
R03013,V03,2026-09-15 11:57:00,18.49308,-70.00864,0,on,67.1
R03013,V03,2026-09-15 11:59:00,18.49446,-70.00696,52.0,on,67.0
R03013,V03,2026-09-15 12:01:00,18.49662,-70.00576,0,on,67.0
R03013,V03,2026-09-15 12:03:00,18.49833,-70.00656,23.0,on,66.9
R03013,V03,2026-09-15 12:05:00,18.4995,-70.00524,0,on,66.8
R03013,V03,2026-09-15 12:07:00,18.50212,-70.00329,46.0,on,66.7
R03013,V03,2026-09-15 12:09:00,18.50353,-70.00502,36.0,on,66.7
R03013,V03,2026-09-15 12:11:00,18.50658,-70.00488,14.0,on,66.6
R03013,V03,2026-09-15 12:13:00,18.50617,-70.00434,23.0,on,66.5
R03013,V03,2026-09-15 12:15:00,18.51084,-70.00473,21.0,on,66.5
R03013,V03,2026-09-15 12:17:00,18.51209,-70.00723,41.0,on,66.4
R03014,V04,2026-09-15 07:30:00,18.51385,-70.00574,29.0,on,73.5
R03014,V04,2026-09-15 07:32:00,18.51535,-70.00466,19.0,on,73.4
R03014,V04,2026-09-15 07:34:00,18.51632,-70.00725,47.0,on,73.4
R03014,V04,2026-09-15 07:36:00,18.51996,-70.00831,34.0,on,73.3
R03014,V04,2026-09-15 07:38:00,18.52222,-70.00496,27.0,on,73.2
R03014,V04,2026-09-15 07:40:00,18.52403,-70.00713,53.0,on,73.1
R03014,V04,2026-09-15 07:42:00,18.52688,-70.00642,21.0,on,73.1
R03014,V04,2026-09-15 07:44:00,18.52792,-70.00871,0,on,73.0
R03014,V04,2026-09-15 07:46:00,18.52872,-70.00915,0,on,72.9
R03014,V04,2026-09-15 07:48:00,18.53005,-70.00889,23.0,on,72.8
R03014,V04,2026-09-15 07:50:00,18.53207,-70.01141,45.0,on,72.8
R03014,V04,2026-09-15 07:52:00,18.53042,-70.01358,53.0,on,72.7
R03014,V04,2026-09-15 07:54:00,18.53367,-70.01396,50.0,on,72.6
R03014,V04,2026-09-15 07:56:00,18.53162,-70.01808,0,on,72.5
R03014,V04,2026-09-15 07:58:00,18.53144,-70.01655,27.0,on,72.5
R03014,V04,2026-09-15 08:00:00,18.53141,-70.01975,22.0,on,72.4
R03014,V04,2026-09-15 08:02:00,18.52995,-70.02076,43.0,on,72.3
R03014,V04,2026-09-15 08:04:00,18.52994,-70.02296,49.0,on,72.2
R03014,V04,2026-09-15 08:06:00,18.52917,-70.02512,29.0,on,72.2
R03014,V04,2026-09-15 08:08:00,18.52633,-70.02519,36.0,on,72.1
R03014,V04,2026-09-15 08:10:00,18.52579,-70.02823,48.0,on,72.0
R03014,V04,2026-09-15 08:12:00,18.52309,-70.03067,28.0,on,71.9
R03014,V04,2026-09-15 08:14:00,18.51985,-70.03223,19.0,on,71.9
R03014,V04,2026-09-15 08:16:00,18.51868,-70.03362,27.0,on,71.8
R03014,V04,2026-09-15 08:18:00,18.51618,-70.03312,0,on,71.7
R03014,V04,2026-09-15 08:20:00,18.51381,-70.03717,20.0,on,71.6
R03014,V04,2026-09-15 08:22:00,18.50993,-70.03692,39.0,on,71.6
R03014,V04,2026-09-15 08:24:00,18.50853,-70.03955,29.0,on,71.5
R03014,V04,2026-09-15 08:26:00,18.50645,-70.04025,53.0,on,71.4
R03014,V04,2026-09-15 08:28:00,18.50376,-70.04225,0,on,71.3
R03014,V04,2026-09-15 08:30:00,18.5007,-70.04241,17.0,on,71.3
R03014,V04,2026-09-15 08:32:00,18.50015,-70.04315,52.0,on,71.2
R03014,V04,2026-09-15 08:34:00,18.49726,-70.04369,32.0,on,71.1
R03014,V04,2026-09-15 08:36:00,18.49638,-70.04474,26.0,on,71.0
R03014,V04,2026-09-15 08:38:00,18.49735,-70.04479,34.0,on,71.0
R03014,V04,2026-09-15 08:40:00,18.49536,-70.04606,40.0,on,70.9
R03014,V04,2026-09-15 08:42:00,18.49425,-70.0459,28.0,on,70.8
R03014,V04,2026-09-15 08:44:00,18.49181,-70.04403,54.0,on,70.7
R03014,V04,2026-09-15 08:46:00,18.49445,-70.04429,34.0,on,70.7
R03014,V04,2026-09-15 08:48:00,18.49272,-70.04381,38.0,on,70.6
R03014,V04,2026-09-15 08:50:00,18.49434,-70.04565,37.0,on,70.5
R03014,V04,2026-09-15 08:52:00,18.49475,-70.04263,41.0,on,70.4
R03014,V04,2026-09-15 08:54:00,18.49643,-70.0426,0,on,70.4
R03014,V04,2026-09-15 08:56:00,18.49628,-70.04237,25.0,on,70.3
R03014,V04,2026-09-15 08:58:00,18.49797,-70.04174,41.0,on,70.2
R03014,V04,2026-09-15 09:00:00,18.50102,-70.03892,13.0,on,70.1
R03014,V04,2026-09-15 09:02:00,18.50298,-70.04046,32.0,on,70.1
R03014,V04,2026-09-15 09:04:00,18.50389,-70.03498,44.0,on,70.0
R03014,V04,2026-09-15 09:06:00,18.50562,-70.03444,0,on,69.9
R03014,V04,2026-09-15 09:08:00,18.50896,-70.03329,51.0,on,69.8
R03014,V04,2026-09-15 09:10:00,18.51177,-70.03436,23.0,on,69.8
R03014,V04,2026-09-15 09:12:00,18.51487,-70.03156,0,on,69.7
R03014,V04,2026-09-15 09:14:00,18.51732,-70.02976,14.0,on,69.6
R03014,V04,2026-09-15 09:16:00,18.51825,-70.02912,45.0,on,69.5
R03014,V04,2026-09-15 09:18:00,18.52373,-70.02606,39.0,on,69.5
R03014,V04,2026-09-15 09:20:00,18.52314,-70.02555,0,on,69.4
R03014,V04,2026-09-15 09:22:00,18.5263,-70.0243,37.0,on,69.3
R03014,V04,2026-09-15 09:24:00,18.52777,-70.02178,24.0,on,69.2
R03014,V04,2026-09-15 09:26:00,18.52827,-70.02115,0,on,69.2
R03014,V04,2026-09-15 09:28:00,18.53029,-70.01834,34.0,on,69.1
R03014,V04,2026-09-15 09:30:00,18.53221,-70.01519,0,on,69.0
R03014,V04,2026-09-15 09:32:00,18.53197,-70.01654,26.0,on,68.9
R03014,V04,2026-09-15 09:34:00,18.53304,-70.01435,0,on,68.9
R03014,V04,2026-09-15 09:36:00,18.53137,-70.01158,48.0,on,68.8
R03014,V04,2026-09-15 09:38:00,18.53265,-70.01064,16.0,on,68.7
R03014,V04,2026-09-15 09:40:00,18.53313,-70.00967,36.0,on,68.7
R03014,V04,2026-09-15 09:42:00,18.53117,-70.01001,15.0,on,68.6
R03014,V04,2026-09-15 09:44:00,18.5324,-70.00713,0,on,68.5
R03014,V04,2026-09-15 09:46:00,18.52896,-70.00764,25.0,on,68.4
R03014,V04,2026-09-15 09:48:00,18.52807,-70.0059,29.0,on,68.4
R03014,V04,2026-09-15 09:50:00,18.52437,-70.00673,35.0,on,68.3
R03014,V04,2026-09-15 09:52:00,18.52153,-70.00386,37.0,on,68.2
R03014,V04,2026-09-15 09:54:00,18.51952,-70.00465,25.0,on,68.1
R03014,V04,2026-09-15 09:56:00,18.51972,-70.005,34.0,on,68.1
R03014,V04,2026-09-15 09:58:00,18.51602,-70.00647,51.0,on,68.0
R03014,V04,2026-09-15 10:00:00,18.51472,-70.00401,53.0,on,67.9
R03014,V04,2026-09-15 10:02:00,18.5115,-70.00752,45.0,on,67.8
R03014,V04,2026-09-15 10:04:00,18.50906,-70.00648,55.0,on,67.8
R03014,V04,2026-09-15 10:06:00,18.50777,-70.00444,17.0,on,67.7
R03014,V04,2026-09-15 10:08:00,18.50449,-70.00678,25.0,on,67.6
R03014,V04,2026-09-15 10:10:00,18.50052,-70.00739,0,on,67.5
R03014,V04,2026-09-15 10:12:00,18.49985,-70.00926,0,on,67.5
R03014,V04,2026-09-15 10:14:00,18.49804,-70.01172,51.0,on,67.4
R03014,V04,2026-09-15 10:16:00,18.49733,-70.01204,0,on,67.3
R03014,V04,2026-09-15 10:18:00,18.49472,-70.01468,16.0,on,67.2
R03014,V04,2026-09-15 10:20:00,18.49466,-70.01471,25.0,on,67.2
R03014,V04,2026-09-15 10:22:00,18.49475,-70.01563,30.0,on,67.1
R03014,V04,2026-09-15 10:24:00,18.4938,-70.01703,27.0,on,67.0
R03014,V04,2026-09-15 10:26:00,18.4943,-70.01749,42.0,on,66.9
R03014,V04,2026-09-15 10:28:00,18.49232,-70.01887,21.0,on,66.9
R03014,V04,2026-09-15 10:30:00,18.49349,-70.02174,0,on,66.8
R03014,V04,2026-09-15 10:32:00,18.49515,-70.02266,32.0,on,66.7
R03014,V04,2026-09-15 10:34:00,18.49435,-70.02646,40.0,on,66.6
R03014,V04,2026-09-15 10:36:00,18.4986,-70.0282,16.0,on,66.6
R03014,V04,2026-09-15 10:38:00,18.49882,-70.02754,0,on,66.5
R03014,V04,2026-09-15 10:40:00,18.50016,-70.03286,33.0,on,66.4
R03014,V04,2026-09-15 10:42:00,18.49985,-70.03166,15.0,on,66.3
R03014,V04,2026-09-15 10:44:00,18.50343,-70.03463,46.0,on,66.3
R03014,V04,2026-09-15 10:46:00,18.50903,-70.03513,19.0,on,66.2
R03014,V04,2026-09-15 10:48:00,18.50851,-70.03335,14.0,on,66.1
R03014,V04,2026-09-15 10:50:00,18.51059,-70.03674,13.0,on,66.0
R03014,V04,2026-09-15 10:52:00,18.51477,-70.03679,0,on,66.0
R03014,V04,2026-09-15 10:54:00,18.5152,-70.03949,0,on,65.9
R03014,V04,2026-09-15 10:56:00,18.51847,-70.04183,18.0,on,65.8
R03014,V04,2026-09-15 10:58:00,18.5193,-70.04427,24.0,on,65.7
R03014,V04,2026-09-15 11:00:00,18.52457,-70.04316,40.0,on,65.7
R03014,V04,2026-09-15 11:02:00,18.52371,-70.0456,41.0,on,65.6
R03014,V04,2026-09-15 11:04:00,18.52831,-70.04394,49.0,on,65.5
R03014,V04,2026-09-15 11:06:00,18.52936,-70.04462,46.0,on,65.4
R03014,V04,2026-09-15 11:08:00,18.53086,-70.04363,0,on,65.4
R03014,V04,2026-09-15 11:10:00,18.53031,-70.04374,0,on,65.3
R03014,V04,2026-09-15 11:12:00,18.53262,-70.04495,38.0,on,65.2
R03014,V04,2026-09-15 11:14:00,18.53366,-70.04546,24.0,on,65.1
R03014,V04,2026-09-15 11:16:00,18.53462,-70.04666,0,on,65.1
R03014,V04,2026-09-15 11:18:00,18.53248,-70.04533,26.0,on,65.0
R03014,V04,2026-09-15 11:20:00,18.53252,-70.04388,17.0,on,64.9
R03014,V04,2026-09-15 11:22:00,18.53203,-70.04179,39.0,on,64.8
R03014,V04,2026-09-15 11:24:00,18.53044,-70.04159,22.0,on,64.8
R03014,V04,2026-09-15 11:26:00,18.5288,-70.04083,24.0,on,64.7
R03014,V04,2026-09-15 11:28:00,18.52876,-70.03924,52.0,on,64.6
R03014,V04,2026-09-15 11:30:00,18.52753,-70.0384,30.0,on,64.5
R03014,V04,2026-09-15 11:32:00,18.5247,-70.03641,45.0,on,64.5
R03014,V04,2026-09-15 11:34:00,18.52146,-70.03446,36.0,on,64.4
R03014,V04,2026-09-15 11:36:00,18.5182,-70.03481,22.0,on,64.3
R03014,V04,2026-09-15 11:38:00,18.51756,-70.03151,36.0,on,64.2
R03014,V04,2026-09-15 11:40:00,18.51491,-70.03028,41.0,on,64.2
R03014,V04,2026-09-15 11:42:00,18.51321,-70.02972,0,on,64.1
R03014,V04,2026-09-15 11:44:00,18.5098,-70.02704,44.0,on,64.0
R03014,V04,2026-09-15 11:46:00,18.50772,-70.02733,46.0,on,63.9
R03014,V04,2026-09-15 11:48:00,18.50643,-70.023,26.0,on,63.9
R03014,V04,2026-09-15 11:50:00,18.50225,-70.02174,37.0,on,63.8
R03014,V04,2026-09-15 11:52:00,18.49972,-70.0211,49.0,on,63.7
R03014,V04,2026-09-15 11:54:00,18.49843,-70.02011,12.0,on,63.6
R03014,V04,2026-09-15 11:56:00,18.49573,-70.01603,53.0,on,63.6
R03014,V04,2026-09-15 11:58:00,18.49576,-70.01553,0,on,63.5
R03014,V04,2026-09-15 12:00:00,18.49548,-70.01424,0,on,63.4
R03014,V04,2026-09-15 12:02:00,18.49446,-70.01283,55.0,on,63.4
R03014,V04,2026-09-15 12:04:00,18.49233,-70.01071,32.0,on,63.3
R03014,V04,2026-09-15 12:06:00,18.49458,-70.00997,0,on,63.2
R03014,V04,2026-09-15 12:08:00,18.49253,-70.00815,27.0,on,63.1
R03014,V04,2026-09-15 12:10:00,18.49496,-70.00982,51.0,on,63.1
R03014,V04,2026-09-15 12:12:00,18.49254,-70.00611,48.0,on,63.0
R03014,V04,2026-09-15 12:14:00,18.49642,-70.008,45.0,on,62.9
R03014,V04,2026-09-15 12:16:00,18.49462,-70.00807,32.0,on,62.8
R03014,V04,2026-09-15 12:18:00,18.49863,-70.00638,47.0,on,62.8
R03014,V04,2026-09-15 12:20:00,18.50178,-70.00728,16.0,on,62.7
R03014,V04,2026-09-15 12:22:00,18.5019,-70.00578,32.0,on,62.6
R03014,V04,2026-09-15 12:24:00,18.50163,-70.00671,37.0,on,62.5
R03014,V04,2026-09-15 12:26:00,18.507,-70.00534,51.0,on,62.5
R03014,V04,2026-09-15 12:28:00,18.50753,-70.00556,0,on,62.4
R03014,V04,2026-09-15 12:30:00,18.51145,-70.00373,15.0,on,62.3
R03014,V04,2026-09-15 12:32:00,18.51447,-70.00644,14.0,on,62.2
R03014,V04,2026-09-15 12:34:00,18.51533,-70.00468,36.0,on,62.2
R03023,V15,2026-09-15 07:33:00,18.41459,-70.01149,48.0,on,90.9
R03023,V15,2026-09-15 07:35:00,18.41884,-70.01491,43.0,on,90.8
R03023,V15,2026-09-15 07:37:00,18.42273,-70.01258,0,on,90.7
R03023,V15,2026-09-15 07:39:00,18.42517,-70.01446,34.0,on,90.7
R03023,V15,2026-09-15 07:41:00,18.42497,-70.01437,33.0,on,90.6
R03023,V15,2026-09-15 07:43:00,18.42833,-70.01503,14.0,on,90.5
R03023,V15,2026-09-15 07:45:00,18.42979,-70.01605,30.0,on,90.4
R03023,V15,2026-09-15 07:47:00,18.43093,-70.01576,16.0,on,90.3
R03023,V15,2026-09-15 07:49:00,18.4313,-70.01756,31.0,on,90.3
R03023,V15,2026-09-15 07:51:00,18.43371,-70.01732,48.0,on,90.2
R03023,V15,2026-09-15 07:53:00,18.43404,-70.02021,30.0,on,90.1
R03023,V15,2026-09-15 07:55:00,18.43702,-70.02051,13.0,on,90.0
R03023,V15,2026-09-15 07:57:00,18.43587,-70.02127,30.0,on,89.9
R03023,V15,2026-09-15 07:59:00,18.43659,-70.02238,30.0,on,89.8
R03023,V15,2026-09-15 08:01:00,18.43541,-70.02514,16.0,on,89.8
R03023,V15,2026-09-15 08:03:00,18.43541,-70.02426,20.0,on,89.7
R03023,V15,2026-09-15 08:05:00,18.43687,-70.02738,49.0,on,89.6
R03023,V15,2026-09-15 08:07:00,18.43633,-70.02726,49.0,on,89.5
R03023,V15,2026-09-15 08:09:00,18.43359,-70.03126,25.0,on,89.4
R03023,V15,2026-09-15 08:11:00,18.43167,-70.03368,27.0,on,89.4
R03023,V15,2026-09-15 08:13:00,18.4319,-70.03398,0,on,89.3
R03023,V15,2026-09-15 08:15:00,18.43012,-70.03482,21.0,on,89.2
R03023,V15,2026-09-15 08:17:00,18.42842,-70.03703,32.0,on,89.1
R03023,V15,2026-09-15 08:19:00,18.42564,-70.03831,40.0,on,89.0
R03023,V15,2026-09-15 08:21:00,18.42462,-70.04054,41.0,on,88.9
R03023,V15,2026-09-15 08:23:00,18.42233,-70.04123,54.0,on,88.9
R03023,V15,2026-09-15 08:25:00,18.41912,-70.04018,42.0,on,88.8
R03023,V15,2026-09-15 08:27:00,18.41585,-70.04269,23.0,on,88.7
R03023,V15,2026-09-15 08:29:00,18.41467,-70.04601,52.0,on,88.6
R03023,V15,2026-09-15 08:31:00,18.41272,-70.04647,33.0,on,88.5
R03023,V15,2026-09-15 08:33:00,18.4088,-70.04523,38.0,on,88.5
R03023,V15,2026-09-15 08:35:00,18.40757,-70.04935,16.0,on,88.4
R03023,V15,2026-09-15 08:37:00,18.40536,-70.04997,14.0,on,88.3
R03023,V15,2026-09-15 08:39:00,18.40406,-70.05035,43.0,on,88.2
R03023,V15,2026-09-15 08:41:00,18.40237,-70.04967,31.0,on,88.1
R03023,V15,2026-09-15 08:43:00,18.40069,-70.05115,20.0,on,88.1
R03023,V15,2026-09-15 08:45:00,18.4005,-70.05126,52.0,on,88.0
R03023,V15,2026-09-15 08:47:00,18.39922,-70.0516,42.0,on,87.9
R03023,V15,2026-09-15 08:49:00,18.39833,-70.05235,40.0,on,87.8
R03023,V15,2026-09-15 08:51:00,18.39575,-70.05287,40.0,on,87.7
R03023,V15,2026-09-15 08:53:00,18.39716,-70.05389,49.0,on,87.6
R03023,V15,2026-09-15 08:55:00,18.39744,-70.05449,38.0,on,87.6
R03023,V15,2026-09-15 08:57:00,18.39745,-70.05335,0,on,87.5
R03023,V15,2026-09-15 08:59:00,18.3964,-70.05217,44.0,on,87.4
R03023,V15,2026-09-15 09:01:00,18.39743,-70.05143,15.0,on,87.3
R03023,V15,2026-09-15 09:03:00,18.39948,-70.0524,50.0,on,87.2
R03023,V15,2026-09-15 09:05:00,18.39962,-70.04882,23.0,on,87.2
R03023,V15,2026-09-15 09:07:00,18.40006,-70.04839,13.0,on,87.1
R03023,V15,2026-09-15 09:09:00,18.40323,-70.04759,12.0,on,87.0
R03023,V15,2026-09-15 09:11:00,18.40618,-70.04653,0,on,86.9
R03023,V15,2026-09-15 09:13:00,18.40826,-70.04732,42.0,on,86.8
R03023,V15,2026-09-15 09:15:00,18.40915,-70.04532,31.0,on,86.8
R03023,V15,2026-09-15 09:17:00,18.41199,-70.04527,21.0,on,86.7
R03023,V15,2026-09-15 09:19:00,18.4141,-70.0436,0,on,86.6
R03023,V15,2026-09-15 09:21:00,18.41612,-70.04137,0,on,86.5
R03023,V15,2026-09-15 09:23:00,18.41713,-70.04049,17.0,on,86.4
R03023,V15,2026-09-15 09:25:00,18.42068,-70.03964,33.0,on,86.3
R03023,V15,2026-09-15 09:27:00,18.42257,-70.03549,23.0,on,86.3
R03023,V15,2026-09-15 09:29:00,18.42601,-70.0359,49.0,on,86.2
R03023,V15,2026-09-15 09:31:00,18.42679,-70.03472,29.0,on,86.1
R03023,V15,2026-09-15 09:33:00,18.42762,-70.03274,47.0,on,86.0
R03023,V15,2026-09-15 09:35:00,18.43121,-70.0299,0,on,85.9
R03023,V15,2026-09-15 09:37:00,18.4336,-70.02964,39.0,on,85.9
R03023,V15,2026-09-15 09:39:00,18.43384,-70.02784,41.0,on,85.8
R03023,V15,2026-09-15 09:41:00,18.43562,-70.02547,0,on,85.7
R03023,V15,2026-09-15 09:43:00,18.43427,-70.0241,0,on,85.6
R03023,V15,2026-09-15 09:45:00,18.43741,-70.02247,48.0,on,85.5
R03023,V15,2026-09-15 09:47:00,18.43567,-70.02322,0,on,85.4
R03023,V15,2026-09-15 09:49:00,18.4361,-70.02209,14.0,on,85.4
R03023,V15,2026-09-15 09:51:00,18.43747,-70.01996,37.0,on,85.3
R03023,V15,2026-09-15 09:53:00,18.43605,-70.01802,31.0,on,85.2
R03023,V15,2026-09-15 09:55:00,18.43338,-70.01658,38.0,on,85.1
R03023,V15,2026-09-15 09:57:00,18.4337,-70.0176,0,on,85.0
R03023,V15,2026-09-15 09:59:00,18.43242,-70.0163,47.0,on,85.0
R03023,V15,2026-09-15 10:01:00,18.43301,-70.01639,25.0,on,84.9
R03023,V15,2026-09-15 10:03:00,18.43124,-70.01368,43.0,on,84.8
R03023,V15,2026-09-15 10:05:00,18.42535,-70.01684,17.0,on,84.7
R03023,V15,2026-09-15 10:07:00,18.42614,-70.01418,22.0,on,84.6
R03023,V15,2026-09-15 10:09:00,18.42485,-70.01201,29.0,on,84.6
R03023,V15,2026-09-15 10:11:00,18.42206,-70.01574,29.0,on,84.5
R03023,V15,2026-09-15 10:13:00,18.41891,-70.01624,20.0,on,84.4
R03023,V15,2026-09-15 10:15:00,18.41755,-70.01513,35.0,on,84.3
R03023,V15,2026-09-15 10:17:00,18.41492,-70.0116,33.0,on,84.2
R03023,V15,2026-09-15 10:19:00,18.41375,-70.01559,15.0,on,84.1
R03023,V15,2026-09-15 10:21:00,18.41008,-70.01563,0,on,84.1
R03023,V15,2026-09-15 10:23:00,18.40987,-70.01484,15.0,on,84.0
R03023,V15,2026-09-15 10:25:00,18.40808,-70.01546,45.0,on,83.9
R03023,V15,2026-09-15 10:27:00,18.40442,-70.01784,41.0,on,83.8
R03023,V15,2026-09-15 10:29:00,18.4023,-70.01672,32.0,on,83.7
R03023,V15,2026-09-15 10:31:00,18.40226,-70.01802,39.0,on,83.7
R03023,V15,2026-09-15 10:33:00,18.40014,-70.01948,45.0,on,83.6
R03023,V15,2026-09-15 10:35:00,18.39892,-70.01973,0,on,83.5
R03023,V15,2026-09-15 10:37:00,18.39787,-70.02325,0,on,83.4
R03023,V15,2026-09-15 10:39:00,18.3966,-70.0249,0,on,83.3
R03023,V15,2026-09-15 10:41:00,18.39491,-70.02168,35.0,on,83.2
R03023,V15,2026-09-15 10:43:00,18.39564,-70.02612,52.0,on,83.2
R03023,V15,2026-09-15 10:45:00,18.39761,-70.02757,27.0,on,83.1
R03023,V15,2026-09-15 10:47:00,18.39662,-70.03009,41.0,on,83.0
R03023,V15,2026-09-15 10:49:00,18.39871,-70.03008,43.0,on,82.9
R03023,V15,2026-09-15 10:51:00,18.3993,-70.0325,49.0,on,82.8
R03023,V15,2026-09-15 10:53:00,18.39988,-70.0336,0,on,82.8
R03023,V15,2026-09-15 10:55:00,18.40107,-70.03744,16.0,on,82.7
R03023,V15,2026-09-15 10:57:00,18.40285,-70.03815,16.0,on,82.6
R03023,V15,2026-09-15 10:59:00,18.40507,-70.03893,17.0,on,82.5
R03023,V15,2026-09-15 11:01:00,18.40623,-70.04013,0,on,82.4
R03023,V15,2026-09-15 11:03:00,18.40938,-70.03999,28.0,on,82.4
R03023,V15,2026-09-15 11:05:00,18.4097,-70.04354,47.0,on,82.3
R03023,V15,2026-09-15 11:07:00,18.41344,-70.04409,34.0,on,82.2
R03023,V15,2026-09-15 11:09:00,18.41609,-70.04708,37.0,on,82.1
R03023,V15,2026-09-15 11:11:00,18.41832,-70.04677,37.0,on,82.0
R03023,V15,2026-09-15 11:13:00,18.421,-70.04867,51.0,on,81.9
R03023,V15,2026-09-15 11:15:00,18.42176,-70.04883,38.0,on,81.9
R03023,V15,2026-09-15 11:17:00,18.42309,-70.04985,47.0,on,81.8
R03023,V15,2026-09-15 11:19:00,18.42693,-70.05172,44.0,on,81.7
R03023,V15,2026-09-15 11:21:00,18.42716,-70.05196,30.0,on,81.6
R03023,V15,2026-09-15 11:23:00,18.43086,-70.05214,38.0,on,81.5
R03023,V15,2026-09-15 11:25:00,18.43191,-70.05386,34.0,on,81.5
R03023,V15,2026-09-15 11:27:00,18.43355,-70.05302,50.0,on,81.4
R03023,V15,2026-09-15 11:29:00,18.43426,-70.05244,24.0,on,81.3
R03023,V15,2026-09-15 11:31:00,18.43374,-70.05377,49.0,on,81.2
R03023,V15,2026-09-15 11:33:00,18.4372,-70.05306,31.0,on,81.1
R03023,V15,2026-09-15 11:35:00,18.43898,-70.05261,44.0,on,81.1
R03023,V15,2026-09-15 11:37:00,18.43881,-70.05178,42.0,on,81.0
R03023,V15,2026-09-15 11:39:00,18.43657,-70.05291,0,on,80.9
R03023,V15,2026-09-15 11:41:00,18.43685,-70.05168,22.0,on,80.8
R03023,V15,2026-09-15 11:43:00,18.43412,-70.051,48.0,on,80.7
R03023,V15,2026-09-15 11:45:00,18.43496,-70.05232,12.0,on,80.6
R03023,V15,2026-09-15 11:47:00,18.43433,-70.04973,0,on,80.6
R03023,V15,2026-09-15 11:49:00,18.4321,-70.04913,29.0,on,80.5
R03023,V15,2026-09-15 11:51:00,18.43161,-70.0466,43.0,on,80.4
R03023,V15,2026-09-15 11:53:00,18.42956,-70.04478,33.0,on,80.3
R03023,V15,2026-09-15 11:55:00,18.42759,-70.04492,0,on,80.2
R03023,V15,2026-09-15 11:57:00,18.42437,-70.04583,36.0,on,80.2
R03023,V15,2026-09-15 11:59:00,18.42336,-70.04215,32.0,on,80.1
R03023,V15,2026-09-15 12:01:00,18.42106,-70.04148,47.0,on,80.0
R03023,V15,2026-09-15 12:03:00,18.41813,-70.03908,0,on,79.9
R03023,V15,2026-09-15 12:05:00,18.41584,-70.03877,53.0,on,79.8
R03023,V15,2026-09-15 12:07:00,18.41502,-70.03497,12.0,on,79.7
R03023,V15,2026-09-15 12:09:00,18.41265,-70.03452,47.0,on,79.7
R03023,V15,2026-09-15 12:11:00,18.4104,-70.03355,18.0,on,79.6
R03023,V15,2026-09-15 12:13:00,18.40671,-70.03241,53.0,on,79.5
R03023,V15,2026-09-15 12:15:00,18.40478,-70.0302,13.0,on,79.4
R03023,V15,2026-09-15 12:17:00,18.40399,-70.02924,34.0,on,79.3
R03023,V15,2026-09-15 12:19:00,18.40361,-70.02861,21.0,on,79.3
R03023,V15,2026-09-15 12:21:00,18.4004,-70.02346,15.0,on,79.2
R03023,V15,2026-09-15 12:23:00,18.4005,-70.02413,0,on,79.1
R03023,V15,2026-09-15 12:25:00,18.39869,-70.0221,20.0,on,79.0
R03023,V15,2026-09-15 12:27:00,18.39655,-70.02199,39.0,on,78.9
R03023,V15,2026-09-15 12:29:00,18.39826,-70.02106,12.0,on,78.9
R03023,V15,2026-09-15 12:31:00,18.39796,-70.01889,24.0,on,78.8
R03023,V15,2026-09-15 12:33:00,18.39417,-70.01778,0,on,78.7
R03023,V15,2026-09-15 12:35:00,18.39737,-70.01629,42.0,on,78.6
R03023,V15,2026-09-15 12:37:00,18.39819,-70.01712,31.0,on,78.5
R03023,V15,2026-09-15 12:39:00,18.39713,-70.0135,0,on,78.4
R03023,V15,2026-09-15 12:41:00,18.39985,-70.01525,13.0,on,78.4
R03023,V15,2026-09-15 12:43:00,18.40219,-70.01346,0,on,78.3
R03023,V15,2026-09-15 12:45:00,18.40171,-70.01308,50.0,on,78.2
R03023,V15,2026-09-15 12:47:00,18.40358,-70.01352,34.0,on,78.1
R03023,V15,2026-09-15 12:49:00,18.40477,-70.01333,0,on,78.0
R03023,V15,2026-09-15 12:51:00,18.40857,-70.01274,24.0,on,78.0
R03023,V15,2026-09-15 12:53:00,18.40845,-70.01423,23.0,on,77.9
R03023,V15,2026-09-15 12:55:00,18.4109,-70.01244,55.0,on,77.8
R03023,V15,2026-09-15 12:57:00,18.4152,-70.01396,50.0,on,77.7
R03023,V15,2026-09-15 12:59:00,18.41589,-70.01326,52.0,on,77.6
R03023,V15,2026-09-15 13:01:00,18.42101,-70.01507,14.0,on,77.6
R03024,V16,2026-09-15 07:38:00,18.45371,-69.58673,26.0,on,88.4
R03024,V16,2026-09-15 07:40:00,18.45527,-69.58608,47.0,on,88.3
R03024,V16,2026-09-15 07:42:00,18.45751,-69.58859,35.0,on,88.2
R03024,V16,2026-09-15 07:44:00,18.46208,-69.5888,0,on,88.1
R03024,V16,2026-09-15 07:46:00,18.46458,-69.58602,0,on,88.0
R03024,V16,2026-09-15 07:48:00,18.46556,-69.58901,53.0,on,87.9
R03024,V16,2026-09-15 07:50:00,18.46599,-69.59062,0,on,87.8
R03024,V16,2026-09-15 07:52:00,18.46847,-69.59115,0,on,87.7
R03024,V16,2026-09-15 07:54:00,18.46846,-69.58995,45.0,on,87.6
R03024,V16,2026-09-15 07:56:00,18.47284,-69.59174,16.0,on,87.6
R03024,V16,2026-09-15 07:58:00,18.4728,-69.59305,46.0,on,87.5
R03024,V16,2026-09-15 08:00:00,18.47432,-69.59409,29.0,on,87.4
R03024,V16,2026-09-15 08:02:00,18.47248,-69.59394,24.0,on,87.3
R03024,V16,2026-09-15 08:04:00,18.47367,-69.59628,17.0,on,87.2
R03024,V16,2026-09-15 08:06:00,18.47349,-69.59974,20.0,on,87.1
R03024,V16,2026-09-15 08:08:00,18.47299,-69.59913,44.0,on,87.0
R03024,V16,2026-09-15 08:10:00,18.47334,-69.60473,15.0,on,86.9
R03024,V16,2026-09-15 08:12:00,18.47202,-69.60485,42.0,on,86.8
R03024,V16,2026-09-15 08:14:00,18.46982,-69.60617,16.0,on,86.7
R03024,V16,2026-09-15 08:16:00,18.46842,-69.6083,39.0,on,86.6
R03024,V16,2026-09-15 08:18:00,18.46709,-69.60847,0,on,86.6
R03024,V16,2026-09-15 08:20:00,18.46604,-69.60909,0,on,86.5
R03024,V16,2026-09-15 08:22:00,18.4619,-69.61237,0,on,86.4
R03024,V16,2026-09-15 08:24:00,18.46001,-69.61411,14.0,on,86.3
R03024,V16,2026-09-15 08:26:00,18.45901,-69.61407,53.0,on,86.2
R03024,V16,2026-09-15 08:28:00,18.45666,-69.61525,44.0,on,86.1
R03024,V16,2026-09-15 08:30:00,18.45467,-69.61741,54.0,on,86.0
R03024,V16,2026-09-15 08:32:00,18.45081,-69.61728,30.0,on,85.9
R03024,V16,2026-09-15 08:34:00,18.45074,-69.61914,24.0,on,85.8
R03024,V16,2026-09-15 08:36:00,18.44619,-69.62154,54.0,on,85.7
R03024,V16,2026-09-15 08:38:00,18.44579,-69.62196,49.0,on,85.7
R03024,V16,2026-09-15 08:40:00,18.44368,-69.62434,25.0,on,85.6
R03024,V16,2026-09-15 08:42:00,18.44037,-69.62461,18.0,on,85.5
R03024,V16,2026-09-15 08:44:00,18.44095,-69.62533,24.0,on,85.4
R03024,V16,2026-09-15 08:46:00,18.43663,-69.62651,35.0,on,85.3
R03024,V16,2026-09-15 08:48:00,18.43813,-69.62714,16.0,on,85.2
R03024,V16,2026-09-15 08:50:00,18.43547,-69.62674,39.0,on,85.1
R03024,V16,2026-09-15 08:52:00,18.43284,-69.62646,0,on,85.0
R03024,V16,2026-09-15 08:54:00,18.43458,-69.62767,33.0,on,84.9
R03024,V16,2026-09-15 08:56:00,18.43395,-69.62674,19.0,on,84.8
R03024,V16,2026-09-15 08:58:00,18.43496,-69.62645,26.0,on,84.7
R03024,V16,2026-09-15 09:00:00,18.43603,-69.62698,31.0,on,84.7
R03024,V16,2026-09-15 09:02:00,18.43662,-69.62586,47.0,on,84.6
R03024,V16,2026-09-15 09:04:00,18.43642,-69.62644,39.0,on,84.5
R03024,V16,2026-09-15 09:06:00,18.43979,-69.6246,14.0,on,84.4
R03024,V16,2026-09-15 09:08:00,18.43949,-69.62322,0,on,84.3
R03024,V16,2026-09-15 09:10:00,18.43861,-69.62376,26.0,on,84.2
R03024,V16,2026-09-15 09:12:00,18.44344,-69.621,0,on,84.1
R03024,V16,2026-09-15 09:14:00,18.44525,-69.62116,0,on,84.0
R03024,V16,2026-09-15 09:16:00,18.44633,-69.61994,0,on,83.9
R03024,V16,2026-09-15 09:18:00,18.44963,-69.61815,41.0,on,83.8
R03024,V16,2026-09-15 09:20:00,18.45188,-69.61779,36.0,on,83.7
R03024,V16,2026-09-15 09:22:00,18.45386,-69.61523,19.0,on,83.7
R03024,V16,2026-09-15 09:24:00,18.45772,-69.61249,43.0,on,83.6
R03024,V16,2026-09-15 09:26:00,18.45771,-69.61197,0,on,83.5
R03024,V16,2026-09-15 09:28:00,18.46271,-69.60868,39.0,on,83.4
R03024,V16,2026-09-15 09:30:00,18.46353,-69.60816,14.0,on,83.3
R03024,V16,2026-09-15 09:32:00,18.46588,-69.60686,0,on,83.2
R03024,V16,2026-09-15 09:34:00,18.4687,-69.60542,0,on,83.1
R03024,V16,2026-09-15 09:36:00,18.46685,-69.60313,40.0,on,83.0
R03024,V16,2026-09-15 09:38:00,18.46892,-69.60064,18.0,on,82.9
R03024,V16,2026-09-15 09:40:00,18.47225,-69.60032,28.0,on,82.8
R03024,V16,2026-09-15 09:42:00,18.47297,-69.59863,36.0,on,82.8
R03024,V16,2026-09-15 09:44:00,18.47244,-69.59908,45.0,on,82.7
R03024,V16,2026-09-15 09:46:00,18.47245,-69.59563,0,on,82.6
R03024,V16,2026-09-15 09:48:00,18.47308,-69.59471,25.0,on,82.5
R03024,V16,2026-09-15 09:50:00,18.47486,-69.59229,23.0,on,82.4
R03024,V16,2026-09-15 09:52:00,18.47375,-69.59229,12.0,on,82.3
R03024,V16,2026-09-15 09:54:00,18.47311,-69.59211,46.0,on,82.2
R03024,V16,2026-09-15 09:56:00,18.47253,-69.58945,51.0,on,82.1
R03024,V16,2026-09-15 09:58:00,18.47049,-69.58906,14.0,on,82.0
R03024,V16,2026-09-15 10:00:00,18.468,-69.58821,0,on,81.9
R03024,V16,2026-09-15 10:02:00,18.46802,-69.58802,32.0,on,81.8
R03024,V16,2026-09-15 10:04:00,18.46545,-69.58717,0,on,81.8
R03024,V16,2026-09-15 10:06:00,18.46041,-69.58792,40.0,on,81.7
R03024,V16,2026-09-15 10:08:00,18.46204,-69.58849,49.0,on,81.6
R03024,V16,2026-09-15 10:10:00,18.45846,-69.58898,34.0,on,81.5
R03024,V16,2026-09-15 10:12:00,18.45594,-69.58895,0,on,81.4
R03024,V16,2026-09-15 10:14:00,18.45298,-69.5871,50.0,on,81.3
R03024,V16,2026-09-15 10:16:00,18.45064,-69.58763,54.0,on,81.2
R03024,V16,2026-09-15 10:18:00,18.44936,-69.58906,34.0,on,81.1
R03024,V16,2026-09-15 10:20:00,18.44697,-69.58739,33.0,on,81.0
R03024,V16,2026-09-15 10:22:00,18.44402,-69.58935,17.0,on,80.9
R03024,V16,2026-09-15 10:24:00,18.44303,-69.58797,25.0,on,80.8
R03024,V16,2026-09-15 10:26:00,18.44279,-69.59011,36.0,on,80.8
R03024,V16,2026-09-15 10:28:00,18.43856,-69.59101,25.0,on,80.7
R03024,V16,2026-09-15 10:30:00,18.4373,-69.59507,45.0,on,80.6
R03024,V16,2026-09-15 10:32:00,18.43588,-69.59553,36.0,on,80.5
R03024,V16,2026-09-15 10:34:00,18.43534,-69.59652,47.0,on,80.4
R03024,V16,2026-09-15 10:36:00,18.43504,-69.59744,0,on,80.3
R03024,V16,2026-09-15 10:38:00,18.43421,-69.60088,23.0,on,80.2
R03024,V16,2026-09-15 10:40:00,18.43435,-69.60023,0,on,80.1
R03024,V16,2026-09-15 10:42:00,18.43357,-69.60286,0,on,80.0
R03024,V16,2026-09-15 10:44:00,18.43333,-69.60526,22.0,on,79.9
R03024,V16,2026-09-15 10:46:00,18.43463,-69.60518,46.0,on,79.9
R03024,V16,2026-09-15 10:48:00,18.43706,-69.60623,50.0,on,79.8
R03024,V16,2026-09-15 10:50:00,18.43796,-69.6082,46.0,on,79.7
R03024,V16,2026-09-15 10:52:00,18.44073,-69.61144,0,on,79.6
R03024,V16,2026-09-15 10:54:00,18.44013,-69.61061,33.0,on,79.5
R03024,V16,2026-09-15 10:56:00,18.4397,-69.61199,0,on,79.4
R03024,V16,2026-09-15 10:58:00,18.44383,-69.61404,37.0,on,79.3
R03024,V16,2026-09-15 11:00:00,18.44704,-69.61506,45.0,on,79.2
R03024,V16,2026-09-15 11:02:00,18.45111,-69.61672,0,on,79.1
R03024,V16,2026-09-15 11:04:00,18.4527,-69.6196,27.0,on,79.0
R03024,V16,2026-09-15 11:06:00,18.45471,-69.62096,16.0,on,78.9
R03024,V16,2026-09-15 11:08:00,18.45732,-69.62056,31.0,on,78.9
R03024,V16,2026-09-15 11:10:00,18.45833,-69.62339,23.0,on,78.8
R03024,V16,2026-09-15 11:12:00,18.4615,-69.62398,40.0,on,78.7
R03024,V16,2026-09-15 11:14:00,18.46354,-69.62576,26.0,on,78.6
R03024,V16,2026-09-15 11:16:00,18.46386,-69.62376,27.0,on,78.5
R03024,V16,2026-09-15 11:18:00,18.46798,-69.62494,0,on,78.4
R03024,V16,2026-09-15 11:20:00,18.46886,-69.62554,0,on,78.3
R03024,V16,2026-09-15 11:22:00,18.46976,-69.62517,0,on,78.2
R03024,V16,2026-09-15 11:24:00,18.4732,-69.62741,36.0,on,78.1
R03024,V16,2026-09-15 11:26:00,18.47211,-69.62627,53.0,on,78.0
R03024,V16,2026-09-15 11:28:00,18.47514,-69.62703,50.0,on,77.9
R03024,V16,2026-09-15 11:30:00,18.47371,-69.62823,0,on,77.9
R03024,V16,2026-09-15 11:32:00,18.4752,-69.62719,40.0,on,77.8
R03024,V16,2026-09-15 11:34:00,18.47425,-69.62463,40.0,on,77.7
R03024,V16,2026-09-15 11:36:00,18.4737,-69.62506,43.0,on,77.6
R03024,V16,2026-09-15 11:38:00,18.47303,-69.62395,14.0,on,77.5
R03024,V16,2026-09-15 11:40:00,18.47259,-69.62191,0,on,77.4
R03024,V16,2026-09-15 11:42:00,18.46852,-69.62419,18.0,on,77.3
R03024,V16,2026-09-15 11:44:00,18.46839,-69.6245,30.0,on,77.2
R03024,V16,2026-09-15 11:46:00,18.4681,-69.61959,54.0,on,77.1
R03024,V16,2026-09-15 11:48:00,18.4655,-69.61946,23.0,on,77.0
R03024,V16,2026-09-15 11:50:00,18.46405,-69.61893,48.0,on,76.9
R03024,V16,2026-09-15 11:52:00,18.45959,-69.61671,28.0,on,76.9
R03024,V16,2026-09-15 11:54:00,18.45765,-69.61357,32.0,on,76.8
R03024,V16,2026-09-15 11:56:00,18.4568,-69.61331,18.0,on,76.7
R03024,V16,2026-09-15 11:58:00,18.45516,-69.61186,23.0,on,76.6
R03024,V16,2026-09-15 12:00:00,18.45233,-69.61091,0,on,76.5
R03024,V16,2026-09-15 12:02:00,18.44878,-69.60888,0,on,76.4
R03024,V16,2026-09-15 12:04:00,18.44608,-69.60612,52.0,on,76.3
R03024,V16,2026-09-15 12:06:00,18.44612,-69.60494,51.0,on,76.2
R03024,V16,2026-09-15 12:08:00,18.4414,-69.60374,37.0,on,76.1
R03024,V16,2026-09-15 12:10:00,18.44119,-69.60143,35.0,on,76.0
R03024,V16,2026-09-15 12:12:00,18.43759,-69.60202,38.0,on,76.0
R03024,V16,2026-09-15 12:14:00,18.43695,-69.60055,28.0,on,75.9
R03024,V16,2026-09-15 12:16:00,18.43477,-69.59766,38.0,on,75.8
R03024,V16,2026-09-15 12:18:00,18.43461,-69.59453,48.0,on,75.7
R03024,V16,2026-09-15 12:20:00,18.43462,-69.59401,39.0,on,75.6
R03024,V16,2026-09-15 12:22:00,18.43247,-69.59381,46.0,on,75.5
R03024,V16,2026-09-15 12:24:00,18.43463,-69.59212,42.0,on,75.4
R03024,V16,2026-09-15 12:26:00,18.43335,-69.59123,32.0,on,75.3
R03024,V16,2026-09-15 12:28:00,18.43382,-69.58974,25.0,on,75.2
R03024,V16,2026-09-15 12:30:00,18.43492,-69.58812,31.0,on,75.1
R03024,V16,2026-09-15 12:32:00,18.43574,-69.58728,32.0,on,75.0
R03024,V16,2026-09-15 12:34:00,18.43855,-69.58853,40.0,on,75.0
R03024,V16,2026-09-15 12:36:00,18.43799,-69.58538,45.0,on,74.9
R03024,V16,2026-09-15 12:38:00,18.44093,-69.58655,23.0,on,74.8
R03024,V16,2026-09-15 12:40:00,18.44364,-69.58716,54.0,on,74.7
R03024,V16,2026-09-15 12:42:00,18.44495,-69.59004,32.0,on,74.6
R03024,V16,2026-09-15 12:44:00,18.44499,-69.58745,17.0,on,74.5
R03024,V16,2026-09-15 12:46:00,18.44943,-69.58829,0,on,74.4
R03024,V16,2026-09-15 12:48:00,18.45052,-69.58836,38.0,on,74.3
R03024,V16,2026-09-15 12:50:00,18.4541,-69.58747,35.0,on,74.2
R03024,V16,2026-09-15 12:52:00,18.45556,-69.58638,47.0,on,74.1
R03025,V17,2026-09-15 07:38:00,18.45346,-69.58634,13.0,on,76.0
R03025,V17,2026-09-15 07:40:00,18.457,-69.58763,48.0,on,75.9
R03025,V17,2026-09-15 07:42:00,18.45743,-69.58887,39.0,on,75.8
R03025,V17,2026-09-15 07:44:00,18.46363,-69.5881,35.0,on,75.7
R03025,V17,2026-09-15 07:46:00,18.46189,-69.58933,14.0,on,75.6
R03025,V17,2026-09-15 07:48:00,18.46719,-69.58853,55.0,on,75.5
R03025,V17,2026-09-15 07:50:00,18.46637,-69.58802,17.0,on,75.4
R03025,V17,2026-09-15 07:52:00,18.46906,-69.58976,34.0,on,75.3
R03025,V17,2026-09-15 07:54:00,18.47113,-69.59245,30.0,on,75.3
R03025,V17,2026-09-15 07:56:00,18.47323,-69.5929,33.0,on,75.2
R03025,V17,2026-09-15 07:58:00,18.47359,-69.59525,40.0,on,75.1
R03025,V17,2026-09-15 08:00:00,18.47388,-69.59546,32.0,on,75.0
R03025,V17,2026-09-15 08:02:00,18.47393,-69.5978,27.0,on,74.9
R03025,V17,2026-09-15 08:04:00,18.4754,-69.59873,23.0,on,74.8
R03025,V17,2026-09-15 08:06:00,18.47458,-69.60198,43.0,on,74.7
R03025,V17,2026-09-15 08:08:00,18.47236,-69.60378,42.0,on,74.6
R03025,V17,2026-09-15 08:10:00,18.47118,-69.60429,55.0,on,74.6
R03025,V17,2026-09-15 08:12:00,18.47093,-69.6045,18.0,on,74.5
R03025,V17,2026-09-15 08:14:00,18.46839,-69.60902,0,on,74.4
R03025,V17,2026-09-15 08:16:00,18.46533,-69.60989,0,on,74.3
R03025,V17,2026-09-15 08:18:00,18.46535,-69.61076,26.0,on,74.2
R03025,V17,2026-09-15 08:20:00,18.46306,-69.61324,32.0,on,74.1
R03025,V17,2026-09-15 08:22:00,18.46018,-69.61447,0,on,74.0
R03025,V17,2026-09-15 08:24:00,18.45802,-69.61617,39.0,on,73.9
R03025,V17,2026-09-15 08:26:00,18.45246,-69.61716,18.0,on,73.9
R03025,V17,2026-09-15 08:28:00,18.4512,-69.62076,27.0,on,73.8
R03025,V17,2026-09-15 08:30:00,18.4486,-69.61964,39.0,on,73.7
R03025,V17,2026-09-15 08:32:00,18.44635,-69.62369,37.0,on,73.6
R03025,V17,2026-09-15 08:34:00,18.44491,-69.62423,0,on,73.5
R03025,V17,2026-09-15 08:36:00,18.4429,-69.62566,0,on,73.4
R03025,V17,2026-09-15 08:38:00,18.44139,-69.62345,43.0,on,73.3
R03025,V17,2026-09-15 08:40:00,18.43759,-69.62471,0,on,73.2
R03025,V17,2026-09-15 08:42:00,18.43649,-69.62707,12.0,on,73.1
R03025,V17,2026-09-15 08:44:00,18.43618,-69.62723,16.0,on,73.1
R03025,V17,2026-09-15 08:46:00,18.43646,-69.62704,49.0,on,73.0
R03025,V17,2026-09-15 08:48:00,18.43419,-69.62665,25.0,on,72.9
R03025,V17,2026-09-15 08:50:00,18.43443,-69.62627,33.0,on,72.8
R03025,V17,2026-09-15 08:52:00,18.43439,-69.62557,49.0,on,72.7
R03025,V17,2026-09-15 08:54:00,18.43476,-69.62471,49.0,on,72.6
R03025,V17,2026-09-15 08:56:00,18.43434,-69.62485,41.0,on,72.5
R03025,V17,2026-09-15 08:58:00,18.43705,-69.62353,50.0,on,72.4
R03025,V17,2026-09-15 09:00:00,18.43842,-69.62191,19.0,on,72.4
R03025,V17,2026-09-15 09:02:00,18.4397,-69.62287,15.0,on,72.3
R03025,V17,2026-09-15 09:04:00,18.44209,-69.62134,54.0,on,72.2
R03025,V17,2026-09-15 09:06:00,18.44415,-69.62107,23.0,on,72.1
R03025,V17,2026-09-15 09:08:00,18.4459,-69.62054,12.0,on,72.0
R03025,V17,2026-09-15 09:10:00,18.44906,-69.61652,21.0,on,71.9
R03025,V17,2026-09-15 09:12:00,18.45128,-69.61707,17.0,on,71.8
R03025,V17,2026-09-15 09:14:00,18.45523,-69.61541,28.0,on,71.7
R03025,V17,2026-09-15 09:16:00,18.45519,-69.61338,54.0,on,71.6
R03025,V17,2026-09-15 09:18:00,18.45947,-69.61289,51.0,on,71.6
R03025,V17,2026-09-15 09:20:00,18.46002,-69.61145,39.0,on,71.5
R03025,V17,2026-09-15 09:22:00,18.46351,-69.60878,26.0,on,71.4
R03025,V17,2026-09-15 09:24:00,18.46629,-69.60617,24.0,on,71.3
R03025,V17,2026-09-15 09:26:00,18.46952,-69.60383,30.0,on,71.2
R03025,V17,2026-09-15 09:28:00,18.47079,-69.60501,16.0,on,71.1
R03025,V17,2026-09-15 09:30:00,18.46934,-69.59952,19.0,on,71.0
R03025,V17,2026-09-15 09:32:00,18.47242,-69.60063,44.0,on,70.9
R03025,V17,2026-09-15 09:34:00,18.47323,-69.5986,25.0,on,70.9
R03025,V17,2026-09-15 09:36:00,18.47481,-69.59595,21.0,on,70.8
R03025,V17,2026-09-15 09:38:00,18.47451,-69.59664,49.0,on,70.7
R03025,V17,2026-09-15 09:40:00,18.47071,-69.59382,49.0,on,70.6
R03025,V17,2026-09-15 09:42:00,18.47311,-69.59183,13.0,on,70.5
R03025,V17,2026-09-15 09:44:00,18.4719,-69.59099,0,on,70.4
R03025,V17,2026-09-15 09:46:00,18.4705,-69.58966,25.0,on,70.3
R03025,V17,2026-09-15 09:48:00,18.46968,-69.59207,0,on,70.2
R03025,V17,2026-09-15 09:50:00,18.46915,-69.58708,25.0,on,70.2
R03025,V17,2026-09-15 09:52:00,18.46716,-69.58866,0,on,70.1
R03025,V17,2026-09-15 09:54:00,18.46241,-69.58556,19.0,on,70.0
R03025,V17,2026-09-15 09:56:00,18.46279,-69.58768,49.0,on,69.9
R03025,V17,2026-09-15 09:58:00,18.45821,-69.58592,15.0,on,69.8
R03025,V17,2026-09-15 10:00:00,18.45739,-69.58718,42.0,on,69.7
R03025,V17,2026-09-15 10:02:00,18.45255,-69.58808,0,on,69.6
R03025,V17,2026-09-15 10:04:00,18.45064,-69.58754,49.0,on,69.5
R03025,V17,2026-09-15 10:06:00,18.44972,-69.58756,0,on,69.4
R03025,V17,2026-09-15 10:08:00,18.44724,-69.58705,20.0,on,69.4
R03025,V17,2026-09-15 10:10:00,18.44395,-69.59064,50.0,on,69.3
R03025,V17,2026-09-15 10:12:00,18.44067,-69.59003,17.0,on,69.2
R03025,V17,2026-09-15 10:14:00,18.43881,-69.59152,0,on,69.1
R03025,V17,2026-09-15 10:16:00,18.4379,-69.59284,26.0,on,69.0
R03025,V17,2026-09-15 10:18:00,18.43626,-69.59309,16.0,on,68.9
R03025,V17,2026-09-15 10:20:00,18.43678,-69.59462,52.0,on,68.8
R03025,V17,2026-09-15 10:22:00,18.43516,-69.59719,0,on,68.7
R03025,V17,2026-09-15 10:24:00,18.43405,-69.59988,21.0,on,68.7
R03025,V17,2026-09-15 10:26:00,18.43535,-69.60238,20.0,on,68.6
R03025,V17,2026-09-15 10:28:00,18.43312,-69.60077,16.0,on,68.5
R03025,V17,2026-09-15 10:30:00,18.43425,-69.60324,22.0,on,68.4
R03025,V17,2026-09-15 10:32:00,18.43621,-69.60326,49.0,on,68.3
R03025,V17,2026-09-15 10:34:00,18.43541,-69.60489,45.0,on,68.2
R03025,V17,2026-09-15 10:36:00,18.43782,-69.61091,25.0,on,68.1
R03025,V17,2026-09-15 10:38:00,18.43935,-69.61023,48.0,on,68.0
R03025,V17,2026-09-15 10:40:00,18.44005,-69.61264,21.0,on,68.0
R03025,V17,2026-09-15 10:42:00,18.44338,-69.61337,49.0,on,67.9
R03025,V17,2026-09-15 10:44:00,18.44431,-69.61673,0,on,67.8
R03025,V17,2026-09-15 10:46:00,18.44915,-69.61662,0,on,67.7
R03025,V17,2026-09-15 10:48:00,18.45062,-69.61951,42.0,on,67.6
R03025,V17,2026-09-15 10:50:00,18.45327,-69.62059,32.0,on,67.5
R03025,V17,2026-09-15 10:52:00,18.45591,-69.623,30.0,on,67.4
R03025,V17,2026-09-15 10:54:00,18.45847,-69.62355,30.0,on,67.3
R03025,V17,2026-09-15 10:56:00,18.46272,-69.62378,30.0,on,67.2
R03025,V17,2026-09-15 10:58:00,18.46516,-69.62545,20.0,on,67.2
R03025,V17,2026-09-15 11:00:00,18.46681,-69.62544,16.0,on,67.1
R03025,V17,2026-09-15 11:02:00,18.46736,-69.62753,27.0,on,67.0
R03025,V17,2026-09-15 11:04:00,18.46964,-69.62645,15.0,on,66.9
R03025,V17,2026-09-15 11:06:00,18.47078,-69.62743,37.0,on,66.8
R03025,V17,2026-09-15 11:08:00,18.4716,-69.62906,24.0,on,66.7
R03025,V17,2026-09-15 11:10:00,18.47274,-69.62726,31.0,on,66.6
R03025,V17,2026-09-15 11:12:00,18.47381,-69.62599,18.0,on,66.5
R03025,V17,2026-09-15 11:14:00,18.47351,-69.62475,33.0,on,66.5
R03025,V17,2026-09-15 11:16:00,18.47478,-69.62543,14.0,on,66.4
R03025,V17,2026-09-15 11:18:00,18.47382,-69.62643,30.0,on,66.3
R03025,V17,2026-09-15 11:20:00,18.4734,-69.62476,0,on,66.2
R03025,V17,2026-09-15 11:22:00,18.47245,-69.62176,24.0,on,66.1
R03025,V17,2026-09-15 11:24:00,18.47027,-69.62214,0,on,66.0
R03025,V17,2026-09-15 11:26:00,18.46622,-69.62237,25.0,on,65.9
R03025,V17,2026-09-15 11:28:00,18.46593,-69.62044,24.0,on,65.8
R03025,V17,2026-09-15 11:30:00,18.46516,-69.61823,0,on,65.7
R03025,V17,2026-09-15 11:32:00,18.45978,-69.61643,26.0,on,65.7
R03025,V17,2026-09-15 11:34:00,18.46047,-69.61553,0,on,65.6
R03025,V17,2026-09-15 11:36:00,18.45842,-69.61405,0,on,65.5
R03025,V17,2026-09-15 11:38:00,18.45487,-69.61272,14.0,on,65.4
R03025,V17,2026-09-15 11:40:00,18.45264,-69.6102,38.0,on,65.3
R03025,V17,2026-09-15 11:42:00,18.44881,-69.60768,0,on,65.2
R03025,V17,2026-09-15 11:44:00,18.44668,-69.60597,26.0,on,65.1
R03025,V17,2026-09-15 11:46:00,18.44556,-69.60611,52.0,on,65.0
R03025,V17,2026-09-15 11:48:00,18.44176,-69.60414,54.0,on,65.0
R03025,V17,2026-09-15 11:50:00,18.44163,-69.60217,28.0,on,64.9
R03025,V17,2026-09-15 11:52:00,18.43851,-69.60152,13.0,on,64.8
R03025,V17,2026-09-15 11:54:00,18.43782,-69.59822,37.0,on,64.7
R03025,V17,2026-09-15 11:56:00,18.43705,-69.59818,14.0,on,64.6
R03025,V17,2026-09-15 11:58:00,18.43361,-69.59524,0,on,64.5
R03025,V17,2026-09-15 12:00:00,18.43522,-69.59428,50.0,on,64.4
R03025,V17,2026-09-15 12:02:00,18.43416,-69.59251,0,on,64.3
R03025,V17,2026-09-15 12:04:00,18.43389,-69.59084,49.0,on,64.3
R03025,V17,2026-09-15 12:06:00,18.4342,-69.59069,0,on,64.2
R03025,V17,2026-09-15 12:08:00,18.43531,-69.59045,25.0,on,64.1
R03025,V17,2026-09-15 12:10:00,18.43777,-69.5897,42.0,on,64.0
R03025,V17,2026-09-15 12:12:00,18.4362,-69.58832,40.0,on,63.9
R03025,V17,2026-09-15 12:14:00,18.44051,-69.58818,51.0,on,63.8
R03025,V17,2026-09-15 12:16:00,18.43959,-69.58574,16.0,on,63.7
R03025,V17,2026-09-15 12:18:00,18.4425,-69.58692,32.0,on,63.6
R03025,V17,2026-09-15 12:20:00,18.44552,-69.58701,27.0,on,63.5
R03025,V17,2026-09-15 12:22:00,18.44943,-69.58805,46.0,on,63.5
R03025,V17,2026-09-15 12:24:00,18.45093,-69.58761,0,on,63.4
R03025,V17,2026-09-15 12:26:00,18.4549,-69.58817,37.0,on,63.3
R03025,V17,2026-09-15 12:28:00,18.45649,-69.58545,51.0,on,63.2
R03026,V18,2026-09-15 07:40:00,18.4536,-69.58723,38.0,on,79.6
R03026,V18,2026-09-15 07:42:00,18.45692,-69.58703,34.0,on,79.5
R03026,V18,2026-09-15 07:44:00,18.45807,-69.58812,0,on,79.4
R03026,V18,2026-09-15 07:46:00,18.46125,-69.58885,33.0,on,79.3
R03026,V18,2026-09-15 07:48:00,18.46393,-69.58879,41.0,on,79.2
R03026,V18,2026-09-15 07:50:00,18.46479,-69.59027,25.0,on,79.1
R03026,V18,2026-09-15 07:52:00,18.46635,-69.59001,38.0,on,79.0
R03026,V18,2026-09-15 07:54:00,18.46771,-69.59104,13.0,on,78.9
R03026,V18,2026-09-15 07:56:00,18.46989,-69.59282,26.0,on,78.8
R03026,V18,2026-09-15 07:58:00,18.471,-69.59097,50.0,on,78.7
R03026,V18,2026-09-15 08:00:00,18.4716,-69.59443,54.0,on,78.7
R03026,V18,2026-09-15 08:02:00,18.47383,-69.5953,44.0,on,78.6
R03026,V18,2026-09-15 08:04:00,18.47522,-69.59643,0,on,78.5
R03026,V18,2026-09-15 08:06:00,18.47432,-69.59673,54.0,on,78.4
R03026,V18,2026-09-15 08:08:00,18.474,-69.5992,36.0,on,78.3
R03026,V18,2026-09-15 08:10:00,18.47371,-69.59966,0,on,78.2
R03026,V18,2026-09-15 08:12:00,18.47471,-69.60372,15.0,on,78.1
R03026,V18,2026-09-15 08:14:00,18.47135,-69.60338,0,on,78.0
R03026,V18,2026-09-15 08:16:00,18.47066,-69.60693,45.0,on,77.9
R03026,V18,2026-09-15 08:18:00,18.46925,-69.60733,49.0,on,77.8
R03026,V18,2026-09-15 08:20:00,18.46584,-69.6099,24.0,on,77.7
R03026,V18,2026-09-15 08:22:00,18.46515,-69.61033,49.0,on,77.6
R03026,V18,2026-09-15 08:24:00,18.46294,-69.61052,38.0,on,77.5
R03026,V18,2026-09-15 08:26:00,18.46126,-69.61355,17.0,on,77.4
R03026,V18,2026-09-15 08:28:00,18.46039,-69.61497,0,on,77.3
R03026,V18,2026-09-15 08:30:00,18.45597,-69.61595,19.0,on,77.2
R03026,V18,2026-09-15 08:32:00,18.45514,-69.61717,29.0,on,77.1
R03026,V18,2026-09-15 08:34:00,18.45038,-69.6183,27.0,on,77.0
R03026,V18,2026-09-15 08:36:00,18.44863,-69.622,42.0,on,77.0
R03026,V18,2026-09-15 08:38:00,18.44772,-69.61925,37.0,on,76.9
R03026,V18,2026-09-15 08:40:00,18.44892,-69.62147,15.0,on,76.8
R03026,V18,2026-09-15 08:42:00,18.44119,-69.62491,51.0,on,76.7
R03026,V18,2026-09-15 08:44:00,18.44129,-69.62388,0,on,76.6
R03026,V18,2026-09-15 08:46:00,18.44053,-69.62562,39.0,on,76.5
R03026,V18,2026-09-15 08:48:00,18.43768,-69.62536,23.0,on,76.4
R03026,V18,2026-09-15 08:50:00,18.43774,-69.62874,48.0,on,76.3
R03026,V18,2026-09-15 08:52:00,18.4356,-69.62548,0,on,76.2
R03026,V18,2026-09-15 08:54:00,18.43342,-69.62826,23.0,on,76.1
R03026,V18,2026-09-15 08:56:00,18.43369,-69.62838,47.0,on,76.0
R03026,V18,2026-09-15 08:58:00,18.43509,-69.62652,0,on,75.9
R03026,V18,2026-09-15 09:00:00,18.43495,-69.6274,14.0,on,75.8
R03026,V18,2026-09-15 09:02:00,18.43541,-69.62607,44.0,on,75.7
R03026,V18,2026-09-15 09:04:00,18.43453,-69.62525,27.0,on,75.6
R03026,V18,2026-09-15 09:06:00,18.43715,-69.62592,45.0,on,75.5
R03026,V18,2026-09-15 09:08:00,18.43577,-69.62611,54.0,on,75.4
R03026,V18,2026-09-15 09:10:00,18.44007,-69.62305,45.0,on,75.3
R03026,V18,2026-09-15 09:12:00,18.44067,-69.62307,40.0,on,75.3
R03026,V18,2026-09-15 09:14:00,18.44321,-69.62439,15.0,on,75.2
R03026,V18,2026-09-15 09:16:00,18.44628,-69.62031,42.0,on,75.1
R03026,V18,2026-09-15 09:18:00,18.44508,-69.62116,50.0,on,75.0
R03026,V18,2026-09-15 09:20:00,18.4481,-69.61764,45.0,on,74.9
R03026,V18,2026-09-15 09:22:00,18.45067,-69.6188,51.0,on,74.8
R03026,V18,2026-09-15 09:24:00,18.45454,-69.61491,25.0,on,74.7
R03026,V18,2026-09-15 09:26:00,18.4556,-69.61357,39.0,on,74.6
R03026,V18,2026-09-15 09:28:00,18.45596,-69.61189,16.0,on,74.5
R03026,V18,2026-09-15 09:30:00,18.46003,-69.613,35.0,on,74.4
R03026,V18,2026-09-15 09:32:00,18.46372,-69.60898,53.0,on,74.3
R03026,V18,2026-09-15 09:34:00,18.46441,-69.60873,13.0,on,74.2
R03026,V18,2026-09-15 09:36:00,18.46626,-69.60543,40.0,on,74.1
R03026,V18,2026-09-15 09:38:00,18.46922,-69.60214,0,on,74.0
R03026,V18,2026-09-15 09:40:00,18.46834,-69.60207,49.0,on,73.9
R03026,V18,2026-09-15 09:42:00,18.46991,-69.603,0,on,73.8
R03026,V18,2026-09-15 09:44:00,18.47249,-69.59858,34.0,on,73.7
R03026,V18,2026-09-15 09:46:00,18.47314,-69.59732,26.0,on,73.6
R03026,V18,2026-09-15 09:48:00,18.47378,-69.59712,28.0,on,73.5
R03026,V18,2026-09-15 09:50:00,18.47501,-69.5936,15.0,on,73.5
R03026,V18,2026-09-15 09:52:00,18.47504,-69.59531,45.0,on,73.4
R03026,V18,2026-09-15 09:54:00,18.47273,-69.59093,25.0,on,73.3
R03026,V18,2026-09-15 09:56:00,18.47306,-69.59175,34.0,on,73.2
R03026,V18,2026-09-15 09:58:00,18.47199,-69.59055,22.0,on,73.1
R03026,V18,2026-09-15 10:00:00,18.47157,-69.59066,19.0,on,73.0
R03026,V18,2026-09-15 10:02:00,18.46947,-69.59062,36.0,on,72.9
R03026,V18,2026-09-15 10:04:00,18.46943,-69.58845,21.0,on,72.8
R03026,V18,2026-09-15 10:06:00,18.46789,-69.58757,25.0,on,72.7
R03026,V18,2026-09-15 10:08:00,18.46508,-69.58718,53.0,on,72.6
R03026,V18,2026-09-15 10:10:00,18.46314,-69.58716,50.0,on,72.5
R03026,V18,2026-09-15 10:12:00,18.45909,-69.58743,44.0,on,72.4
R03026,V18,2026-09-15 10:14:00,18.45811,-69.5856,48.0,on,72.3
R03026,V18,2026-09-15 10:16:00,18.45609,-69.58807,43.0,on,72.2
R03026,V18,2026-09-15 10:18:00,18.45282,-69.59014,15.0,on,72.1
R03026,V18,2026-09-15 10:20:00,18.45394,-69.58744,29.0,on,72.0
R03026,V18,2026-09-15 10:22:00,18.44706,-69.5877,22.0,on,71.9
R03026,V18,2026-09-15 10:24:00,18.44685,-69.58938,55.0,on,71.8
R03026,V18,2026-09-15 10:26:00,18.44327,-69.58841,34.0,on,71.8
R03026,V18,2026-09-15 10:28:00,18.4432,-69.59073,0,on,71.7
R03026,V18,2026-09-15 10:30:00,18.44105,-69.59101,51.0,on,71.6
R03026,V18,2026-09-15 10:32:00,18.43812,-69.59309,30.0,on,71.5
R03026,V18,2026-09-15 10:34:00,18.43562,-69.59335,53.0,on,71.4
R03026,V18,2026-09-15 10:36:00,18.43554,-69.59562,43.0,on,71.3
R03026,V18,2026-09-15 10:38:00,18.43596,-69.59639,18.0,on,71.2
R03026,V18,2026-09-15 10:40:00,18.43521,-69.59819,52.0,on,71.1
R03026,V18,2026-09-15 10:42:00,18.43411,-69.59984,43.0,on,71.0
R03026,V18,2026-09-15 10:44:00,18.43481,-69.60029,28.0,on,70.9
R03026,V18,2026-09-15 10:46:00,18.43456,-69.60275,24.0,on,70.8
R03026,V18,2026-09-15 10:48:00,18.43571,-69.60464,16.0,on,70.7
R03026,V18,2026-09-15 10:50:00,18.43594,-69.60668,12.0,on,70.6
R03026,V18,2026-09-15 10:52:00,18.43781,-69.60831,0,on,70.5
R03026,V18,2026-09-15 10:54:00,18.43779,-69.60903,36.0,on,70.4
R03026,V18,2026-09-15 10:56:00,18.43925,-69.61191,50.0,on,70.3
R03026,V18,2026-09-15 10:58:00,18.44028,-69.61187,26.0,on,70.2
R03026,V18,2026-09-15 11:00:00,18.4445,-69.61297,49.0,on,70.1
R03026,V18,2026-09-15 11:02:00,18.44524,-69.61559,0,on,70.1
R03026,V18,2026-09-15 11:04:00,18.44638,-69.61573,32.0,on,70.0
R03026,V18,2026-09-15 11:06:00,18.44847,-69.61738,33.0,on,69.9
R03026,V18,2026-09-15 11:08:00,18.45146,-69.62153,54.0,on,69.8
R03026,V18,2026-09-15 11:10:00,18.45343,-69.62111,0,on,69.7
R03026,V18,2026-09-15 11:12:00,18.4549,-69.62329,37.0,on,69.6
R03026,V18,2026-09-15 11:14:00,18.45796,-69.62329,43.0,on,69.5
R03026,V18,2026-09-15 11:16:00,18.46088,-69.62295,0,on,69.4
R03026,V18,2026-09-15 11:18:00,18.46469,-69.62464,24.0,on,69.3
R03026,V18,2026-09-15 11:20:00,18.46623,-69.62558,18.0,on,69.2
R03026,V18,2026-09-15 11:22:00,18.46841,-69.62592,18.0,on,69.1
R03026,V18,2026-09-15 11:24:00,18.46989,-69.62532,14.0,on,69.0
R03026,V18,2026-09-15 11:26:00,18.47019,-69.62436,49.0,on,68.9
R03026,V18,2026-09-15 11:28:00,18.47322,-69.6257,23.0,on,68.8
R03026,V18,2026-09-15 11:30:00,18.47327,-69.62717,17.0,on,68.7
R03026,V18,2026-09-15 11:32:00,18.47493,-69.62528,48.0,on,68.6
R03026,V18,2026-09-15 11:34:00,18.47489,-69.62426,36.0,on,68.5
R03026,V18,2026-09-15 11:36:00,18.47343,-69.62685,0,on,68.4
R03026,V18,2026-09-15 11:38:00,18.47372,-69.6237,25.0,on,68.4
R03026,V18,2026-09-15 11:40:00,18.47267,-69.62426,22.0,on,68.3
R03026,V18,2026-09-15 11:42:00,18.47242,-69.62438,47.0,on,68.2
R03026,V18,2026-09-15 11:44:00,18.47199,-69.62352,14.0,on,68.1
R03026,V18,2026-09-15 11:46:00,18.46987,-69.6229,33.0,on,68.0
R03026,V18,2026-09-15 11:48:00,18.46761,-69.62081,44.0,on,67.9
R03026,V18,2026-09-15 11:50:00,18.46635,-69.62161,17.0,on,67.8
R03026,V18,2026-09-15 11:52:00,18.46423,-69.61915,15.0,on,67.7
R03026,V18,2026-09-15 11:54:00,18.46294,-69.61706,14.0,on,67.6
R03026,V18,2026-09-15 11:56:00,18.46247,-69.61649,53.0,on,67.5
R03026,V18,2026-09-15 11:58:00,18.45825,-69.6153,0,on,67.4
R03026,V18,2026-09-15 12:00:00,18.458,-69.61467,15.0,on,67.3
R03026,V18,2026-09-15 12:02:00,18.45523,-69.61152,0,on,67.2
R03026,V18,2026-09-15 12:04:00,18.45276,-69.60741,44.0,on,67.1
R03026,V18,2026-09-15 12:06:00,18.44813,-69.60934,13.0,on,67.0
R03026,V18,2026-09-15 12:08:00,18.44654,-69.6079,32.0,on,66.9
R03026,V18,2026-09-15 12:10:00,18.44524,-69.60376,0,on,66.8
R03026,V18,2026-09-15 12:12:00,18.44342,-69.60337,0,on,66.7
R03026,V18,2026-09-15 12:14:00,18.43868,-69.60214,48.0,on,66.7
R03026,V18,2026-09-15 12:16:00,18.43952,-69.60038,28.0,on,66.6
R03026,V18,2026-09-15 12:18:00,18.43725,-69.59888,34.0,on,66.5
R03026,V18,2026-09-15 12:20:00,18.43671,-69.59514,39.0,on,66.4
R03026,V18,2026-09-15 12:22:00,18.43451,-69.59716,0,on,66.3
R03026,V18,2026-09-15 12:24:00,18.43252,-69.59483,29.0,on,66.2
R03026,V18,2026-09-15 12:26:00,18.43358,-69.59271,0,on,66.1
R03026,V18,2026-09-15 12:28:00,18.43328,-69.59147,36.0,on,66.0
R03026,V18,2026-09-15 12:30:00,18.43649,-69.58979,45.0,on,65.9
R03026,V18,2026-09-15 12:32:00,18.43449,-69.59176,0,on,65.8
R03026,V18,2026-09-15 12:34:00,18.43669,-69.58881,43.0,on,65.7
R03026,V18,2026-09-15 12:36:00,18.43573,-69.58876,27.0,on,65.6
R03026,V18,2026-09-15 12:38:00,18.43851,-69.58908,35.0,on,65.5
R03026,V18,2026-09-15 12:40:00,18.43821,-69.58863,41.0,on,65.4
R03026,V18,2026-09-15 12:42:00,18.43999,-69.58604,0,on,65.3
R03026,V18,2026-09-15 12:44:00,18.44463,-69.58796,53.0,on,65.2
R03026,V18,2026-09-15 12:46:00,18.44547,-69.58672,37.0,on,65.1
R03026,V18,2026-09-15 12:48:00,18.44655,-69.58531,19.0,on,65.0
R03026,V18,2026-09-15 12:50:00,18.4503,-69.58657,0,on,65.0
R03026,V18,2026-09-15 12:52:00,18.45251,-69.5872,0,on,64.9
R03026,V18,2026-09-15 12:54:00,18.45358,-69.58769,16.0,on,64.8
R03026,V18,2026-09-15 12:56:00,18.45816,-69.58783,0,on,64.7
R03029,V21,2026-09-15 06:04:00,18.49693,-69.95127,63.0,on,79.9
R03029,V21,2026-09-15 06:06:00,18.49815,-69.95564,56.0,on,79.8
R03029,V21,2026-09-15 06:08:00,18.50673,-69.96165,19.0,on,79.7
R03029,V21,2026-09-15 06:10:00,18.51334,-69.97464,13.0,on,79.7
R03029,V21,2026-09-15 06:12:00,18.52153,-69.97485,83.0,on,79.6
R03029,V21,2026-09-15 06:14:00,18.52009,-69.97479,86.0,on,79.5
R03029,V21,2026-09-15 06:16:00,18.51631,-69.97594,37.0,on,79.4
R03029,V21,2026-09-15 06:18:00,18.52416,-69.98067,13.0,on,79.4
R03029,V21,2026-09-15 06:20:00,18.52901,-69.98801,50.0,on,79.3
R03029,V21,2026-09-15 06:22:00,18.53819,-69.98879,84.0,on,79.2
R03029,V21,2026-09-15 06:24:00,18.53735,-69.99522,0,on,79.1
R03029,V21,2026-09-15 06:26:00,18.53903,-70.00303,42.0,on,79.0
R03029,V21,2026-09-15 06:28:00,18.55162,-70.00199,13.0,on,79.0
R03029,V21,2026-09-15 06:30:00,18.55042,-70.00345,62.0,on,78.9
R03029,V21,2026-09-15 06:32:00,18.55647,-70.00807,33.0,on,78.8
R03029,V21,2026-09-15 06:34:00,18.56334,-70.01064,46.0,on,78.7
R03029,V21,2026-09-15 06:36:00,18.56814,-70.02486,0,on,78.6
R03029,V21,2026-09-15 06:38:00,18.57733,-70.01511,87.0,on,78.6
R03029,V21,2026-09-15 06:40:00,18.57637,-70.02396,79.0,on,78.5
R03029,V21,2026-09-15 06:42:00,18.57574,-70.02901,0,on,78.4
R03029,V21,2026-09-15 06:44:00,18.58551,-70.02941,35.0,on,78.3
R03029,V21,2026-09-15 06:46:00,18.59442,-70.03608,40.0,on,78.2
R03029,V21,2026-09-15 06:48:00,18.59043,-70.03743,44.0,on,78.2
R03029,V21,2026-09-15 06:50:00,18.59667,-70.03849,91.0,on,78.1
R03029,V21,2026-09-15 06:52:00,18.60302,-70.04607,56.0,on,78.0
R03029,V21,2026-09-15 06:54:00,18.60845,-70.04561,87.0,on,77.9
R03029,V21,2026-09-15 06:56:00,18.61682,-70.04759,70.0,on,77.9
R03029,V21,2026-09-15 06:58:00,18.61061,-70.05874,93.0,on,77.8
R03029,V21,2026-09-15 07:00:00,18.62414,-70.05451,0,on,77.7
R03029,V21,2026-09-15 07:02:00,18.62164,-70.05783,26.0,on,77.6
R03029,V21,2026-09-15 07:04:00,18.62775,-70.06064,0,on,77.5
R03029,V21,2026-09-15 07:06:00,18.63846,-70.07391,0,on,77.5
R03029,V21,2026-09-15 07:08:00,18.63858,-70.07374,27.0,on,77.4
R03029,V21,2026-09-15 07:10:00,18.63997,-70.07167,57.0,on,77.3
R03029,V21,2026-09-15 07:12:00,18.64684,-70.07582,79.0,on,77.2
R03029,V21,2026-09-15 07:14:00,18.65968,-70.08383,92.0,on,77.1
R03029,V21,2026-09-15 07:16:00,18.65348,-70.0845,48.0,on,77.1
R03029,V21,2026-09-15 07:18:00,18.65583,-70.088,37.0,on,77.0
R03029,V21,2026-09-15 07:20:00,18.66134,-70.09284,21.0,on,76.9
R03029,V21,2026-09-15 07:22:00,18.66844,-70.09394,46.0,on,76.8
R03029,V21,2026-09-15 07:24:00,18.68519,-70.09784,16.0,on,76.8
R03029,V21,2026-09-15 07:26:00,18.68006,-70.10034,31.0,on,76.7
R03029,V21,2026-09-15 07:28:00,18.67656,-70.10443,68.0,on,76.6
R03029,V21,2026-09-15 07:30:00,18.68613,-70.10499,70.0,on,76.5
R03029,V21,2026-09-15 07:32:00,18.68715,-70.11383,58.0,on,76.4
R03029,V21,2026-09-15 07:34:00,18.70009,-70.1191,30.0,on,76.4
R03029,V21,2026-09-15 07:36:00,18.70423,-70.11992,50.0,on,76.3
R03029,V21,2026-09-15 07:38:00,18.70222,-70.12406,0,on,76.2
R03029,V21,2026-09-15 07:40:00,18.71684,-70.12345,33.0,on,76.1
R03029,V21,2026-09-15 07:42:00,18.707,-70.1277,49.0,on,76.0
R03029,V21,2026-09-15 07:44:00,18.72497,-70.13976,0,on,76.0
R03029,V21,2026-09-15 07:46:00,18.71993,-70.13615,88.0,on,75.9
R03029,V21,2026-09-15 07:48:00,18.72381,-70.13561,0,on,75.8
R03029,V21,2026-09-15 07:50:00,18.72721,-70.14129,35.0,on,75.7
R03029,V21,2026-09-15 07:52:00,18.73873,-70.14577,51.0,on,75.6
R03029,V21,2026-09-15 07:54:00,18.73147,-70.15097,67.0,on,75.6
R03029,V21,2026-09-15 07:56:00,18.74702,-70.15725,0,on,75.5
R03029,V21,2026-09-15 07:58:00,18.74838,-70.1547,23.0,on,75.4
R03029,V21,2026-09-15 08:00:00,18.76357,-70.15351,17.0,on,75.3
R03029,V21,2026-09-15 08:02:00,18.76632,-70.16128,61.0,on,75.3
R03029,V21,2026-09-15 08:04:00,18.76576,-70.16562,29.0,on,75.2
R03029,V21,2026-09-15 08:06:00,18.76723,-70.17866,88.0,on,75.1
R03029,V21,2026-09-15 08:08:00,18.77631,-70.17466,37.0,on,75.0
R03029,V21,2026-09-15 08:10:00,18.76974,-70.17872,25.0,on,74.9
R03029,V21,2026-09-15 08:12:00,18.77494,-70.17352,67.0,on,74.9
R03029,V21,2026-09-15 08:14:00,18.78586,-70.18304,62.0,on,74.8
R03029,V21,2026-09-15 08:16:00,18.7954,-70.18655,16.0,on,74.7
R03029,V21,2026-09-15 08:18:00,18.79003,-70.18945,67.0,on,74.6
R03029,V21,2026-09-15 08:20:00,18.79982,-70.19812,69.0,on,74.5
R03029,V21,2026-09-15 08:22:00,18.80139,-70.19751,58.0,on,74.5
R03029,V21,2026-09-15 08:24:00,18.80936,-70.19922,45.0,on,74.4
R03029,V21,2026-09-15 08:26:00,18.81598,-70.20417,42.0,on,74.3
R03029,V21,2026-09-15 08:28:00,18.81719,-70.21739,14.0,on,74.2
R03029,V21,2026-09-15 08:30:00,18.82066,-70.20852,29.0,on,74.1
R03029,V21,2026-09-15 08:32:00,18.83078,-70.2191,64.0,on,74.1
R03029,V21,2026-09-15 08:34:00,18.82918,-70.22162,65.0,on,74.0
R03029,V21,2026-09-15 08:36:00,18.83391,-70.21848,37.0,on,73.9
R03029,V21,2026-09-15 08:38:00,18.83833,-70.22603,19.0,on,73.8
R03029,V21,2026-09-15 08:40:00,18.84036,-70.22795,73.0,on,73.8
R03029,V21,2026-09-15 08:42:00,18.84342,-70.22962,0,on,73.7
R03029,V21,2026-09-15 08:44:00,18.8567,-70.23777,64.0,on,73.6
R03029,V21,2026-09-15 08:46:00,18.85813,-70.23743,14.0,on,73.5
R03029,V21,2026-09-15 08:48:00,18.85824,-70.23997,64.0,on,73.4
R03029,V21,2026-09-15 08:50:00,18.8614,-70.24167,52.0,on,73.4
R03029,V21,2026-09-15 08:52:00,18.87507,-70.24934,78.0,on,73.3
R03029,V21,2026-09-15 08:54:00,18.86992,-70.25934,68.0,on,73.2
R03029,V21,2026-09-15 08:56:00,18.88579,-70.25321,0,on,73.1
R03029,V21,2026-09-15 08:58:00,18.88092,-70.25967,69.0,on,73.0
R03029,V21,2026-09-15 09:00:00,18.89026,-70.27058,0,on,73.0
R03029,V21,2026-09-15 09:02:00,18.89491,-70.25876,39.0,on,72.9
R03029,V21,2026-09-15 09:04:00,18.90202,-70.26977,34.0,on,72.8
R03029,V21,2026-09-15 09:06:00,18.90398,-70.27911,39.0,on,72.7
R03029,V21,2026-09-15 09:08:00,18.89565,-70.26894,76.0,on,72.7
R03029,V21,2026-09-15 09:10:00,18.90475,-70.27765,74.0,on,72.6
R03029,V21,2026-09-15 09:12:00,18.91528,-70.27792,20.0,on,72.5
R03029,V21,2026-09-15 09:14:00,18.92453,-70.29493,13.0,on,72.4
R03029,V21,2026-09-15 09:16:00,18.92471,-70.29301,0,on,72.3
R03029,V21,2026-09-15 09:18:00,18.92922,-70.30166,15.0,on,72.3
R03029,V21,2026-09-15 09:20:00,18.93271,-70.301,25.0,on,72.2
R03029,V21,2026-09-15 09:22:00,18.93565,-70.29475,36.0,on,72.1
R03029,V21,2026-09-15 09:24:00,18.93996,-70.31553,50.0,on,72.0
R03029,V21,2026-09-15 09:26:00,18.95335,-70.30786,22.0,on,71.9
R03029,V21,2026-09-15 09:28:00,18.94753,-70.31417,49.0,on,71.9
R03029,V21,2026-09-15 09:30:00,18.95756,-70.31578,35.0,on,71.8
R03029,V21,2026-09-15 09:32:00,18.96062,-70.31709,57.0,on,71.7
R03029,V21,2026-09-15 09:34:00,18.96324,-70.32377,70.0,on,71.6
R03029,V21,2026-09-15 09:36:00,18.9687,-70.32277,48.0,on,71.5
R03029,V21,2026-09-15 09:38:00,18.97588,-70.32552,87.0,on,71.5
R03029,V21,2026-09-15 09:40:00,18.97902,-70.33276,64.0,on,71.4
R03029,V21,2026-09-15 09:42:00,18.98693,-70.34185,33.0,on,71.3
R03029,V21,2026-09-15 09:44:00,18.98679,-70.33854,15.0,on,71.2
R03029,V21,2026-09-15 09:46:00,18.99521,-70.34139,71.0,on,71.2
R03029,V21,2026-09-15 09:48:00,18.99625,-70.35089,0,on,71.1
R03029,V21,2026-09-15 09:50:00,18.99949,-70.35203,76.0,on,71.0
R03029,V21,2026-09-15 09:52:00,18.99936,-70.36058,16.0,on,70.9
R03029,V21,2026-09-15 09:54:00,19.01053,-70.35279,51.0,on,70.8
R03029,V21,2026-09-15 09:56:00,19.01252,-70.36211,39.0,on,70.8
R03029,V21,2026-09-15 09:58:00,19.01601,-70.36819,65.0,on,70.7
R03029,V21,2026-09-15 10:00:00,19.02112,-70.36763,23.0,on,70.6
R03029,V21,2026-09-15 10:02:00,19.02707,-70.37331,66.0,on,70.5
R03029,V21,2026-09-15 10:04:00,19.03305,-70.37236,18.0,on,70.4
R03029,V21,2026-09-15 10:06:00,19.03534,-70.38031,45.0,on,70.4
R03029,V21,2026-09-15 10:08:00,19.03789,-70.38551,81.0,on,70.3
R03029,V21,2026-09-15 10:10:00,19.04196,-70.3824,93.0,on,70.2
R03029,V21,2026-09-15 10:12:00,19.04832,-70.38521,0,on,70.1
R03029,V21,2026-09-15 10:14:00,19.05244,-70.39299,24.0,on,70.1
R03029,V21,2026-09-15 10:16:00,19.06253,-70.39674,23.0,on,70.0
R03029,V21,2026-09-15 10:18:00,19.05444,-70.39645,42.0,on,69.9
R03029,V21,2026-09-15 10:20:00,19.07129,-70.40041,29.0,on,69.8
R03029,V21,2026-09-15 10:22:00,19.06334,-70.40446,0,on,69.7
R03029,V21,2026-09-15 10:24:00,19.07701,-70.39931,89.0,on,69.7
R03029,V21,2026-09-15 10:26:00,19.07986,-70.40506,86.0,on,69.6
R03029,V21,2026-09-15 10:28:00,19.09336,-70.4079,46.0,on,69.5
R03029,V21,2026-09-15 10:30:00,19.08904,-70.41884,33.0,on,69.4
R03029,V21,2026-09-15 10:32:00,19.09016,-70.42356,56.0,on,69.3
R03029,V21,2026-09-15 10:34:00,19.09949,-70.42235,92.0,on,69.3
R03029,V21,2026-09-15 10:36:00,19.10535,-70.42062,0,on,69.2
R03029,V21,2026-09-15 10:38:00,19.10805,-70.43406,84.0,on,69.1
R03029,V21,2026-09-15 10:40:00,19.11574,-70.42965,72.0,on,69.0
R03029,V21,2026-09-15 10:42:00,19.11557,-70.43908,66.0,on,68.9
R03029,V21,2026-09-15 10:44:00,19.11912,-70.44518,16.0,on,68.9
R03029,V21,2026-09-15 10:46:00,19.1228,-70.44458,70.0,on,68.8
R03029,V21,2026-09-15 10:48:00,19.1236,-70.44082,41.0,on,68.7
R03029,V21,2026-09-15 10:50:00,19.13891,-70.44994,32.0,on,68.6
R03029,V21,2026-09-15 10:52:00,19.13919,-70.45537,29.0,on,68.6
R03029,V21,2026-09-15 10:54:00,19.14187,-70.46354,83.0,on,68.5
R03029,V21,2026-09-15 10:56:00,19.14881,-70.45903,86.0,on,68.4
R03029,V21,2026-09-15 10:58:00,19.15167,-70.475,15.0,on,68.3
R03029,V21,2026-09-15 11:00:00,19.16011,-70.47023,79.0,on,68.2
R03029,V21,2026-09-15 11:02:00,19.16427,-70.47852,36.0,on,68.2
R03029,V21,2026-09-15 11:04:00,19.16707,-70.4689,17.0,on,68.1
R03029,V21,2026-09-15 11:06:00,19.16956,-70.4782,35.0,on,68.0
R03029,V21,2026-09-15 11:08:00,19.16437,-70.4898,0,on,67.9
R03029,V21,2026-09-15 11:10:00,19.17925,-70.48619,0,on,67.8
R03029,V21,2026-09-15 11:12:00,19.18617,-70.49412,33.0,on,67.8
R03029,V21,2026-09-15 11:14:00,19.19224,-70.49214,39.0,on,67.7
R03029,V21,2026-09-15 11:16:00,19.18435,-70.49544,49.0,on,67.6
R03029,V21,2026-09-15 11:18:00,19.1946,-70.50317,52.0,on,67.5
R03029,V21,2026-09-15 11:20:00,19.20314,-70.50093,35.0,on,67.4
R03029,V21,2026-09-15 11:22:00,19.20219,-70.50725,0,on,67.4
R03029,V21,2026-09-15 11:24:00,19.20882,-70.51045,23.0,on,67.3
R03029,V21,2026-09-15 11:26:00,19.21741,-70.51217,17.0,on,67.2
R03029,V21,2026-09-15 11:28:00,19.21931,-70.5209,0,on,67.1
R03029,V21,2026-09-15 11:30:00,19.22093,-70.53071,16.0,on,67.1
R03029,V21,2026-09-15 11:32:00,19.22959,-70.52361,34.0,on,67.0
R03029,V21,2026-09-15 11:34:00,19.23031,-70.53143,0,on,66.9
R03029,V21,2026-09-15 11:36:00,19.23925,-70.52266,0,on,66.8
R03029,V21,2026-09-15 11:38:00,19.24224,-70.52867,76.0,on,66.7
R03029,V21,2026-09-15 11:40:00,19.2475,-70.54348,39.0,on,66.7
R03029,V21,2026-09-15 11:42:00,19.24678,-70.53761,0,on,66.6
R03029,V21,2026-09-15 11:44:00,19.25533,-70.54207,31.0,on,66.5
R03029,V21,2026-09-15 11:46:00,19.26421,-70.5565,54.0,on,66.4
R03029,V21,2026-09-15 11:48:00,19.26612,-70.55653,61.0,on,66.3
R03029,V21,2026-09-15 11:50:00,19.27075,-70.55578,41.0,on,66.3
R03029,V21,2026-09-15 11:52:00,19.27209,-70.56393,15.0,on,66.2
R03029,V21,2026-09-15 11:54:00,19.27704,-70.56414,31.0,on,66.1
R03029,V21,2026-09-15 11:56:00,19.27249,-70.5598,46.0,on,66.0
R03029,V21,2026-09-15 11:58:00,19.28355,-70.56791,0,on,66.0
R03029,V21,2026-09-15 12:00:00,19.29352,-70.57332,0,on,65.9
R03029,V21,2026-09-15 12:02:00,19.29161,-70.57037,75.0,on,65.8
R03029,V21,2026-09-15 12:04:00,19.29836,-70.5725,47.0,on,65.7
R03029,V21,2026-09-15 12:06:00,19.303,-70.58078,90.0,on,65.6
R03029,V21,2026-09-15 12:08:00,19.3024,-70.58623,28.0,on,65.6
R03029,V21,2026-09-15 12:10:00,19.30406,-70.58584,57.0,on,65.5
R03029,V21,2026-09-15 12:12:00,19.31209,-70.58499,35.0,on,65.4
R03029,V21,2026-09-15 12:14:00,19.31839,-70.59656,55.0,on,65.3
R03029,V21,2026-09-15 12:16:00,19.32325,-70.59848,68.0,on,65.2
R03029,V21,2026-09-15 12:18:00,19.32765,-70.59688,67.0,on,65.2
R03029,V21,2026-09-15 12:20:00,19.33323,-70.60322,32.0,on,65.1
R03029,V21,2026-09-15 12:22:00,19.32984,-70.6099,0,on,65.0
R03029,V21,2026-09-15 12:24:00,19.34361,-70.6172,32.0,on,64.9
R03029,V21,2026-09-15 12:26:00,19.35017,-70.61865,25.0,on,64.8
R03029,V21,2026-09-15 12:28:00,19.34761,-70.61783,88.0,on,64.8
R03029,V21,2026-09-15 12:30:00,19.35109,-70.62158,17.0,on,64.7
R03029,V21,2026-09-15 12:32:00,19.3611,-70.62406,55.0,on,64.6
R03029,V21,2026-09-15 12:34:00,19.36345,-70.628,87.0,on,64.5
R03029,V21,2026-09-15 12:36:00,19.37013,-70.63068,61.0,on,64.5
R03029,V21,2026-09-15 12:38:00,19.37464,-70.63543,17.0,on,64.4
R03029,V21,2026-09-15 12:40:00,19.37404,-70.63724,35.0,on,64.3
R03029,V21,2026-09-15 12:42:00,19.37666,-70.64926,0,on,64.2
R03029,V21,2026-09-15 12:44:00,19.38814,-70.65005,0,on,64.1
R03029,V21,2026-09-15 12:46:00,19.39404,-70.64813,41.0,on,64.1
R03029,V21,2026-09-15 12:48:00,19.39207,-70.65607,67.0,on,64.0
R03029,V21,2026-09-15 12:50:00,19.40062,-70.65865,42.0,on,63.9
R03029,V21,2026-09-15 12:52:00,19.39649,-70.65974,0,on,63.8
R03029,V21,2026-09-15 12:54:00,19.41085,-70.66524,21.0,on,63.7
R03029,V21,2026-09-15 12:56:00,19.41543,-70.66342,12.0,on,63.7
R03029,V21,2026-09-15 12:58:00,19.42279,-70.67022,24.0,on,63.6
R03029,V21,2026-09-15 13:00:00,19.4249,-70.67433,49.0,on,63.5
R03029,V21,2026-09-15 13:02:00,19.43246,-70.67799,81.0,on,63.4
R03029,V21,2026-09-15 13:04:00,19.43237,-70.68962,25.0,on,63.4
R03029,V21,2026-09-15 13:06:00,19.44026,-70.67595,21.0,on,63.3
R03029,V21,2026-09-15 13:08:00,19.44511,-70.69008,24.0,on,63.2
R03029,V21,2026-09-15 13:10:00,19.45208,-70.68851,38.0,on,63.1
R03029,V21,2026-09-15 13:12:00,19.44907,-70.69257,0,on,63.0
R03029,V21,2026-09-15 13:14:00,19.45292,-70.68948,0,on,63.0
R03029,V21,2026-09-15 13:16:00,19.44426,-70.69185,22.0,on,62.9
R03029,V21,2026-09-15 13:18:00,19.43501,-70.69466,31.0,on,62.8
R03029,V21,2026-09-15 13:20:00,19.43573,-70.68537,0,on,62.7
R03029,V21,2026-09-15 13:22:00,19.43555,-70.67966,82.0,on,62.6
R03029,V21,2026-09-15 13:24:00,19.42519,-70.67711,0,on,62.6
R03029,V21,2026-09-15 13:26:00,19.4157,-70.67208,32.0,on,62.5
R03029,V21,2026-09-15 13:28:00,19.42008,-70.67547,0,on,62.4
R03029,V21,2026-09-15 13:30:00,19.41408,-70.66604,71.0,on,62.3
R03029,V21,2026-09-15 13:32:00,19.40882,-70.66493,0,on,62.2
R03029,V21,2026-09-15 13:34:00,19.40217,-70.6632,20.0,on,62.2
R03029,V21,2026-09-15 13:36:00,19.39505,-70.65774,34.0,on,62.1
R03029,V21,2026-09-15 13:38:00,19.38813,-70.65087,18.0,on,62.0
R03029,V21,2026-09-15 13:40:00,19.39294,-70.65512,74.0,on,61.9
R03029,V21,2026-09-15 13:42:00,19.38958,-70.65392,53.0,on,61.9
R03029,V21,2026-09-15 13:44:00,19.37054,-70.64776,0,on,61.8
R03029,V21,2026-09-15 13:46:00,19.37812,-70.63815,41.0,on,61.7
R03029,V21,2026-09-15 13:48:00,19.37151,-70.63623,49.0,on,61.6
R03029,V21,2026-09-15 13:50:00,19.36405,-70.62206,17.0,on,61.5
R03029,V21,2026-09-15 13:52:00,19.357,-70.62766,0,on,61.5
R03029,V21,2026-09-15 13:54:00,19.36108,-70.62618,15.0,on,61.4
R03029,V21,2026-09-15 13:56:00,19.35208,-70.62502,71.0,on,61.3
R03029,V21,2026-09-15 13:58:00,19.35449,-70.62245,59.0,on,61.2
R03029,V21,2026-09-15 14:00:00,19.34616,-70.62034,0,on,61.1
R03029,V21,2026-09-15 14:02:00,19.33634,-70.60952,0,on,61.1
R03029,V21,2026-09-15 14:04:00,19.33503,-70.60558,0,on,61.0
R03029,V21,2026-09-15 14:06:00,19.32933,-70.60345,25.0,on,60.9
R03029,V21,2026-09-15 14:08:00,19.32243,-70.6021,37.0,on,60.8
R03029,V21,2026-09-15 14:10:00,19.32263,-70.60579,76.0,on,60.7
R03029,V21,2026-09-15 14:12:00,19.31988,-70.59257,58.0,on,60.7
R03029,V21,2026-09-15 14:14:00,19.31742,-70.59572,82.0,on,60.6
R03029,V21,2026-09-15 14:16:00,19.30911,-70.59108,72.0,on,60.5
R03029,V21,2026-09-15 14:18:00,19.30729,-70.58596,0,on,60.4
R03029,V21,2026-09-15 14:20:00,19.30305,-70.58195,17.0,on,60.4
R03029,V21,2026-09-15 14:22:00,19.29154,-70.57498,66.0,on,60.3
R03029,V21,2026-09-15 14:24:00,19.2873,-70.57149,0,on,60.2
R03029,V21,2026-09-15 14:26:00,19.27718,-70.56734,29.0,on,60.1
R03029,V21,2026-09-15 14:28:00,19.28067,-70.56583,0,on,60.0
R03029,V21,2026-09-15 14:30:00,19.28261,-70.56641,0,on,60.0
R03029,V21,2026-09-15 14:32:00,19.28032,-70.56227,0,on,59.9
R03029,V21,2026-09-15 14:34:00,19.27314,-70.55299,26.0,on,59.8
R03029,V21,2026-09-15 14:36:00,19.26418,-70.55475,72.0,on,59.7
R03029,V21,2026-09-15 14:38:00,19.26723,-70.54781,0,on,59.6
R03029,V21,2026-09-15 14:40:00,19.26507,-70.54245,94.0,on,59.6
R03029,V21,2026-09-15 14:42:00,19.25105,-70.54373,81.0,on,59.5
R03029,V21,2026-09-15 14:44:00,19.24644,-70.5426,79.0,on,59.4
R03029,V21,2026-09-15 14:46:00,19.24284,-70.5334,65.0,on,59.3
R03029,V21,2026-09-15 14:48:00,19.23742,-70.52806,77.0,on,59.3
R03029,V21,2026-09-15 14:50:00,19.2327,-70.53314,58.0,on,59.2
R03029,V21,2026-09-15 14:52:00,19.2283,-70.52755,69.0,on,59.1
R03029,V21,2026-09-15 14:54:00,19.22768,-70.52191,14.0,on,59.0
R03029,V21,2026-09-15 14:56:00,19.21722,-70.5199,0,on,58.9
R03029,V21,2026-09-15 14:58:00,19.20743,-70.5203,39.0,on,58.9
R03029,V21,2026-09-15 15:00:00,19.20689,-70.51263,0,on,58.8
R03029,V21,2026-09-15 15:02:00,19.2071,-70.50761,91.0,on,58.7
R03029,V21,2026-09-15 15:04:00,19.20216,-70.497,12.0,on,58.6
R03029,V21,2026-09-15 15:06:00,19.19831,-70.49654,36.0,on,58.5
R03029,V21,2026-09-15 15:08:00,19.19319,-70.4922,77.0,on,58.5
R03029,V21,2026-09-15 15:10:00,19.19074,-70.49518,48.0,on,58.4
R03029,V21,2026-09-15 15:12:00,19.1907,-70.49477,0,on,58.3
R03029,V21,2026-09-15 15:14:00,19.18241,-70.48822,33.0,on,58.2
R03029,V21,2026-09-15 15:16:00,19.17982,-70.48846,48.0,on,58.1
R03029,V21,2026-09-15 15:18:00,19.16922,-70.47832,26.0,on,58.1
R03029,V21,2026-09-15 15:20:00,19.17482,-70.48011,36.0,on,58.0
R03029,V21,2026-09-15 15:22:00,19.15684,-70.47534,82.0,on,57.9
R03029,V21,2026-09-15 15:24:00,19.15977,-70.46908,0,on,57.8
R03029,V21,2026-09-15 15:26:00,19.14838,-70.47526,52.0,on,57.8
R03029,V21,2026-09-15 15:28:00,19.14486,-70.46539,58.0,on,57.7
R03029,V21,2026-09-15 15:30:00,19.14602,-70.46164,53.0,on,57.6
R03029,V21,2026-09-15 15:32:00,19.13746,-70.45668,14.0,on,57.5
R03029,V21,2026-09-15 15:34:00,19.13614,-70.45175,0,on,57.4
R03029,V21,2026-09-15 15:36:00,19.13905,-70.45355,74.0,on,57.4
R03029,V21,2026-09-15 15:38:00,19.12497,-70.44736,0,on,57.3
R03029,V21,2026-09-15 15:40:00,19.11883,-70.43751,48.0,on,57.2
R03029,V21,2026-09-15 15:42:00,19.11958,-70.43903,95.0,on,57.1
R03029,V21,2026-09-15 15:44:00,19.11485,-70.4356,66.0,on,57.0
R03029,V21,2026-09-15 15:46:00,19.11512,-70.43368,18.0,on,57.0
R03029,V21,2026-09-15 15:48:00,19.10474,-70.43379,53.0,on,56.9
R03029,V21,2026-09-15 15:50:00,19.09881,-70.42113,32.0,on,56.8
R03029,V21,2026-09-15 15:52:00,19.10771,-70.41794,0,on,56.7
R03029,V21,2026-09-15 15:54:00,19.09303,-70.42041,87.0,on,56.7
R03029,V21,2026-09-15 15:56:00,19.08882,-70.41796,81.0,on,56.6
R03029,V21,2026-09-15 15:58:00,19.08679,-70.4105,0,on,56.5
R03029,V21,2026-09-15 16:00:00,19.07555,-70.39707,0,on,56.4
R03029,V21,2026-09-15 16:02:00,19.08424,-70.39844,0,on,56.3
R03029,V21,2026-09-15 16:04:00,19.07038,-70.40345,44.0,on,56.3
R03029,V21,2026-09-15 16:06:00,19.06657,-70.38907,51.0,on,56.2
R03029,V21,2026-09-15 16:08:00,19.06669,-70.39368,0,on,56.1
R03029,V21,2026-09-15 16:10:00,19.04703,-70.39511,50.0,on,56.0
R03029,V21,2026-09-15 16:12:00,19.04674,-70.38723,48.0,on,55.9
R03029,V21,2026-09-15 16:14:00,19.04934,-70.3844,45.0,on,55.9
R03029,V21,2026-09-15 16:16:00,19.04517,-70.38219,91.0,on,55.8
R03029,V21,2026-09-15 16:18:00,19.03454,-70.37725,69.0,on,55.7
R03029,V21,2026-09-15 16:20:00,19.03789,-70.3762,67.0,on,55.6
R03029,V21,2026-09-15 16:22:00,19.02653,-70.37291,75.0,on,55.5
R03029,V21,2026-09-15 16:24:00,19.02746,-70.3715,22.0,on,55.5
R03029,V21,2026-09-15 16:26:00,19.02403,-70.36805,70.0,on,55.4
R03029,V21,2026-09-15 16:28:00,19.02294,-70.35347,94.0,on,55.3
R03029,V21,2026-09-15 16:30:00,19.00737,-70.35777,77.0,on,55.2
R03029,V21,2026-09-15 16:32:00,19.00892,-70.3671,95.0,on,55.2
R03029,V21,2026-09-15 16:34:00,19.00431,-70.35376,36.0,on,55.1
R03029,V21,2026-09-15 16:36:00,19.00408,-70.3566,42.0,on,55.0
R03029,V21,2026-09-15 16:38:00,19.00411,-70.34015,35.0,on,54.9
R03029,V21,2026-09-15 16:40:00,18.99347,-70.33903,0,on,54.8
R03029,V21,2026-09-15 16:42:00,18.98831,-70.34108,19.0,on,54.8
R03029,V21,2026-09-15 16:44:00,18.97899,-70.33885,84.0,on,54.7
R03029,V21,2026-09-15 16:46:00,18.97586,-70.33796,12.0,on,54.6
R03029,V21,2026-09-15 16:48:00,18.97076,-70.32892,80.0,on,54.5
R03029,V21,2026-09-15 16:50:00,18.97087,-70.32904,83.0,on,54.4
R03029,V21,2026-09-15 16:52:00,18.96432,-70.31274,42.0,on,54.4
R03029,V21,2026-09-15 16:54:00,18.957,-70.31397,25.0,on,54.3
R03029,V21,2026-09-15 16:56:00,18.96009,-70.31033,70.0,on,54.2
R03029,V21,2026-09-15 16:58:00,18.94321,-70.30613,23.0,on,54.1
R03029,V21,2026-09-15 17:00:00,18.94576,-70.30652,84.0,on,54.0
R03029,V21,2026-09-15 17:02:00,18.93706,-70.30474,25.0,on,54.0
R03029,V21,2026-09-15 17:04:00,18.93511,-70.29747,0,on,53.9
R03029,V21,2026-09-15 17:06:00,18.93107,-70.30031,23.0,on,53.8
R03029,V21,2026-09-15 17:08:00,18.92797,-70.29243,77.0,on,53.7
R03029,V21,2026-09-15 17:10:00,18.91972,-70.29133,0,on,53.7
R03029,V21,2026-09-15 17:12:00,18.92112,-70.28575,58.0,on,53.6
R03029,V21,2026-09-15 17:14:00,18.91884,-70.28243,81.0,on,53.5
R03029,V21,2026-09-15 17:16:00,18.9075,-70.27329,94.0,on,53.4
R03029,V21,2026-09-15 17:18:00,18.90773,-70.27613,36.0,on,53.3
R03029,V21,2026-09-15 17:20:00,18.89432,-70.27196,27.0,on,53.3
R03029,V21,2026-09-15 17:22:00,18.90328,-70.27552,53.0,on,53.2
R03029,V21,2026-09-15 17:24:00,18.8981,-70.26383,89.0,on,53.1
R03029,V21,2026-09-15 17:26:00,18.88616,-70.26081,66.0,on,53.0
R03029,V21,2026-09-15 17:28:00,18.88035,-70.26229,87.0,on,52.9
R03029,V21,2026-09-15 17:30:00,18.88183,-70.25544,26.0,on,52.9
R03029,V21,2026-09-15 17:32:00,18.87078,-70.24154,87.0,on,52.8
R03029,V21,2026-09-15 17:34:00,18.87151,-70.25568,36.0,on,52.7
R03029,V21,2026-09-15 17:36:00,18.8604,-70.24645,70.0,on,52.6
R03029,V21,2026-09-15 17:38:00,18.85804,-70.23859,13.0,on,52.6
R03029,V21,2026-09-15 17:40:00,18.85499,-70.24133,0,on,52.5
R03029,V21,2026-09-15 17:42:00,18.84559,-70.22412,23.0,on,52.4
R03029,V21,2026-09-15 17:44:00,18.84486,-70.22811,86.0,on,52.3
R03029,V21,2026-09-15 17:46:00,18.83968,-70.22615,0,on,52.2
R03029,V21,2026-09-15 17:48:00,18.83335,-70.23051,12.0,on,52.2
R03029,V21,2026-09-15 17:50:00,18.83698,-70.21599,17.0,on,52.1
R03029,V21,2026-09-15 17:52:00,18.8251,-70.21142,36.0,on,52.0
R03029,V21,2026-09-15 17:54:00,18.8253,-70.21213,0,on,51.9
R03029,V21,2026-09-15 17:56:00,18.82084,-70.20637,0,on,51.8
R03029,V21,2026-09-15 17:58:00,18.81326,-70.20737,34.0,on,51.8
R03029,V21,2026-09-15 18:00:00,18.81196,-70.208,58.0,on,51.7
R03029,V21,2026-09-15 18:02:00,18.81298,-70.1976,38.0,on,51.6
R03029,V21,2026-09-15 18:04:00,18.80342,-70.19217,90.0,on,51.5
R03029,V21,2026-09-15 18:06:00,18.79232,-70.20327,88.0,on,51.4
R03029,V21,2026-09-15 18:08:00,18.79476,-70.17742,57.0,on,51.4
R03029,V21,2026-09-15 18:10:00,18.78266,-70.18299,42.0,on,51.3
R03029,V21,2026-09-15 18:12:00,18.78288,-70.18556,80.0,on,51.2
R03029,V21,2026-09-15 18:14:00,18.78193,-70.18467,45.0,on,51.1
R03029,V21,2026-09-15 18:16:00,18.77675,-70.17755,53.0,on,51.1
R03029,V21,2026-09-15 18:18:00,18.76588,-70.16876,14.0,on,51.0
R03029,V21,2026-09-15 18:20:00,18.76202,-70.1631,76.0,on,50.9
R03029,V21,2026-09-15 18:22:00,18.76047,-70.16784,66.0,on,50.8
R03029,V21,2026-09-15 18:24:00,18.76249,-70.1648,81.0,on,50.7
R03029,V21,2026-09-15 18:26:00,18.75899,-70.16064,42.0,on,50.7
R03029,V21,2026-09-15 18:28:00,18.75088,-70.15708,61.0,on,50.6
R03029,V21,2026-09-15 18:30:00,18.74817,-70.15548,35.0,on,50.5
R03029,V21,2026-09-15 18:32:00,18.73851,-70.14596,12.0,on,50.4
R03029,V21,2026-09-15 18:34:00,18.73582,-70.13954,80.0,on,50.3
R03029,V21,2026-09-15 18:36:00,18.73368,-70.14069,48.0,on,50.3
R03029,V21,2026-09-15 18:38:00,18.72322,-70.13663,90.0,on,50.2
R03029,V21,2026-09-15 18:40:00,18.72668,-70.13811,69.0,on,50.1
R03029,V21,2026-09-15 18:42:00,18.71914,-70.12857,0,on,50.0
R03029,V21,2026-09-15 18:44:00,18.7093,-70.12456,39.0,on,50.0
R03029,V21,2026-09-15 18:46:00,18.71186,-70.1159,36.0,on,49.9
R03029,V21,2026-09-15 18:48:00,18.69608,-70.11691,12.0,on,49.8
R03029,V21,2026-09-15 18:50:00,18.69776,-70.11991,66.0,on,49.7
R03029,V21,2026-09-15 18:52:00,18.69507,-70.11359,89.0,on,49.6
R03029,V21,2026-09-15 18:54:00,18.68241,-70.11141,36.0,on,49.6
R03029,V21,2026-09-15 18:56:00,18.69165,-70.09927,67.0,on,49.5
R03029,V21,2026-09-15 18:58:00,18.68715,-70.10053,0,on,49.4
R03029,V21,2026-09-15 19:00:00,18.67922,-70.09777,72.0,on,49.3
R03029,V21,2026-09-15 19:02:00,18.67116,-70.10079,82.0,on,49.2
R03029,V21,2026-09-15 19:04:00,18.66936,-70.08621,78.0,on,49.2
R03029,V21,2026-09-15 19:06:00,18.65916,-70.09063,39.0,on,49.1
R03029,V21,2026-09-15 19:08:00,18.65906,-70.08874,29.0,on,49.0
R03029,V21,2026-09-15 19:10:00,18.65287,-70.08023,57.0,on,48.9
R03029,V21,2026-09-15 19:12:00,18.65007,-70.08403,30.0,on,48.8
R03029,V21,2026-09-15 19:14:00,18.65478,-70.07552,0,on,48.8
R03029,V21,2026-09-15 19:16:00,18.64192,-70.0676,65.0,on,48.7
R03029,V21,2026-09-15 19:18:00,18.63839,-70.07109,65.0,on,48.6
R03029,V21,2026-09-15 19:20:00,18.63202,-70.06493,82.0,on,48.5
R03029,V21,2026-09-15 19:22:00,18.62257,-70.06582,78.0,on,48.5
R03029,V21,2026-09-15 19:24:00,18.62157,-70.06392,51.0,on,48.4
R03029,V21,2026-09-15 19:26:00,18.62155,-70.05694,33.0,on,48.3
R03029,V21,2026-09-15 19:28:00,18.61925,-70.0472,0,on,48.2
R03029,V21,2026-09-15 19:30:00,18.61133,-70.04564,72.0,on,48.1
R03029,V21,2026-09-15 19:32:00,18.60865,-70.04245,26.0,on,48.1
R03029,V21,2026-09-15 19:34:00,18.59706,-70.0483,66.0,on,48.0
R03029,V21,2026-09-15 19:36:00,18.6016,-70.03525,0,on,47.9
R03029,V21,2026-09-15 19:38:00,18.59577,-70.03886,42.0,on,47.8
R03029,V21,2026-09-15 19:40:00,18.5842,-70.0357,75.0,on,47.7
R03029,V21,2026-09-15 19:42:00,18.58893,-70.03156,51.0,on,47.7
R03029,V21,2026-09-15 19:44:00,18.57252,-70.0281,80.0,on,47.6
R03029,V21,2026-09-15 19:46:00,18.56935,-70.02349,95.0,on,47.5
R03029,V21,2026-09-15 19:48:00,18.57178,-70.01434,0,on,47.4
R03029,V21,2026-09-15 19:50:00,18.56465,-70.01547,31.0,on,47.3
R03029,V21,2026-09-15 19:52:00,18.564,-70.01757,56.0,on,47.3
R03029,V21,2026-09-15 19:54:00,18.55412,-70.00741,62.0,on,47.2
R03029,V21,2026-09-15 19:56:00,18.55349,-69.99982,42.0,on,47.1
R03029,V21,2026-09-15 19:58:00,18.55691,-69.99477,15.0,on,47.0
R03029,V21,2026-09-15 20:00:00,18.54143,-69.99999,0,on,47.0
R03029,V21,2026-09-15 20:02:00,18.53804,-69.99212,13.0,on,46.9
R03029,V21,2026-09-15 20:04:00,18.53686,-69.98816,57.0,on,46.8
R03029,V21,2026-09-15 20:06:00,18.53083,-69.98357,12.0,on,46.7
R03029,V21,2026-09-15 20:08:00,18.5184,-69.98496,36.0,on,46.6
R03029,V21,2026-09-15 20:10:00,18.5142,-69.98575,17.0,on,46.6
R03029,V21,2026-09-15 20:12:00,18.52085,-69.97458,38.0,on,46.5
R03029,V21,2026-09-15 20:14:00,18.51408,-69.97475,51.0,on,46.4
R03029,V21,2026-09-15 20:16:00,18.51062,-69.97496,79.0,on,46.3
R03029,V21,2026-09-15 20:18:00,18.50373,-69.96669,87.0,on,46.2
R03029,V21,2026-09-15 20:20:00,18.50525,-69.95854,87.0,on,46.2
R03030,V22,2026-09-15 06:04:00,18.49488,-69.96225,42.0,on,84.4
R03030,V22,2026-09-15 06:06:00,18.49886,-69.95156,54.0,on,84.4
R03030,V22,2026-09-15 06:08:00,18.50109,-69.94884,0,on,84.3
R03030,V22,2026-09-15 06:10:00,18.4974,-69.94481,30.0,on,84.2
R03030,V22,2026-09-15 06:12:00,18.49459,-69.94047,95.0,on,84.2
R03030,V22,2026-09-15 06:14:00,18.50113,-69.92972,71.0,on,84.1
R03030,V22,2026-09-15 06:16:00,18.4905,-69.93065,91.0,on,84.0
R03030,V22,2026-09-15 06:18:00,18.48829,-69.92119,0,on,84.0
R03030,V22,2026-09-15 06:20:00,18.49951,-69.92062,35.0,on,83.9
R03030,V22,2026-09-15 06:22:00,18.48804,-69.91357,94.0,on,83.8
R03030,V22,2026-09-15 06:24:00,18.49378,-69.90348,0,on,83.8
R03030,V22,2026-09-15 06:26:00,18.49151,-69.90225,0,on,83.7
R03030,V22,2026-09-15 06:28:00,18.48666,-69.8947,78.0,on,83.6
R03030,V22,2026-09-15 06:30:00,18.50142,-69.88814,0,on,83.6
R03030,V22,2026-09-15 06:32:00,18.49103,-69.88391,29.0,on,83.5
R03030,V22,2026-09-15 06:34:00,18.48162,-69.88104,16.0,on,83.4
R03030,V22,2026-09-15 06:36:00,18.4917,-69.87821,23.0,on,83.4
R03030,V22,2026-09-15 06:38:00,18.49333,-69.86124,27.0,on,83.3
R03030,V22,2026-09-15 06:40:00,18.48756,-69.85616,61.0,on,83.3
R03030,V22,2026-09-15 06:42:00,18.48737,-69.8634,23.0,on,83.2
R03030,V22,2026-09-15 06:44:00,18.49141,-69.85564,78.0,on,83.1
R03030,V22,2026-09-15 06:46:00,18.48875,-69.84893,0,on,83.1
R03030,V22,2026-09-15 06:48:00,18.48971,-69.84397,71.0,on,83.0
R03030,V22,2026-09-15 06:50:00,18.49192,-69.83775,0,on,82.9
R03030,V22,2026-09-15 06:52:00,18.48627,-69.82931,93.0,on,82.9
R03030,V22,2026-09-15 06:54:00,18.48917,-69.82888,0,on,82.8
R03030,V22,2026-09-15 06:56:00,18.48445,-69.81067,65.0,on,82.7
R03030,V22,2026-09-15 06:58:00,18.4881,-69.81617,56.0,on,82.7
R03030,V22,2026-09-15 07:00:00,18.48825,-69.79709,0,on,82.6
R03030,V22,2026-09-15 07:02:00,18.48389,-69.80363,31.0,on,82.5
R03030,V22,2026-09-15 07:04:00,18.49071,-69.79823,0,on,82.5
R03030,V22,2026-09-15 07:06:00,18.48784,-69.78942,0,on,82.4
R03030,V22,2026-09-15 07:08:00,18.48488,-69.78138,39.0,on,82.3
R03030,V22,2026-09-15 07:10:00,18.48499,-69.77905,67.0,on,82.3
R03030,V22,2026-09-15 07:12:00,18.47733,-69.77249,0,on,82.2
R03030,V22,2026-09-15 07:14:00,18.47204,-69.7644,33.0,on,82.1
R03030,V22,2026-09-15 07:16:00,18.48408,-69.76176,47.0,on,82.1
R03030,V22,2026-09-15 07:18:00,18.47775,-69.75276,41.0,on,82.0
R03030,V22,2026-09-15 07:20:00,18.48545,-69.75728,71.0,on,81.9
R03030,V22,2026-09-15 07:22:00,18.47932,-69.74086,0,on,81.9
R03030,V22,2026-09-15 07:24:00,18.4821,-69.73649,81.0,on,81.8
R03030,V22,2026-09-15 07:26:00,18.48136,-69.72823,95.0,on,81.7
R03030,V22,2026-09-15 07:28:00,18.48285,-69.72778,64.0,on,81.7
R03030,V22,2026-09-15 07:30:00,18.48293,-69.71222,65.0,on,81.6
R03030,V22,2026-09-15 07:32:00,18.48018,-69.71798,95.0,on,81.6
R03030,V22,2026-09-15 07:34:00,18.48522,-69.71082,46.0,on,81.5
R03030,V22,2026-09-15 07:36:00,18.47678,-69.71082,23.0,on,81.4
R03030,V22,2026-09-15 07:38:00,18.47979,-69.70471,36.0,on,81.4
R03030,V22,2026-09-15 07:40:00,18.48483,-69.69574,46.0,on,81.3
R03030,V22,2026-09-15 07:42:00,18.4746,-69.68815,0,on,81.2
R03030,V22,2026-09-15 07:44:00,18.4756,-69.68563,22.0,on,81.2
R03030,V22,2026-09-15 07:46:00,18.4735,-69.68102,33.0,on,81.1
R03030,V22,2026-09-15 07:48:00,18.4815,-69.67925,39.0,on,81.0
R03030,V22,2026-09-15 07:50:00,18.47981,-69.66385,63.0,on,81.0
R03030,V22,2026-09-15 07:52:00,18.47704,-69.66517,58.0,on,80.9
R03030,V22,2026-09-15 07:54:00,18.47769,-69.64968,56.0,on,80.8
R03030,V22,2026-09-15 07:56:00,18.47579,-69.65058,59.0,on,80.8
R03030,V22,2026-09-15 07:58:00,18.47061,-69.64894,38.0,on,80.7
R03030,V22,2026-09-15 08:00:00,18.47965,-69.63923,18.0,on,80.6
R03030,V22,2026-09-15 08:02:00,18.48836,-69.63228,0,on,80.6
R03030,V22,2026-09-15 08:04:00,18.46954,-69.62798,0,on,80.5
R03030,V22,2026-09-15 08:06:00,18.47623,-69.62717,29.0,on,80.4
R03030,V22,2026-09-15 08:08:00,18.47834,-69.61978,29.0,on,80.4
R03030,V22,2026-09-15 08:10:00,18.47278,-69.61071,39.0,on,80.3
R03030,V22,2026-09-15 08:12:00,18.47714,-69.60672,33.0,on,80.2
R03030,V22,2026-09-15 08:14:00,18.47052,-69.60194,80.0,on,80.2
R03030,V22,2026-09-15 08:16:00,18.47376,-69.60169,40.0,on,80.1
R03030,V22,2026-09-15 08:18:00,18.46768,-69.58731,36.0,on,80.1
R03030,V22,2026-09-15 08:20:00,18.4722,-69.57977,52.0,on,80.0
R03030,V22,2026-09-15 08:22:00,18.46992,-69.58161,36.0,on,79.9
R03030,V22,2026-09-15 08:24:00,18.47556,-69.56646,62.0,on,79.9
R03030,V22,2026-09-15 08:26:00,18.46781,-69.5558,16.0,on,79.8
R03030,V22,2026-09-15 08:28:00,18.45918,-69.56151,26.0,on,79.7
R03030,V22,2026-09-15 08:30:00,18.47178,-69.5611,40.0,on,79.7
R03030,V22,2026-09-15 08:32:00,18.47171,-69.56103,90.0,on,79.6
R03030,V22,2026-09-15 08:34:00,18.47539,-69.54582,0,on,79.5
R03030,V22,2026-09-15 08:36:00,18.46131,-69.54551,35.0,on,79.5
R03030,V22,2026-09-15 08:38:00,18.46573,-69.53607,36.0,on,79.4
R03030,V22,2026-09-15 08:40:00,18.46698,-69.5252,90.0,on,79.3
R03030,V22,2026-09-15 08:42:00,18.46549,-69.52102,0,on,79.3
R03030,V22,2026-09-15 08:44:00,18.46843,-69.52051,76.0,on,79.2
R03030,V22,2026-09-15 08:46:00,18.46488,-69.51274,47.0,on,79.1
R03030,V22,2026-09-15 08:48:00,18.46418,-69.50911,16.0,on,79.1
R03030,V22,2026-09-15 08:50:00,18.46538,-69.50185,15.0,on,79.0
R03030,V22,2026-09-15 08:52:00,18.47256,-69.50162,23.0,on,78.9
R03030,V22,2026-09-15 08:54:00,18.47194,-69.49089,0,on,78.9
R03030,V22,2026-09-15 08:56:00,18.46264,-69.48906,41.0,on,78.8
R03030,V22,2026-09-15 08:58:00,18.45665,-69.47471,64.0,on,78.7
R03030,V22,2026-09-15 09:00:00,18.46232,-69.46597,69.0,on,78.7
R03030,V22,2026-09-15 09:02:00,18.46356,-69.46665,92.0,on,78.6
R03030,V22,2026-09-15 09:04:00,18.46401,-69.45668,35.0,on,78.6
R03030,V22,2026-09-15 09:06:00,18.45577,-69.45908,49.0,on,78.5
R03030,V22,2026-09-15 09:08:00,18.45861,-69.45749,34.0,on,78.4
R03030,V22,2026-09-15 09:10:00,18.45151,-69.44809,42.0,on,78.4
R03030,V22,2026-09-15 09:12:00,18.45156,-69.44205,58.0,on,78.3
R03030,V22,2026-09-15 09:14:00,18.45926,-69.4319,77.0,on,78.2
R03030,V22,2026-09-15 09:16:00,18.45515,-69.43228,0,on,78.2
R03030,V22,2026-09-15 09:18:00,18.45579,-69.42297,75.0,on,78.1
R03030,V22,2026-09-15 09:20:00,18.46074,-69.41761,0,on,78.0
R03030,V22,2026-09-15 09:22:00,18.45598,-69.40846,38.0,on,78.0
R03030,V22,2026-09-15 09:24:00,18.46353,-69.41083,93.0,on,77.9
R03030,V22,2026-09-15 09:26:00,18.45405,-69.40537,29.0,on,77.8
R03030,V22,2026-09-15 09:28:00,18.45888,-69.4014,48.0,on,77.8
R03030,V22,2026-09-15 09:30:00,18.45033,-69.39606,47.0,on,77.7
R03030,V22,2026-09-15 09:32:00,18.45487,-69.38282,83.0,on,77.6
R03030,V22,2026-09-15 09:34:00,18.46121,-69.37101,49.0,on,77.6
R03030,V22,2026-09-15 09:36:00,18.45089,-69.38238,24.0,on,77.5
R03030,V22,2026-09-15 09:38:00,18.44986,-69.3643,42.0,on,77.4
R03030,V22,2026-09-15 09:40:00,18.45363,-69.36874,0,on,77.4
R03030,V22,2026-09-15 09:42:00,18.45953,-69.35763,59.0,on,77.3
R03030,V22,2026-09-15 09:44:00,18.45632,-69.34079,31.0,on,77.2
R03030,V22,2026-09-15 09:46:00,18.45,-69.34482,62.0,on,77.2
R03030,V22,2026-09-15 09:48:00,18.4457,-69.33765,0,on,77.1
R03030,V22,2026-09-15 09:50:00,18.45438,-69.32828,21.0,on,77.1
R03030,V22,2026-09-15 09:52:00,18.45008,-69.33316,33.0,on,77.0
R03030,V22,2026-09-15 09:54:00,18.45598,-69.32627,18.0,on,76.9
R03030,V22,2026-09-15 09:56:00,18.44155,-69.31744,0,on,76.9
R03030,V22,2026-09-15 09:58:00,18.45022,-69.31133,21.0,on,76.8
R03030,V22,2026-09-15 10:00:00,18.44373,-69.30902,87.0,on,76.7
R03030,V22,2026-09-15 10:02:00,18.45186,-69.30025,55.0,on,76.7
R03030,V22,2026-09-15 10:04:00,18.44782,-69.30479,23.0,on,76.6
R03030,V22,2026-09-15 10:06:00,18.44718,-69.29617,0,on,76.5
R03030,V22,2026-09-15 10:08:00,18.44022,-69.28424,52.0,on,76.5
R03030,V22,2026-09-15 10:10:00,18.44606,-69.27662,88.0,on,76.4
R03030,V22,2026-09-15 10:12:00,18.4456,-69.2705,41.0,on,76.3
R03030,V22,2026-09-15 10:14:00,18.44425,-69.27252,81.0,on,76.3
R03030,V22,2026-09-15 10:16:00,18.45061,-69.25861,92.0,on,76.2
R03030,V22,2026-09-15 10:18:00,18.44272,-69.26448,36.0,on,76.1
R03030,V22,2026-09-15 10:20:00,18.44222,-69.24734,86.0,on,76.1
R03030,V22,2026-09-15 10:22:00,18.44598,-69.24718,82.0,on,76.0
R03030,V22,2026-09-15 10:24:00,18.45064,-69.24258,65.0,on,75.9
R03030,V22,2026-09-15 10:26:00,18.44582,-69.23774,0,on,75.9
R03030,V22,2026-09-15 10:28:00,18.43855,-69.22842,13.0,on,75.8
R03030,V22,2026-09-15 10:30:00,18.44651,-69.22035,67.0,on,75.7
R03030,V22,2026-09-15 10:32:00,18.44776,-69.21581,14.0,on,75.7
R03030,V22,2026-09-15 10:34:00,18.44656,-69.21135,84.0,on,75.6
R03030,V22,2026-09-15 10:36:00,18.44371,-69.21617,33.0,on,75.5
R03030,V22,2026-09-15 10:38:00,18.44217,-69.20363,18.0,on,75.5
R03030,V22,2026-09-15 10:40:00,18.44394,-69.19548,74.0,on,75.4
R03030,V22,2026-09-15 10:42:00,18.44651,-69.19065,68.0,on,75.4
R03030,V22,2026-09-15 10:44:00,18.44274,-69.19257,95.0,on,75.3
R03030,V22,2026-09-15 10:46:00,18.44371,-69.18315,28.0,on,75.2
R03030,V22,2026-09-15 10:48:00,18.44668,-69.1665,77.0,on,75.2
R03030,V22,2026-09-15 10:50:00,18.43914,-69.18002,0,on,75.1
R03030,V22,2026-09-15 10:52:00,18.44023,-69.16852,0,on,75.0
R03030,V22,2026-09-15 10:54:00,18.43557,-69.15638,15.0,on,75.0
R03030,V22,2026-09-15 10:56:00,18.44348,-69.1464,28.0,on,74.9
R03030,V22,2026-09-15 10:58:00,18.43262,-69.13742,80.0,on,74.8
R03030,V22,2026-09-15 11:00:00,18.44027,-69.14841,0,on,74.8
R03030,V22,2026-09-15 11:02:00,18.43775,-69.13728,52.0,on,74.7
R03030,V22,2026-09-15 11:04:00,18.43812,-69.13282,62.0,on,74.6
R03030,V22,2026-09-15 11:06:00,18.43706,-69.12302,19.0,on,74.6
R03030,V22,2026-09-15 11:08:00,18.44027,-69.11573,91.0,on,74.5
R03030,V22,2026-09-15 11:10:00,18.43008,-69.11416,75.0,on,74.4
R03030,V22,2026-09-15 11:12:00,18.44011,-69.10646,42.0,on,74.4
R03030,V22,2026-09-15 11:14:00,18.4381,-69.10163,26.0,on,74.3
R03030,V22,2026-09-15 11:16:00,18.43708,-69.09789,21.0,on,74.2
R03030,V22,2026-09-15 11:18:00,18.43214,-69.08769,56.0,on,74.2
R03030,V22,2026-09-15 11:20:00,18.44104,-69.09176,52.0,on,74.1
R03030,V22,2026-09-15 11:22:00,18.43066,-69.08797,23.0,on,74.0
R03030,V22,2026-09-15 11:24:00,18.4368,-69.07459,56.0,on,74.0
R03030,V22,2026-09-15 11:26:00,18.43206,-69.06597,17.0,on,73.9
R03030,V22,2026-09-15 11:28:00,18.438,-69.06351,24.0,on,73.9
R03030,V22,2026-09-15 11:30:00,18.42882,-69.06413,46.0,on,73.8
R03030,V22,2026-09-15 11:32:00,18.43479,-69.04894,0,on,73.7
R03030,V22,2026-09-15 11:34:00,18.43003,-69.04304,47.0,on,73.7
R03030,V22,2026-09-15 11:36:00,18.434,-69.0436,78.0,on,73.6
R03030,V22,2026-09-15 11:38:00,18.43148,-69.03384,17.0,on,73.5
R03030,V22,2026-09-15 11:40:00,18.43583,-69.0311,32.0,on,73.5
R03030,V22,2026-09-15 11:42:00,18.42223,-69.02034,12.0,on,73.4
R03030,V22,2026-09-15 11:44:00,18.43054,-69.02822,0,on,73.3
R03030,V22,2026-09-15 11:46:00,18.4253,-69.01338,76.0,on,73.3
R03030,V22,2026-09-15 11:48:00,18.43066,-69.00732,40.0,on,73.2
R03030,V22,2026-09-15 11:50:00,18.42766,-69.00597,29.0,on,73.1
R03030,V22,2026-09-15 11:52:00,18.43088,-68.99863,42.0,on,73.1
R03030,V22,2026-09-15 11:54:00,18.42292,-68.98958,13.0,on,73.0
R03030,V22,2026-09-15 11:56:00,18.427,-68.98939,29.0,on,72.9
R03030,V22,2026-09-15 11:58:00,18.4284,-68.98107,55.0,on,72.9
R03030,V22,2026-09-15 12:00:00,18.42484,-68.9688,0,on,72.8
R03030,V22,2026-09-15 12:02:00,18.42657,-68.96978,73.0,on,72.7
R03030,V22,2026-09-15 12:04:00,18.42717,-68.97696,57.0,on,72.7
R03030,V22,2026-09-15 12:06:00,18.42498,-68.9934,0,on,72.6
R03030,V22,2026-09-15 12:08:00,18.43436,-68.99618,31.0,on,72.5
R03030,V22,2026-09-15 12:10:00,18.43185,-68.99871,12.0,on,72.5
R03030,V22,2026-09-15 12:12:00,18.42682,-69.00111,79.0,on,72.4
R03030,V22,2026-09-15 12:14:00,18.42542,-69.00457,78.0,on,72.4
R03030,V22,2026-09-15 12:16:00,18.42933,-69.0133,44.0,on,72.3
R03030,V22,2026-09-15 12:18:00,18.4274,-69.01396,74.0,on,72.2
R03030,V22,2026-09-15 12:20:00,18.43252,-69.02196,19.0,on,72.2
R03030,V22,2026-09-15 12:22:00,18.42368,-69.02943,0,on,72.1
R03030,V22,2026-09-15 12:24:00,18.43768,-69.04294,85.0,on,72.0
R03030,V22,2026-09-15 12:26:00,18.4399,-69.03749,0,on,72.0
R03030,V22,2026-09-15 12:28:00,18.43096,-69.04304,26.0,on,71.9
R03030,V22,2026-09-15 12:30:00,18.43858,-69.0566,51.0,on,71.8
R03030,V22,2026-09-15 12:32:00,18.43339,-69.06146,58.0,on,71.8
R03030,V22,2026-09-15 12:34:00,18.4348,-69.06592,23.0,on,71.7
R03030,V22,2026-09-15 12:36:00,18.43831,-69.06315,32.0,on,71.6
R03030,V22,2026-09-15 12:38:00,18.43476,-69.0659,15.0,on,71.6
R03030,V22,2026-09-15 12:40:00,18.43418,-69.0801,50.0,on,71.5
R03030,V22,2026-09-15 12:42:00,18.43833,-69.08846,50.0,on,71.4
R03030,V22,2026-09-15 12:44:00,18.44057,-69.09407,92.0,on,71.4
R03030,V22,2026-09-15 12:46:00,18.43227,-69.09908,76.0,on,71.3
R03030,V22,2026-09-15 12:48:00,18.44083,-69.10103,91.0,on,71.2
R03030,V22,2026-09-15 12:50:00,18.43758,-69.10796,36.0,on,71.2
R03030,V22,2026-09-15 12:52:00,18.43321,-69.11016,63.0,on,71.1
R03030,V22,2026-09-15 12:54:00,18.43464,-69.11059,93.0,on,71.0
R03030,V22,2026-09-15 12:56:00,18.43528,-69.12671,71.0,on,71.0
R03030,V22,2026-09-15 12:58:00,18.43917,-69.12755,86.0,on,70.9
R03030,V22,2026-09-15 13:00:00,18.44578,-69.1352,52.0,on,70.8
R03030,V22,2026-09-15 13:02:00,18.43963,-69.13977,12.0,on,70.8
R03030,V22,2026-09-15 13:04:00,18.43295,-69.14166,0,on,70.7
R03030,V22,2026-09-15 13:06:00,18.44108,-69.15131,51.0,on,70.7
R03030,V22,2026-09-15 13:08:00,18.44791,-69.15773,28.0,on,70.6
R03030,V22,2026-09-15 13:10:00,18.44011,-69.16339,59.0,on,70.5
R03030,V22,2026-09-15 13:12:00,18.44193,-69.1698,49.0,on,70.5
R03030,V22,2026-09-15 13:14:00,18.44023,-69.17142,62.0,on,70.4
R03030,V22,2026-09-15 13:16:00,18.43622,-69.17486,71.0,on,70.3
R03030,V22,2026-09-15 13:18:00,18.44553,-69.19005,0,on,70.3
R03030,V22,2026-09-15 13:20:00,18.44094,-69.19265,94.0,on,70.2
R03030,V22,2026-09-15 13:22:00,18.43632,-69.19394,27.0,on,70.1
R03030,V22,2026-09-15 13:24:00,18.43504,-69.20077,69.0,on,70.1
R03030,V22,2026-09-15 13:26:00,18.43263,-69.19679,78.0,on,70.0
R03030,V22,2026-09-15 13:28:00,18.43883,-69.21497,12.0,on,69.9
R03030,V22,2026-09-15 13:30:00,18.43991,-69.22176,31.0,on,69.9
R03030,V22,2026-09-15 13:32:00,18.44198,-69.22542,26.0,on,69.8
R03030,V22,2026-09-15 13:34:00,18.44433,-69.22889,49.0,on,69.7
R03030,V22,2026-09-15 13:36:00,18.44546,-69.23398,78.0,on,69.7
R03030,V22,2026-09-15 13:38:00,18.44761,-69.24268,54.0,on,69.6
R03030,V22,2026-09-15 13:40:00,18.44604,-69.23988,82.0,on,69.5
R03030,V22,2026-09-15 13:42:00,18.44676,-69.24181,94.0,on,69.5
R03030,V22,2026-09-15 13:44:00,18.44238,-69.25784,43.0,on,69.4
R03030,V22,2026-09-15 13:46:00,18.44455,-69.26521,54.0,on,69.3
R03030,V22,2026-09-15 13:48:00,18.44333,-69.26808,34.0,on,69.3
R03030,V22,2026-09-15 13:50:00,18.45,-69.26861,74.0,on,69.2
R03030,V22,2026-09-15 13:52:00,18.4517,-69.27409,64.0,on,69.2
R03030,V22,2026-09-15 13:54:00,18.44505,-69.28256,38.0,on,69.1
R03030,V22,2026-09-15 13:56:00,18.45127,-69.29218,25.0,on,69.0
R03030,V22,2026-09-15 13:58:00,18.44693,-69.29449,85.0,on,69.0
R03030,V22,2026-09-15 14:00:00,18.44464,-69.30295,77.0,on,68.9
R03030,V22,2026-09-15 14:02:00,18.44609,-69.30401,0,on,68.8
R03030,V22,2026-09-15 14:04:00,18.45235,-69.31246,0,on,68.8
R03030,V22,2026-09-15 14:06:00,18.45337,-69.31876,0,on,68.7
R03030,V22,2026-09-15 14:08:00,18.44925,-69.32282,38.0,on,68.6
R03030,V22,2026-09-15 14:10:00,18.46116,-69.32782,91.0,on,68.6
R03030,V22,2026-09-15 14:12:00,18.45668,-69.33482,57.0,on,68.5
R03030,V22,2026-09-15 14:14:00,18.4554,-69.33508,0,on,68.4
R03030,V22,2026-09-15 14:16:00,18.44932,-69.34515,64.0,on,68.4
R03030,V22,2026-09-15 14:18:00,18.45673,-69.34529,29.0,on,68.3
R03030,V22,2026-09-15 14:20:00,18.4571,-69.35815,34.0,on,68.2
R03030,V22,2026-09-15 14:22:00,18.45254,-69.35978,90.0,on,68.2
R03030,V22,2026-09-15 14:24:00,18.45338,-69.37229,16.0,on,68.1
R03030,V22,2026-09-15 14:26:00,18.45533,-69.37082,16.0,on,68.0
R03030,V22,2026-09-15 14:28:00,18.45394,-69.3808,0,on,68.0
R03030,V22,2026-09-15 14:30:00,18.45543,-69.3845,46.0,on,67.9
R03030,V22,2026-09-15 14:32:00,18.46134,-69.39165,0,on,67.8
R03030,V22,2026-09-15 14:34:00,18.4564,-69.39837,72.0,on,67.8
R03030,V22,2026-09-15 14:36:00,18.46153,-69.39881,49.0,on,67.7
R03030,V22,2026-09-15 14:38:00,18.45733,-69.40151,15.0,on,67.7
R03030,V22,2026-09-15 14:40:00,18.45928,-69.40517,0,on,67.6
R03030,V22,2026-09-15 14:42:00,18.46223,-69.41748,0,on,67.5
R03030,V22,2026-09-15 14:44:00,18.46116,-69.41344,52.0,on,67.5
R03030,V22,2026-09-15 14:46:00,18.45732,-69.42491,77.0,on,67.4
R03030,V22,2026-09-15 14:48:00,18.45909,-69.43353,65.0,on,67.3
R03030,V22,2026-09-15 14:50:00,18.45162,-69.44491,78.0,on,67.3
R03030,V22,2026-09-15 14:52:00,18.45453,-69.44161,82.0,on,67.2
R03030,V22,2026-09-15 14:54:00,18.46754,-69.45202,86.0,on,67.1
R03030,V22,2026-09-15 14:56:00,18.45212,-69.45427,26.0,on,67.1
R03030,V22,2026-09-15 14:58:00,18.4565,-69.4637,35.0,on,67.0
R03030,V22,2026-09-15 15:00:00,18.46511,-69.46636,42.0,on,66.9
R03030,V22,2026-09-15 15:02:00,18.45496,-69.46909,0,on,66.9
R03030,V22,2026-09-15 15:04:00,18.45757,-69.47747,0,on,66.8
R03030,V22,2026-09-15 15:06:00,18.46448,-69.48366,0,on,66.7
R03030,V22,2026-09-15 15:08:00,18.45585,-69.48671,44.0,on,66.7
R03030,V22,2026-09-15 15:10:00,18.46897,-69.49285,52.0,on,66.6
R03030,V22,2026-09-15 15:12:00,18.46568,-69.49341,32.0,on,66.5
R03030,V22,2026-09-15 15:14:00,18.46426,-69.4992,51.0,on,66.5
R03030,V22,2026-09-15 15:16:00,18.46527,-69.5081,36.0,on,66.4
R03030,V22,2026-09-15 15:18:00,18.47069,-69.51967,87.0,on,66.3
R03030,V22,2026-09-15 15:20:00,18.46102,-69.52921,27.0,on,66.3
R03030,V22,2026-09-15 15:22:00,18.46392,-69.52064,74.0,on,66.2
R03030,V22,2026-09-15 15:24:00,18.46829,-69.52969,79.0,on,66.1
R03030,V22,2026-09-15 15:26:00,18.47148,-69.53812,40.0,on,66.1
R03030,V22,2026-09-15 15:28:00,18.46612,-69.54388,82.0,on,66.0
R03030,V22,2026-09-15 15:30:00,18.46596,-69.54951,48.0,on,66.0
R03030,V22,2026-09-15 15:32:00,18.4668,-69.55902,29.0,on,65.9
R03030,V22,2026-09-15 15:34:00,18.46033,-69.55995,28.0,on,65.8
R03030,V22,2026-09-15 15:36:00,18.46619,-69.56149,78.0,on,65.8
R03030,V22,2026-09-15 15:38:00,18.47584,-69.57136,73.0,on,65.7
R03030,V22,2026-09-15 15:40:00,18.45999,-69.57457,50.0,on,65.6
R03030,V22,2026-09-15 15:42:00,18.47145,-69.57894,25.0,on,65.6
R03030,V22,2026-09-15 15:44:00,18.46694,-69.58438,53.0,on,65.5
R03030,V22,2026-09-15 15:46:00,18.47044,-69.59305,39.0,on,65.4
R03030,V22,2026-09-15 15:48:00,18.46883,-69.59908,17.0,on,65.4
R03030,V22,2026-09-15 15:50:00,18.47355,-69.61024,73.0,on,65.3
R03030,V22,2026-09-15 15:52:00,18.47408,-69.61073,26.0,on,65.2
R03030,V22,2026-09-15 15:54:00,18.47126,-69.613,89.0,on,65.2
R03030,V22,2026-09-15 15:56:00,18.47208,-69.62773,0,on,65.1
R03030,V22,2026-09-15 15:58:00,18.47817,-69.62725,20.0,on,65.0
R03030,V22,2026-09-15 16:00:00,18.46958,-69.63187,0,on,65.0
R03030,V22,2026-09-15 16:02:00,18.4712,-69.63002,23.0,on,64.9
R03030,V22,2026-09-15 16:04:00,18.47849,-69.64493,36.0,on,64.8
R03030,V22,2026-09-15 16:06:00,18.47249,-69.64793,76.0,on,64.8
R03030,V22,2026-09-15 16:08:00,18.47711,-69.65306,62.0,on,64.7
R03030,V22,2026-09-15 16:10:00,18.47927,-69.65675,85.0,on,64.6
R03030,V22,2026-09-15 16:12:00,18.47689,-69.66434,0,on,64.6
R03030,V22,2026-09-15 16:14:00,18.48093,-69.67147,66.0,on,64.5
R03030,V22,2026-09-15 16:16:00,18.47717,-69.67745,92.0,on,64.5
R03030,V22,2026-09-15 16:18:00,18.47916,-69.69095,77.0,on,64.4
R03030,V22,2026-09-15 16:20:00,18.46725,-69.69006,29.0,on,64.3
R03030,V22,2026-09-15 16:22:00,18.46481,-69.68951,31.0,on,64.3
R03030,V22,2026-09-15 16:24:00,18.48114,-69.69437,0,on,64.2
R03030,V22,2026-09-15 16:26:00,18.48317,-69.70428,90.0,on,64.1
R03030,V22,2026-09-15 16:28:00,18.47607,-69.71729,0,on,64.1
R03030,V22,2026-09-15 16:30:00,18.47649,-69.71648,26.0,on,64.0
R03030,V22,2026-09-15 16:32:00,18.48063,-69.71375,60.0,on,63.9
R03030,V22,2026-09-15 16:34:00,18.48347,-69.72497,0,on,63.9
R03030,V22,2026-09-15 16:36:00,18.4829,-69.73408,77.0,on,63.8
R03030,V22,2026-09-15 16:38:00,18.48425,-69.73551,0,on,63.7
R03030,V22,2026-09-15 16:40:00,18.487,-69.73838,28.0,on,63.7
R03030,V22,2026-09-15 16:42:00,18.47873,-69.75185,15.0,on,63.6
R03030,V22,2026-09-15 16:44:00,18.48417,-69.75284,46.0,on,63.5
R03030,V22,2026-09-15 16:46:00,18.47918,-69.76177,0,on,63.5
R03030,V22,2026-09-15 16:48:00,18.48234,-69.76656,32.0,on,63.4
R03030,V22,2026-09-15 16:50:00,18.48737,-69.76833,75.0,on,63.3
R03030,V22,2026-09-15 16:52:00,18.47806,-69.7771,57.0,on,63.3
R03030,V22,2026-09-15 16:54:00,18.48643,-69.77918,20.0,on,63.2
R03030,V22,2026-09-15 16:56:00,18.48372,-69.78341,92.0,on,63.1
R03030,V22,2026-09-15 16:58:00,18.48869,-69.78795,0,on,63.1
R03030,V22,2026-09-15 17:00:00,18.48645,-69.79926,17.0,on,63.0
R03030,V22,2026-09-15 17:02:00,18.48349,-69.80605,37.0,on,63.0
R03030,V22,2026-09-15 17:04:00,18.48837,-69.80972,39.0,on,62.9
R03030,V22,2026-09-15 17:06:00,18.48557,-69.81465,23.0,on,62.8
R03030,V22,2026-09-15 17:08:00,18.4853,-69.8227,60.0,on,62.8
R03030,V22,2026-09-15 17:10:00,18.48977,-69.8347,53.0,on,62.7
R03030,V22,2026-09-15 17:12:00,18.49167,-69.82911,92.0,on,62.6
R03030,V22,2026-09-15 17:14:00,18.48812,-69.83435,0,on,62.6
R03030,V22,2026-09-15 17:16:00,18.48253,-69.84374,94.0,on,62.5
R03030,V22,2026-09-15 17:18:00,18.48829,-69.84057,18.0,on,62.4
R03030,V22,2026-09-15 17:20:00,18.49647,-69.85495,37.0,on,62.4
R03030,V22,2026-09-15 17:22:00,18.49129,-69.85391,29.0,on,62.3
R03030,V22,2026-09-15 17:24:00,18.48984,-69.85899,93.0,on,62.2
R03030,V22,2026-09-15 17:26:00,18.48936,-69.87862,72.0,on,62.2
R03030,V22,2026-09-15 17:28:00,18.49386,-69.87313,81.0,on,62.1
R03030,V22,2026-09-15 17:30:00,18.48649,-69.88548,33.0,on,62.0
R03030,V22,2026-09-15 17:32:00,18.49288,-69.88366,76.0,on,62.0
R03030,V22,2026-09-15 17:34:00,18.49084,-69.88381,55.0,on,61.9
R03030,V22,2026-09-15 17:36:00,18.48838,-69.88925,68.0,on,61.8
R03030,V22,2026-09-15 17:38:00,18.49526,-69.89821,66.0,on,61.8
R03030,V22,2026-09-15 17:40:00,18.49324,-69.90655,40.0,on,61.7
R03030,V22,2026-09-15 17:42:00,18.49575,-69.91393,47.0,on,61.6
R03030,V22,2026-09-15 17:44:00,18.49911,-69.91538,74.0,on,61.6
R03030,V22,2026-09-15 17:46:00,18.4899,-69.92744,47.0,on,61.5
R03030,V22,2026-09-15 17:48:00,18.49373,-69.93032,0,on,61.4
R03030,V22,2026-09-15 17:50:00,18.49716,-69.93514,92.0,on,61.4
R03030,V22,2026-09-15 17:52:00,18.49551,-69.9472,79.0,on,61.3
R03030,V22,2026-09-15 17:54:00,18.50057,-69.94647,48.0,on,61.3
R03030,V22,2026-09-15 17:56:00,18.49752,-69.96026,92.0,on,61.2
R03030,V22,2026-09-15 17:58:00,18.49184,-69.95263,94.0,on,61.1
R03031,V23,2026-09-15 06:05:00,18.50404,-69.96293,78.0,on,90.1
R03031,V23,2026-09-15 06:07:00,18.49637,-69.94994,33.0,on,89.9
R03031,V23,2026-09-15 06:09:00,18.49419,-69.93674,49.0,on,89.8
R03031,V23,2026-09-15 06:11:00,18.49978,-69.93304,42.0,on,89.7
R03031,V23,2026-09-15 06:13:00,18.4974,-69.93245,55.0,on,89.6
R03031,V23,2026-09-15 06:15:00,18.50243,-69.92032,0,on,89.4
R03031,V23,2026-09-15 06:17:00,18.50059,-69.90782,83.0,on,89.3
R03031,V23,2026-09-15 06:19:00,18.50104,-69.89944,93.0,on,89.2
R03031,V23,2026-09-15 06:21:00,18.49649,-69.89799,89.0,on,89.1
R03031,V23,2026-09-15 06:23:00,18.50743,-69.87905,82.0,on,88.9
R03031,V23,2026-09-15 06:25:00,18.50743,-69.8746,0,on,88.8
R03031,V23,2026-09-15 06:27:00,18.50383,-69.86461,80.0,on,88.7
R03031,V23,2026-09-15 06:29:00,18.50716,-69.85264,95.0,on,88.6
R03031,V23,2026-09-15 06:31:00,18.51019,-69.85251,49.0,on,88.4
R03031,V23,2026-09-15 06:33:00,18.50724,-69.84042,69.0,on,88.3
R03031,V23,2026-09-15 06:35:00,18.51685,-69.83085,68.0,on,88.2
R03031,V23,2026-09-15 06:37:00,18.5084,-69.8221,51.0,on,88.1
R03031,V23,2026-09-15 06:39:00,18.51198,-69.81315,26.0,on,87.9
R03031,V23,2026-09-15 06:41:00,18.51191,-69.81068,55.0,on,87.8
R03031,V23,2026-09-15 06:43:00,18.5126,-69.79848,58.0,on,87.7
R03031,V23,2026-09-15 06:45:00,18.50686,-69.78856,15.0,on,87.6
R03031,V23,2026-09-15 06:47:00,18.51078,-69.77951,65.0,on,87.4
R03031,V23,2026-09-15 06:49:00,18.51761,-69.77329,94.0,on,87.3
R03031,V23,2026-09-15 06:51:00,18.5175,-69.76684,95.0,on,87.2
R03031,V23,2026-09-15 06:53:00,18.52208,-69.75093,48.0,on,87.1
R03031,V23,2026-09-15 06:55:00,18.52049,-69.74377,0,on,86.9
R03031,V23,2026-09-15 06:57:00,18.51561,-69.73721,52.0,on,86.8
R03031,V23,2026-09-15 06:59:00,18.51853,-69.72303,15.0,on,86.7
R03031,V23,2026-09-15 07:01:00,18.52057,-69.71631,43.0,on,86.6
R03031,V23,2026-09-15 07:03:00,18.52386,-69.70334,60.0,on,86.4
R03031,V23,2026-09-15 07:05:00,18.52173,-69.69394,45.0,on,86.3
R03031,V23,2026-09-15 07:07:00,18.52749,-69.69836,17.0,on,86.2
R03031,V23,2026-09-15 07:09:00,18.53116,-69.67887,34.0,on,86.0
R03031,V23,2026-09-15 07:11:00,18.52095,-69.67054,57.0,on,85.9
R03031,V23,2026-09-15 07:13:00,18.52912,-69.66969,28.0,on,85.8
R03031,V23,2026-09-15 07:15:00,18.52639,-69.65414,47.0,on,85.7
R03031,V23,2026-09-15 07:17:00,18.53385,-69.64959,17.0,on,85.5
R03031,V23,2026-09-15 07:19:00,18.5345,-69.63545,16.0,on,85.4
R03031,V23,2026-09-15 07:21:00,18.53076,-69.63021,19.0,on,85.3
R03031,V23,2026-09-15 07:23:00,18.52848,-69.62432,56.0,on,85.2
R03031,V23,2026-09-15 07:25:00,18.53263,-69.62064,42.0,on,85.0
R03031,V23,2026-09-15 07:27:00,18.53003,-69.60951,93.0,on,84.9
R03031,V23,2026-09-15 07:29:00,18.53782,-69.60252,17.0,on,84.8
R03031,V23,2026-09-15 07:31:00,18.5342,-69.59009,85.0,on,84.7
R03031,V23,2026-09-15 07:33:00,18.5436,-69.5817,0,on,84.5
R03031,V23,2026-09-15 07:35:00,18.53516,-69.57554,50.0,on,84.4
R03031,V23,2026-09-15 07:37:00,18.53497,-69.56598,26.0,on,84.3
R03031,V23,2026-09-15 07:39:00,18.53932,-69.55175,37.0,on,84.2
R03031,V23,2026-09-15 07:41:00,18.53683,-69.54174,45.0,on,84.0
R03031,V23,2026-09-15 07:43:00,18.531,-69.53933,0,on,83.9
R03031,V23,2026-09-15 07:45:00,18.54093,-69.52291,69.0,on,83.8
R03031,V23,2026-09-15 07:47:00,18.54485,-69.51677,74.0,on,83.7
R03031,V23,2026-09-15 07:49:00,18.53946,-69.51002,76.0,on,83.5
R03031,V23,2026-09-15 07:51:00,18.54417,-69.50043,65.0,on,83.4
R03031,V23,2026-09-15 07:53:00,18.54532,-69.49178,84.0,on,83.3
R03031,V23,2026-09-15 07:55:00,18.53891,-69.48423,26.0,on,83.2
R03031,V23,2026-09-15 07:57:00,18.54291,-69.48177,23.0,on,83.0
R03031,V23,2026-09-15 07:59:00,18.54184,-69.47437,0,on,82.9
R03031,V23,2026-09-15 08:01:00,18.55127,-69.46853,0,on,82.8
R03031,V23,2026-09-15 08:03:00,18.5446,-69.45103,22.0,on,82.7
R03031,V23,2026-09-15 08:05:00,18.54623,-69.43502,29.0,on,82.5
R03031,V23,2026-09-15 08:07:00,18.55256,-69.43586,23.0,on,82.4
R03031,V23,2026-09-15 08:09:00,18.54606,-69.42046,0,on,82.3
R03031,V23,2026-09-15 08:11:00,18.54392,-69.4201,61.0,on,82.2
R03031,V23,2026-09-15 08:13:00,18.55161,-69.41732,0,on,82.0
R03031,V23,2026-09-15 08:15:00,18.54845,-69.39783,46.0,on,81.9
R03031,V23,2026-09-15 08:17:00,18.55486,-69.39567,63.0,on,81.8
R03031,V23,2026-09-15 08:19:00,18.55627,-69.38458,58.0,on,81.7
R03031,V23,2026-09-15 08:21:00,18.55149,-69.37809,83.0,on,81.5
R03031,V23,2026-09-15 08:23:00,18.56121,-69.36733,47.0,on,81.4
R03031,V23,2026-09-15 08:25:00,18.56221,-69.36347,0,on,81.3
R03031,V23,2026-09-15 08:27:00,18.55541,-69.34528,50.0,on,81.2
R03031,V23,2026-09-15 08:29:00,18.55962,-69.34462,74.0,on,81.0
R03031,V23,2026-09-15 08:31:00,18.55741,-69.32752,0,on,80.9
R03031,V23,2026-09-15 08:33:00,18.55738,-69.32065,81.0,on,80.8
R03031,V23,2026-09-15 08:35:00,18.55501,-69.31015,0,on,80.7
R03031,V23,2026-09-15 08:37:00,18.55732,-69.30646,14.0,on,80.5
R03031,V23,2026-09-15 08:39:00,18.5605,-69.30337,39.0,on,80.4
R03031,V23,2026-09-15 08:41:00,18.55777,-69.2966,33.0,on,80.3
R03031,V23,2026-09-15 08:43:00,18.55986,-69.27838,42.0,on,80.2
R03031,V23,2026-09-15 08:45:00,18.55833,-69.27505,37.0,on,80.0
R03031,V23,2026-09-15 08:47:00,18.55912,-69.26268,84.0,on,79.9
R03031,V23,2026-09-15 08:49:00,18.56444,-69.24704,18.0,on,79.8
R03031,V23,2026-09-15 08:51:00,18.56469,-69.24231,28.0,on,79.7
R03031,V23,2026-09-15 08:53:00,18.55914,-69.23819,72.0,on,79.5
R03031,V23,2026-09-15 08:55:00,18.56634,-69.22657,75.0,on,79.4
R03031,V23,2026-09-15 08:57:00,18.56814,-69.22589,59.0,on,79.3
R03031,V23,2026-09-15 08:59:00,18.56972,-69.21242,78.0,on,79.2
R03031,V23,2026-09-15 09:01:00,18.57146,-69.2063,81.0,on,79.0
R03031,V23,2026-09-15 09:03:00,18.57446,-69.18857,38.0,on,78.9
R03031,V23,2026-09-15 09:05:00,18.57739,-69.18315,45.0,on,78.8
R03031,V23,2026-09-15 09:07:00,18.56792,-69.17423,78.0,on,78.7
R03031,V23,2026-09-15 09:09:00,18.57349,-69.16454,87.0,on,78.5
R03031,V23,2026-09-15 09:11:00,18.57381,-69.16304,49.0,on,78.4
R03031,V23,2026-09-15 09:13:00,18.58448,-69.15393,92.0,on,78.3
R03031,V23,2026-09-15 09:15:00,18.5825,-69.13883,0,on,78.1
R03031,V23,2026-09-15 09:17:00,18.58133,-69.13559,77.0,on,78.0
R03031,V23,2026-09-15 09:19:00,18.57758,-69.12248,0,on,77.9
R03031,V23,2026-09-15 09:21:00,18.58505,-69.11506,40.0,on,77.8
R03031,V23,2026-09-15 09:23:00,18.58181,-69.11026,57.0,on,77.6
R03031,V23,2026-09-15 09:25:00,18.58123,-69.10116,85.0,on,77.5
R03031,V23,2026-09-15 09:27:00,18.58983,-69.08505,0,on,77.4
R03031,V23,2026-09-15 09:29:00,18.57984,-69.08452,15.0,on,77.3
R03031,V23,2026-09-15 09:31:00,18.58694,-69.07386,0,on,77.1
R03031,V23,2026-09-15 09:33:00,18.59198,-69.06503,32.0,on,77.0
R03031,V23,2026-09-15 09:35:00,18.5859,-69.05707,40.0,on,76.9
R03031,V23,2026-09-15 09:37:00,18.58709,-69.04745,65.0,on,76.8
R03031,V23,2026-09-15 09:39:00,18.58899,-69.04018,89.0,on,76.6
R03031,V23,2026-09-15 09:41:00,18.58435,-69.03033,35.0,on,76.5
R03031,V23,2026-09-15 09:43:00,18.59149,-69.02076,67.0,on,76.4
R03031,V23,2026-09-15 09:45:00,18.59215,-69.01454,0,on,76.3
R03031,V23,2026-09-15 09:47:00,18.59178,-69.00424,46.0,on,76.1
R03031,V23,2026-09-15 09:49:00,18.59707,-68.99263,41.0,on,76.0
R03031,V23,2026-09-15 09:51:00,18.59919,-68.98208,22.0,on,75.9
R03031,V23,2026-09-15 09:53:00,18.59293,-68.97701,94.0,on,75.8
R03031,V23,2026-09-15 09:55:00,18.59429,-68.963,31.0,on,75.6
R03031,V23,2026-09-15 09:57:00,18.59264,-68.95451,64.0,on,75.5
R03031,V23,2026-09-15 09:59:00,18.59524,-68.94901,0,on,75.4
R03031,V23,2026-09-15 10:01:00,18.59952,-68.94622,0,on,75.3
R03031,V23,2026-09-15 10:03:00,18.59901,-68.93493,0,on,75.1
R03031,V23,2026-09-15 10:05:00,18.60109,-68.92501,52.0,on,75.0
R03031,V23,2026-09-15 10:07:00,18.59866,-68.91778,0,on,74.9
R03031,V23,2026-09-15 10:09:00,18.59905,-68.9069,65.0,on,74.8
R03031,V23,2026-09-15 10:11:00,18.60265,-68.89602,43.0,on,74.6
R03031,V23,2026-09-15 10:13:00,18.60457,-68.89441,72.0,on,74.5
R03031,V23,2026-09-15 10:15:00,18.60174,-68.8906,32.0,on,74.4
R03031,V23,2026-09-15 10:17:00,18.60736,-68.87738,39.0,on,74.3
R03031,V23,2026-09-15 10:19:00,18.60351,-68.87,59.0,on,74.1
R03031,V23,2026-09-15 10:21:00,18.60791,-68.86003,78.0,on,74.0
R03031,V23,2026-09-15 10:23:00,18.60815,-68.84536,87.0,on,73.9
R03031,V23,2026-09-15 10:25:00,18.607,-68.84293,13.0,on,73.8
R03031,V23,2026-09-15 10:27:00,18.61222,-68.83216,73.0,on,73.6
R03031,V23,2026-09-15 10:29:00,18.61121,-68.82526,44.0,on,73.5
R03031,V23,2026-09-15 10:31:00,18.6095,-68.81675,81.0,on,73.4
R03031,V23,2026-09-15 10:33:00,18.61595,-68.80541,74.0,on,73.3
R03031,V23,2026-09-15 10:35:00,18.61353,-68.79381,73.0,on,73.1
R03031,V23,2026-09-15 10:37:00,18.61067,-68.78547,0,on,73.0
R03031,V23,2026-09-15 10:39:00,18.61813,-68.78882,92.0,on,72.9
R03031,V23,2026-09-15 10:41:00,18.61717,-68.77097,64.0,on,72.8
R03031,V23,2026-09-15 10:43:00,18.61134,-68.76273,51.0,on,72.6
R03031,V23,2026-09-15 10:45:00,18.61191,-68.75461,77.0,on,72.5
R03031,V23,2026-09-15 10:47:00,18.6191,-68.74576,50.0,on,72.4
R03031,V23,2026-09-15 10:49:00,18.61389,-68.73759,48.0,on,72.3
R03031,V23,2026-09-15 10:51:00,18.61953,-68.72648,73.0,on,72.1
R03031,V23,2026-09-15 10:53:00,18.62603,-68.71826,48.0,on,72.0
R03031,V23,2026-09-15 10:55:00,18.62448,-68.7165,80.0,on,71.9
R03031,V23,2026-09-15 10:57:00,18.62284,-68.69717,0,on,71.8
R03031,V23,2026-09-15 10:59:00,18.62815,-68.69079,0,on,71.6
R03031,V23,2026-09-15 11:01:00,18.62161,-68.68611,65.0,on,71.5
R03031,V23,2026-09-15 11:03:00,18.62695,-68.67693,66.0,on,71.4
R03031,V23,2026-09-15 11:05:00,18.61877,-68.66676,0,on,71.3
R03031,V23,2026-09-15 11:07:00,18.62209,-68.65773,85.0,on,71.1
R03031,V23,2026-09-15 11:09:00,18.63118,-68.64829,83.0,on,71.0
R03031,V23,2026-09-15 11:11:00,18.625,-68.64283,29.0,on,70.9
R03031,V23,2026-09-15 11:13:00,18.62565,-68.63617,95.0,on,70.7
R03031,V23,2026-09-15 11:15:00,18.62425,-68.61919,45.0,on,70.6
R03031,V23,2026-09-15 11:17:00,18.63044,-68.61472,34.0,on,70.5
R03031,V23,2026-09-15 11:19:00,18.64367,-68.61351,0,on,70.4
R03031,V23,2026-09-15 11:21:00,18.62628,-68.60816,0,on,70.2
R03031,V23,2026-09-15 11:23:00,18.6422,-68.59122,64.0,on,70.1
R03031,V23,2026-09-15 11:25:00,18.63016,-68.58762,61.0,on,70.0
R03031,V23,2026-09-15 11:27:00,18.62602,-68.56582,48.0,on,69.9
R03031,V23,2026-09-15 11:29:00,18.63606,-68.56491,23.0,on,69.7
R03031,V23,2026-09-15 11:31:00,18.63779,-68.5655,63.0,on,69.6
R03031,V23,2026-09-15 11:33:00,18.63655,-68.54474,68.0,on,69.5
R03031,V23,2026-09-15 11:35:00,18.63809,-68.54049,54.0,on,69.4
R03031,V23,2026-09-15 11:37:00,18.63034,-68.53315,55.0,on,69.2
R03031,V23,2026-09-15 11:39:00,18.64355,-68.519,0,on,69.1
R03031,V23,2026-09-15 11:41:00,18.63288,-68.50902,56.0,on,69.0
R03031,V23,2026-09-15 11:43:00,18.64163,-68.50048,81.0,on,68.9
R03031,V23,2026-09-15 11:45:00,18.64983,-68.49512,14.0,on,68.7
R03031,V23,2026-09-15 11:47:00,18.6472,-68.48915,39.0,on,68.6
R03031,V23,2026-09-15 11:49:00,18.63661,-68.4719,49.0,on,68.5
R03031,V23,2026-09-15 11:51:00,18.64216,-68.46852,70.0,on,68.4
R03031,V23,2026-09-15 11:53:00,18.64359,-68.46245,14.0,on,68.2
R03031,V23,2026-09-15 11:55:00,18.6501,-68.45244,15.0,on,68.1
R03031,V23,2026-09-15 11:57:00,18.64635,-68.43796,50.0,on,68.0
R03031,V23,2026-09-15 11:59:00,18.65286,-68.4314,26.0,on,67.9
R03031,V23,2026-09-15 12:01:00,18.651,-68.42406,80.0,on,67.7
R03031,V23,2026-09-15 12:03:00,18.64145,-68.43228,34.0,on,67.6
R03031,V23,2026-09-15 12:05:00,18.6527,-68.42913,24.0,on,67.5
R03031,V23,2026-09-15 12:07:00,18.64895,-68.43694,79.0,on,67.4
R03031,V23,2026-09-15 12:09:00,18.63791,-68.45185,49.0,on,67.2
R03031,V23,2026-09-15 12:11:00,18.64642,-68.45121,44.0,on,67.1
R03031,V23,2026-09-15 12:13:00,18.64101,-68.46694,18.0,on,67.0
R03031,V23,2026-09-15 12:15:00,18.64786,-68.47558,0,on,66.9
R03031,V23,2026-09-15 12:17:00,18.64579,-68.47654,70.0,on,66.7
R03031,V23,2026-09-15 12:19:00,18.63863,-68.49419,21.0,on,66.6
R03031,V23,2026-09-15 12:21:00,18.63461,-68.49695,15.0,on,66.5
R03031,V23,2026-09-15 12:23:00,18.64378,-68.50991,87.0,on,66.4
R03031,V23,2026-09-15 12:25:00,18.63637,-68.52045,0,on,66.2
R03031,V23,2026-09-15 12:27:00,18.64095,-68.52735,59.0,on,66.1
R03031,V23,2026-09-15 12:29:00,18.64355,-68.53463,0,on,66.0
R03031,V23,2026-09-15 12:31:00,18.63452,-68.54083,0,on,65.9
R03031,V23,2026-09-15 12:33:00,18.62885,-68.54621,0,on,65.7
R03031,V23,2026-09-15 12:35:00,18.63145,-68.55988,61.0,on,65.6
R03031,V23,2026-09-15 12:37:00,18.62767,-68.5664,0,on,65.5
R03031,V23,2026-09-15 12:39:00,18.63553,-68.57914,75.0,on,65.4
R03031,V23,2026-09-15 12:41:00,18.63378,-68.58592,63.0,on,65.2
R03031,V23,2026-09-15 12:43:00,18.62921,-68.59599,14.0,on,65.1
R03031,V23,2026-09-15 12:45:00,18.6334,-68.60812,70.0,on,65.0
R03031,V23,2026-09-15 12:47:00,18.63889,-68.61493,44.0,on,64.9
R03031,V23,2026-09-15 12:49:00,18.62852,-68.62622,72.0,on,64.7
R03031,V23,2026-09-15 12:51:00,18.62211,-68.6358,77.0,on,64.6
R03031,V23,2026-09-15 12:53:00,18.6287,-68.63839,0,on,64.5
R03031,V23,2026-09-15 12:55:00,18.63127,-68.64299,35.0,on,64.4
R03031,V23,2026-09-15 12:57:00,18.6171,-68.65226,80.0,on,64.2
R03031,V23,2026-09-15 12:59:00,18.6192,-68.6635,82.0,on,64.1
R03031,V23,2026-09-15 13:01:00,18.62051,-68.67858,35.0,on,64.0
R03031,V23,2026-09-15 13:03:00,18.62332,-68.67987,60.0,on,63.9
R03031,V23,2026-09-15 13:05:00,18.62093,-68.684,75.0,on,63.7
R03031,V23,2026-09-15 13:07:00,18.61672,-68.69841,15.0,on,63.6
R03031,V23,2026-09-15 13:09:00,18.61936,-68.70963,0,on,63.5
R03031,V23,2026-09-15 13:11:00,18.62277,-68.70891,0,on,63.3
R03031,V23,2026-09-15 13:13:00,18.62168,-68.72534,91.0,on,63.2
R03031,V23,2026-09-15 13:15:00,18.6172,-68.74219,65.0,on,63.1
R03031,V23,2026-09-15 13:17:00,18.6077,-68.73459,62.0,on,63.0
R03031,V23,2026-09-15 13:19:00,18.62102,-68.75098,67.0,on,62.8
R03031,V23,2026-09-15 13:21:00,18.6204,-68.75795,86.0,on,62.7
R03031,V23,2026-09-15 13:23:00,18.62024,-68.77217,0,on,62.6
R03031,V23,2026-09-15 13:25:00,18.61284,-68.77402,70.0,on,62.5
R03031,V23,2026-09-15 13:27:00,18.6139,-68.78529,13.0,on,62.3
R03031,V23,2026-09-15 13:29:00,18.61085,-68.78656,13.0,on,62.2
R03031,V23,2026-09-15 13:31:00,18.60989,-68.80487,25.0,on,62.1
R03031,V23,2026-09-15 13:33:00,18.612,-68.81133,58.0,on,62.0
R03031,V23,2026-09-15 13:35:00,18.60925,-68.81563,59.0,on,61.8
R03031,V23,2026-09-15 13:37:00,18.61223,-68.82983,53.0,on,61.7
R03031,V23,2026-09-15 13:39:00,18.6028,-68.83745,54.0,on,61.6
R03031,V23,2026-09-15 13:41:00,18.60533,-68.84802,49.0,on,61.5
R03031,V23,2026-09-15 13:43:00,18.60722,-68.8546,79.0,on,61.3
R03031,V23,2026-09-15 13:45:00,18.6098,-68.85985,38.0,on,61.2
R03031,V23,2026-09-15 13:47:00,18.59562,-68.86514,26.0,on,61.1
R03031,V23,2026-09-15 13:49:00,18.60498,-68.88703,54.0,on,61.0
R03031,V23,2026-09-15 13:51:00,18.59128,-68.89041,14.0,on,60.8
R03031,V23,2026-09-15 13:53:00,18.60456,-68.89641,60.0,on,60.7
R03031,V23,2026-09-15 13:55:00,18.59811,-68.90297,55.0,on,60.6
R03031,V23,2026-09-15 13:57:00,18.6006,-68.91096,56.0,on,60.5
R03031,V23,2026-09-15 13:59:00,18.60438,-68.93347,43.0,on,60.3
R03031,V23,2026-09-15 14:01:00,18.60535,-68.92777,26.0,on,60.2
R03031,V23,2026-09-15 14:03:00,18.59079,-68.93756,47.0,on,60.1
R03031,V23,2026-09-15 14:05:00,18.59618,-68.95471,0,on,60.0
R03031,V23,2026-09-15 14:07:00,18.59845,-68.96186,65.0,on,59.8
R03031,V23,2026-09-15 14:09:00,18.59539,-68.9629,30.0,on,59.7
R03031,V23,2026-09-15 14:11:00,18.58926,-68.97363,70.0,on,59.6
R03031,V23,2026-09-15 14:13:00,18.60048,-68.96966,0,on,59.5
R03031,V23,2026-09-15 14:15:00,18.59311,-68.99115,67.0,on,59.3
R03031,V23,2026-09-15 14:17:00,18.59072,-69.00564,45.0,on,59.2
R03031,V23,2026-09-15 14:19:00,18.59185,-69.01286,80.0,on,59.1
R03031,V23,2026-09-15 14:21:00,18.59089,-69.01918,74.0,on,59.0
R03031,V23,2026-09-15 14:23:00,18.58941,-69.02541,0,on,58.8
R03031,V23,2026-09-15 14:25:00,18.5885,-69.03287,41.0,on,58.7
R03031,V23,2026-09-15 14:27:00,18.58594,-69.05456,22.0,on,58.6
R03031,V23,2026-09-15 14:29:00,18.58837,-69.05243,33.0,on,58.5
R03031,V23,2026-09-15 14:31:00,18.58776,-69.06276,23.0,on,58.3
R03031,V23,2026-09-15 14:33:00,18.5816,-69.07236,26.0,on,58.2
R03031,V23,2026-09-15 14:35:00,18.59103,-69.0794,52.0,on,58.1
R03031,V23,2026-09-15 14:37:00,18.58662,-69.08593,62.0,on,58.0
R03031,V23,2026-09-15 14:39:00,18.58127,-69.09711,20.0,on,57.8
R03031,V23,2026-09-15 14:41:00,18.58463,-69.09931,67.0,on,57.7
R03031,V23,2026-09-15 14:43:00,18.58491,-69.11301,70.0,on,57.6
R03031,V23,2026-09-15 14:45:00,18.58512,-69.12058,24.0,on,57.5
R03031,V23,2026-09-15 14:47:00,18.58511,-69.13069,82.0,on,57.3
R03031,V23,2026-09-15 14:49:00,18.57414,-69.1447,78.0,on,57.2
R03031,V23,2026-09-15 14:51:00,18.57794,-69.14257,28.0,on,57.1
R03031,V23,2026-09-15 14:53:00,18.56886,-69.16093,38.0,on,57.0
R03031,V23,2026-09-15 14:55:00,18.5715,-69.16048,53.0,on,56.8
R03031,V23,2026-09-15 14:57:00,18.57187,-69.16841,66.0,on,56.7
R03031,V23,2026-09-15 14:59:00,18.57309,-69.17427,58.0,on,56.6
R03031,V23,2026-09-15 15:01:00,18.57243,-69.19405,94.0,on,56.5
R03031,V23,2026-09-15 15:03:00,18.57646,-69.18922,0,on,56.3
R03031,V23,2026-09-15 15:05:00,18.57205,-69.20872,0,on,56.2
R03031,V23,2026-09-15 15:07:00,18.57268,-69.21218,77.0,on,56.1
R03031,V23,2026-09-15 15:09:00,18.5726,-69.22316,80.0,on,56.0
R03031,V23,2026-09-15 15:11:00,18.56996,-69.22973,27.0,on,55.8
R03031,V23,2026-09-15 15:13:00,18.56804,-69.25107,62.0,on,55.7
R03031,V23,2026-09-15 15:15:00,18.56436,-69.25156,84.0,on,55.6
R03031,V23,2026-09-15 15:17:00,18.56352,-69.25487,17.0,on,55.4
R03031,V23,2026-09-15 15:19:00,18.57416,-69.26823,57.0,on,55.3
R03031,V23,2026-09-15 15:21:00,18.56004,-69.27385,24.0,on,55.2
R03031,V23,2026-09-15 15:23:00,18.56226,-69.28654,18.0,on,55.1
R03031,V23,2026-09-15 15:25:00,18.55784,-69.29203,0,on,54.9
R03031,V23,2026-09-15 15:27:00,18.56609,-69.30529,84.0,on,54.8
R03031,V23,2026-09-15 15:29:00,18.56127,-69.30305,68.0,on,54.7
R03031,V23,2026-09-15 15:31:00,18.56403,-69.31876,30.0,on,54.6
R03031,V23,2026-09-15 15:33:00,18.56085,-69.33161,14.0,on,54.4
R03031,V23,2026-09-15 15:35:00,18.55699,-69.33475,0,on,54.3
R03031,V23,2026-09-15 15:37:00,18.55538,-69.34442,0,on,54.2
R03031,V23,2026-09-15 15:39:00,18.55221,-69.35856,59.0,on,54.1
R03031,V23,2026-09-15 15:41:00,18.55977,-69.36261,36.0,on,53.9
R03031,V23,2026-09-15 15:43:00,18.56049,-69.37049,15.0,on,53.8
R03031,V23,2026-09-15 15:45:00,18.55442,-69.3802,63.0,on,53.7
R03031,V23,2026-09-15 15:47:00,18.5488,-69.39049,44.0,on,53.6
R03031,V23,2026-09-15 15:49:00,18.5513,-69.39143,58.0,on,53.4
R03031,V23,2026-09-15 15:51:00,18.54928,-69.40748,15.0,on,53.3
R03031,V23,2026-09-15 15:53:00,18.55003,-69.42858,45.0,on,53.2
R03031,V23,2026-09-15 15:55:00,18.5544,-69.41854,45.0,on,53.1
R03031,V23,2026-09-15 15:57:00,18.54759,-69.42683,51.0,on,52.9
R03031,V23,2026-09-15 15:59:00,18.54437,-69.44131,89.0,on,52.8
R03031,V23,2026-09-15 16:01:00,18.54266,-69.44574,58.0,on,52.7
R03031,V23,2026-09-15 16:03:00,18.54391,-69.45382,0,on,52.6
R03031,V23,2026-09-15 16:05:00,18.54472,-69.46119,77.0,on,52.4
R03031,V23,2026-09-15 16:07:00,18.54041,-69.47651,79.0,on,52.3
R03031,V23,2026-09-15 16:09:00,18.54628,-69.48059,15.0,on,52.2
R03031,V23,2026-09-15 16:11:00,18.54776,-69.49273,13.0,on,52.1
R03031,V23,2026-09-15 16:13:00,18.54247,-69.4917,94.0,on,51.9
R03031,V23,2026-09-15 16:15:00,18.54152,-69.50579,75.0,on,51.8
R03031,V23,2026-09-15 16:17:00,18.54768,-69.51377,14.0,on,51.7
R03031,V23,2026-09-15 16:19:00,18.53848,-69.52603,43.0,on,51.6
R03031,V23,2026-09-15 16:21:00,18.53641,-69.54615,38.0,on,51.4
R03031,V23,2026-09-15 16:23:00,18.54277,-69.54315,0,on,51.3
R03031,V23,2026-09-15 16:25:00,18.53122,-69.54807,14.0,on,51.2
R03031,V23,2026-09-15 16:27:00,18.53043,-69.56398,19.0,on,51.1
R03031,V23,2026-09-15 16:29:00,18.53158,-69.56319,26.0,on,50.9
R03031,V23,2026-09-15 16:31:00,18.53229,-69.57157,48.0,on,50.8
R03031,V23,2026-09-15 16:33:00,18.52925,-69.59068,70.0,on,50.7
R03031,V23,2026-09-15 16:35:00,18.53371,-69.59631,0,on,50.6
R03031,V23,2026-09-15 16:37:00,18.53634,-69.60376,65.0,on,50.4
R03031,V23,2026-09-15 16:39:00,18.52862,-69.60993,46.0,on,50.3
R03031,V23,2026-09-15 16:41:00,18.53125,-69.61882,55.0,on,50.2
R03031,V23,2026-09-15 16:43:00,18.52625,-69.62844,59.0,on,50.1
R03031,V23,2026-09-15 16:45:00,18.52859,-69.63923,42.0,on,49.9
R03031,V23,2026-09-15 16:47:00,18.53233,-69.63874,58.0,on,49.8
R03031,V23,2026-09-15 16:49:00,18.52161,-69.65827,22.0,on,49.7
R03031,V23,2026-09-15 16:51:00,18.52793,-69.66026,16.0,on,49.6
R03031,V23,2026-09-15 16:53:00,18.53127,-69.66761,0,on,49.4
R03031,V23,2026-09-15 16:55:00,18.53343,-69.6753,56.0,on,49.3
R03031,V23,2026-09-15 16:57:00,18.52082,-69.68503,0,on,49.2
R03031,V23,2026-09-15 16:59:00,18.51993,-69.69448,31.0,on,49.1
R03031,V23,2026-09-15 17:01:00,18.51669,-69.70949,61.0,on,48.9
R03031,V23,2026-09-15 17:03:00,18.51631,-69.71537,0,on,48.8
R03031,V23,2026-09-15 17:05:00,18.5204,-69.7211,25.0,on,48.7
R03031,V23,2026-09-15 17:07:00,18.51098,-69.72714,74.0,on,48.6
R03031,V23,2026-09-15 17:09:00,18.51928,-69.74152,46.0,on,48.4
R03031,V23,2026-09-15 17:11:00,18.51203,-69.74648,16.0,on,48.3
R03031,V23,2026-09-15 17:13:00,18.51305,-69.75493,83.0,on,48.2
R03031,V23,2026-09-15 17:15:00,18.50612,-69.76192,0,on,48.0
R03031,V23,2026-09-15 17:17:00,18.51306,-69.771,71.0,on,47.9
R03031,V23,2026-09-15 17:19:00,18.51966,-69.78805,0,on,47.8
R03031,V23,2026-09-15 17:21:00,18.51975,-69.79236,56.0,on,47.7
R03031,V23,2026-09-15 17:23:00,18.50456,-69.79964,0,on,47.5
R03031,V23,2026-09-15 17:25:00,18.50951,-69.8073,79.0,on,47.4
R03031,V23,2026-09-15 17:27:00,18.50905,-69.81589,37.0,on,47.3
R03031,V23,2026-09-15 17:29:00,18.50506,-69.82845,84.0,on,47.2
R03031,V23,2026-09-15 17:31:00,18.51443,-69.84192,84.0,on,47.0
R03031,V23,2026-09-15 17:33:00,18.50682,-69.84333,74.0,on,46.9
R03031,V23,2026-09-15 17:35:00,18.50044,-69.84947,29.0,on,46.8
R03031,V23,2026-09-15 17:37:00,18.50915,-69.86183,83.0,on,46.7
R03031,V23,2026-09-15 17:39:00,18.50841,-69.86811,30.0,on,46.5
R03031,V23,2026-09-15 17:41:00,18.50182,-69.8724,66.0,on,46.4
R03031,V23,2026-09-15 17:43:00,18.5051,-69.89118,52.0,on,46.3
R03031,V23,2026-09-15 17:45:00,18.50769,-69.89606,47.0,on,46.2
R03031,V23,2026-09-15 17:47:00,18.50303,-69.90154,55.0,on,46.0
R03031,V23,2026-09-15 17:49:00,18.49434,-69.9152,87.0,on,45.9
R03031,V23,2026-09-15 17:51:00,18.51061,-69.91852,16.0,on,45.8
R03031,V23,2026-09-15 17:53:00,18.49301,-69.92464,55.0,on,45.7
R03031,V23,2026-09-15 17:55:00,18.49643,-69.94139,62.0,on,45.5
R03031,V23,2026-09-15 17:57:00,18.49537,-69.95144,94.0,on,45.4
R03031,V23,2026-09-15 17:59:00,18.49897,-69.95306,44.0,on,45.3
R03032,V24,2026-09-15 06:01:00,18.49547,-69.96223,0,on,83.8
R03032,V24,2026-09-15 06:03:00,18.50733,-69.96458,13.0,on,83.7
R03032,V24,2026-09-15 06:05:00,18.50516,-69.96874,42.0,on,83.7
R03032,V24,2026-09-15 06:07:00,18.50265,-69.9719,0,on,83.6
R03032,V24,2026-09-15 06:09:00,18.51722,-69.97085,0,on,83.5
R03032,V24,2026-09-15 06:11:00,18.5144,-69.97081,51.0,on,83.4
R03032,V24,2026-09-15 06:13:00,18.52071,-69.98273,38.0,on,83.3
R03032,V24,2026-09-15 06:15:00,18.52977,-69.98754,75.0,on,83.2
R03032,V24,2026-09-15 06:17:00,18.52825,-69.98251,92.0,on,83.2
R03032,V24,2026-09-15 06:19:00,18.53229,-69.98887,35.0,on,83.1
R03032,V24,2026-09-15 06:21:00,18.53502,-69.98775,0,on,83.0
R03032,V24,2026-09-15 06:23:00,18.54437,-69.99152,81.0,on,82.9
R03032,V24,2026-09-15 06:25:00,18.54555,-69.99768,48.0,on,82.8
R03032,V24,2026-09-15 06:27:00,18.55117,-70.00656,0,on,82.8
R03032,V24,2026-09-15 06:29:00,18.55298,-70.00153,0,on,82.7
R03032,V24,2026-09-15 06:31:00,18.55528,-70.00795,0,on,82.6
R03032,V24,2026-09-15 06:33:00,18.56108,-70.01724,60.0,on,82.5
R03032,V24,2026-09-15 06:35:00,18.56677,-70.01555,23.0,on,82.4
R03032,V24,2026-09-15 06:37:00,18.57341,-70.01216,28.0,on,82.3
R03032,V24,2026-09-15 06:39:00,18.57168,-70.01631,55.0,on,82.3
R03032,V24,2026-09-15 06:41:00,18.57569,-70.02893,0,on,82.2
R03032,V24,2026-09-15 06:43:00,18.58236,-70.02501,0,on,82.1
R03032,V24,2026-09-15 06:45:00,18.58436,-70.02854,92.0,on,82.0
R03032,V24,2026-09-15 06:47:00,18.59197,-70.03363,50.0,on,81.9
R03032,V24,2026-09-15 06:49:00,18.59492,-70.04241,0,on,81.8
R03032,V24,2026-09-15 06:51:00,18.59246,-70.04117,69.0,on,81.8
R03032,V24,2026-09-15 06:53:00,18.59981,-70.03822,0,on,81.7
R03032,V24,2026-09-15 06:55:00,18.61058,-70.04653,78.0,on,81.6
R03032,V24,2026-09-15 06:57:00,18.61401,-70.04953,80.0,on,81.5
R03032,V24,2026-09-15 06:59:00,18.61906,-70.05499,14.0,on,81.4
R03032,V24,2026-09-15 07:01:00,18.61966,-70.05002,78.0,on,81.4
R03032,V24,2026-09-15 07:03:00,18.62254,-70.05907,34.0,on,81.3
R03032,V24,2026-09-15 07:05:00,18.63109,-70.06144,19.0,on,81.2
R03032,V24,2026-09-15 07:07:00,18.63349,-70.0689,77.0,on,81.1
R03032,V24,2026-09-15 07:09:00,18.63153,-70.07231,0,on,81.0
R03032,V24,2026-09-15 07:11:00,18.63477,-70.07397,27.0,on,80.9
R03032,V24,2026-09-15 07:13:00,18.64488,-70.06793,20.0,on,80.9
R03032,V24,2026-09-15 07:15:00,18.64676,-70.07636,52.0,on,80.8
R03032,V24,2026-09-15 07:17:00,18.65197,-70.08308,63.0,on,80.7
R03032,V24,2026-09-15 07:19:00,18.65677,-70.0821,72.0,on,80.6
R03032,V24,2026-09-15 07:21:00,18.65635,-70.08803,21.0,on,80.5
R03032,V24,2026-09-15 07:23:00,18.66377,-70.08715,0,on,80.4
R03032,V24,2026-09-15 07:25:00,18.67302,-70.08418,0,on,80.4
R03032,V24,2026-09-15 07:27:00,18.67096,-70.1013,56.0,on,80.3
R03032,V24,2026-09-15 07:29:00,18.67365,-70.10446,19.0,on,80.2
R03032,V24,2026-09-15 07:31:00,18.6862,-70.0986,32.0,on,80.1
R03032,V24,2026-09-15 07:33:00,18.6814,-70.10747,78.0,on,80.0
R03032,V24,2026-09-15 07:35:00,18.68309,-70.10716,75.0,on,80.0
R03032,V24,2026-09-15 07:37:00,18.68866,-70.11499,44.0,on,79.9
R03032,V24,2026-09-15 07:39:00,18.69634,-70.11584,0,on,79.8
R03032,V24,2026-09-15 07:41:00,18.69878,-70.11417,57.0,on,79.7
R03032,V24,2026-09-15 07:43:00,18.70581,-70.12447,56.0,on,79.6
R03032,V24,2026-09-15 07:45:00,18.70882,-70.12473,0,on,79.5
R03032,V24,2026-09-15 07:47:00,18.72081,-70.12916,75.0,on,79.5
R03032,V24,2026-09-15 07:49:00,18.72002,-70.1285,85.0,on,79.4
R03032,V24,2026-09-15 07:51:00,18.71964,-70.13069,79.0,on,79.3
R03032,V24,2026-09-15 07:53:00,18.73057,-70.13052,86.0,on,79.2
R03032,V24,2026-09-15 07:55:00,18.72188,-70.1428,80.0,on,79.1
R03032,V24,2026-09-15 07:57:00,18.73401,-70.14322,0,on,79.0
R03032,V24,2026-09-15 07:59:00,18.74225,-70.14832,31.0,on,79.0
R03032,V24,2026-09-15 08:01:00,18.74544,-70.14752,42.0,on,78.9
R03032,V24,2026-09-15 08:03:00,18.746,-70.14775,0,on,78.8
R03032,V24,2026-09-15 08:05:00,18.75762,-70.15758,44.0,on,78.7
R03032,V24,2026-09-15 08:07:00,18.75573,-70.1636,20.0,on,78.6
R03032,V24,2026-09-15 08:09:00,18.76356,-70.16451,45.0,on,78.6
R03032,V24,2026-09-15 08:11:00,18.76684,-70.16491,93.0,on,78.5
R03032,V24,2026-09-15 08:13:00,18.76449,-70.17179,94.0,on,78.4
R03032,V24,2026-09-15 08:15:00,18.77132,-70.17171,61.0,on,78.3
R03032,V24,2026-09-15 08:17:00,18.77749,-70.17567,60.0,on,78.2
R03032,V24,2026-09-15 08:19:00,18.78175,-70.17357,0,on,78.1
R03032,V24,2026-09-15 08:21:00,18.78264,-70.17893,28.0,on,78.1
R03032,V24,2026-09-15 08:23:00,18.79485,-70.18324,13.0,on,78.0
R03032,V24,2026-09-15 08:25:00,18.79704,-70.18806,0,on,77.9
R03032,V24,2026-09-15 08:27:00,18.79258,-70.19213,47.0,on,77.8
R03032,V24,2026-09-15 08:29:00,18.80403,-70.19215,91.0,on,77.7
R03032,V24,2026-09-15 08:31:00,18.80798,-70.19989,65.0,on,77.6
R03032,V24,2026-09-15 08:33:00,18.80864,-70.20288,92.0,on,77.6
R03032,V24,2026-09-15 08:35:00,18.81478,-70.20867,0,on,77.5
R03032,V24,2026-09-15 08:37:00,18.81234,-70.21477,23.0,on,77.4
R03032,V24,2026-09-15 08:39:00,18.82634,-70.21262,86.0,on,77.3
R03032,V24,2026-09-15 08:41:00,18.82488,-70.21831,36.0,on,77.2
R03032,V24,2026-09-15 08:43:00,18.82861,-70.21866,95.0,on,77.1
R03032,V24,2026-09-15 08:45:00,18.83702,-70.21847,27.0,on,77.1
R03032,V24,2026-09-15 08:47:00,18.83962,-70.22134,60.0,on,77.0
R03032,V24,2026-09-15 08:49:00,18.84307,-70.22966,26.0,on,76.9
R03032,V24,2026-09-15 08:51:00,18.85062,-70.23278,76.0,on,76.8
R03032,V24,2026-09-15 08:53:00,18.84899,-70.23138,37.0,on,76.7
R03032,V24,2026-09-15 08:55:00,18.85259,-70.23826,44.0,on,76.7
R03032,V24,2026-09-15 08:57:00,18.86201,-70.23964,70.0,on,76.6
R03032,V24,2026-09-15 08:59:00,18.86392,-70.24179,0,on,76.5
R03032,V24,2026-09-15 09:01:00,18.86659,-70.24433,48.0,on,76.4
R03032,V24,2026-09-15 09:03:00,18.86689,-70.24857,31.0,on,76.3
R03032,V24,2026-09-15 09:05:00,18.88476,-70.25647,71.0,on,76.2
R03032,V24,2026-09-15 09:07:00,18.87146,-70.25644,74.0,on,76.2
R03032,V24,2026-09-15 09:09:00,18.88606,-70.25853,40.0,on,76.1
R03032,V24,2026-09-15 09:11:00,18.88837,-70.25247,35.0,on,76.0
R03032,V24,2026-09-15 09:13:00,18.88712,-70.26556,43.0,on,75.9
R03032,V24,2026-09-15 09:15:00,18.89286,-70.27041,43.0,on,75.8
R03032,V24,2026-09-15 09:17:00,18.90263,-70.2731,12.0,on,75.7
R03032,V24,2026-09-15 09:19:00,18.89879,-70.2825,0,on,75.7
R03032,V24,2026-09-15 09:21:00,18.90602,-70.27934,81.0,on,75.6
R03032,V24,2026-09-15 09:23:00,18.90813,-70.27774,54.0,on,75.5
R03032,V24,2026-09-15 09:25:00,18.91864,-70.29503,0,on,75.4
R03032,V24,2026-09-15 09:27:00,18.92352,-70.29399,27.0,on,75.3
R03032,V24,2026-09-15 09:29:00,18.935,-70.29081,87.0,on,75.3
R03032,V24,2026-09-15 09:31:00,18.92636,-70.3002,73.0,on,75.2
R03032,V24,2026-09-15 09:33:00,18.92682,-70.30053,28.0,on,75.1
R03032,V24,2026-09-15 09:35:00,18.93173,-70.30164,73.0,on,75.0
R03032,V24,2026-09-15 09:37:00,18.93675,-70.30815,58.0,on,74.9
R03032,V24,2026-09-15 09:39:00,18.94581,-70.30555,0,on,74.8
R03032,V24,2026-09-15 09:41:00,18.9435,-70.30744,47.0,on,74.8
R03032,V24,2026-09-15 09:43:00,18.94783,-70.31383,72.0,on,74.7
R03032,V24,2026-09-15 09:45:00,18.96004,-70.31455,22.0,on,74.6
R03032,V24,2026-09-15 09:47:00,18.96574,-70.31969,75.0,on,74.5
R03032,V24,2026-09-15 09:49:00,18.97187,-70.32967,42.0,on,74.4
R03032,V24,2026-09-15 09:51:00,18.9721,-70.32552,12.0,on,74.3
R03032,V24,2026-09-15 09:53:00,18.97302,-70.33482,25.0,on,74.3
R03032,V24,2026-09-15 09:55:00,18.97778,-70.32862,93.0,on,74.2
R03032,V24,2026-09-15 09:57:00,18.98142,-70.3421,88.0,on,74.1
R03032,V24,2026-09-15 09:59:00,18.9938,-70.3414,0,on,74.0
R03032,V24,2026-09-15 10:01:00,18.9907,-70.34063,84.0,on,73.9
R03032,V24,2026-09-15 10:03:00,18.98925,-70.33737,0,on,73.9
R03032,V24,2026-09-15 10:05:00,18.99847,-70.34807,55.0,on,73.8
R03032,V24,2026-09-15 10:07:00,19.00391,-70.3518,83.0,on,73.7
R03032,V24,2026-09-15 10:09:00,19.01566,-70.3523,0,on,73.6
R03032,V24,2026-09-15 10:11:00,19.00638,-70.3605,84.0,on,73.5
R03032,V24,2026-09-15 10:13:00,19.01593,-70.36034,58.0,on,73.4
R03032,V24,2026-09-15 10:15:00,19.01977,-70.36418,0,on,73.4
R03032,V24,2026-09-15 10:17:00,19.02203,-70.35851,0,on,73.3
R03032,V24,2026-09-15 10:19:00,19.02961,-70.36922,63.0,on,73.2
R03032,V24,2026-09-15 10:21:00,19.01802,-70.36767,35.0,on,73.1
R03032,V24,2026-09-15 10:23:00,19.03688,-70.36902,0,on,73.0
R03032,V24,2026-09-15 10:25:00,19.03764,-70.37397,0,on,72.9
R03032,V24,2026-09-15 10:27:00,19.04535,-70.38481,42.0,on,72.9
R03032,V24,2026-09-15 10:29:00,19.04583,-70.38686,88.0,on,72.8
R03032,V24,2026-09-15 10:31:00,19.05796,-70.38804,22.0,on,72.7
R03032,V24,2026-09-15 10:33:00,19.05688,-70.392,87.0,on,72.6
R03032,V24,2026-09-15 10:35:00,19.06597,-70.39881,74.0,on,72.5
R03032,V24,2026-09-15 10:37:00,19.06101,-70.39835,83.0,on,72.4
R03032,V24,2026-09-15 10:39:00,19.07781,-70.40567,73.0,on,72.4
R03032,V24,2026-09-15 10:41:00,19.06654,-70.40194,74.0,on,72.3
R03032,V24,2026-09-15 10:43:00,19.06772,-70.40711,0,on,72.2
R03032,V24,2026-09-15 10:45:00,19.08367,-70.41337,85.0,on,72.1
R03032,V24,2026-09-15 10:47:00,19.08866,-70.41401,49.0,on,72.0
R03032,V24,2026-09-15 10:49:00,19.08349,-70.4141,0,on,72.0
R03032,V24,2026-09-15 10:51:00,19.09947,-70.42336,24.0,on,71.9
R03032,V24,2026-09-15 10:53:00,19.10143,-70.41845,77.0,on,71.8
R03032,V24,2026-09-15 10:55:00,19.1008,-70.42402,86.0,on,71.7
R03032,V24,2026-09-15 10:57:00,19.10094,-70.43278,0,on,71.6
R03032,V24,2026-09-15 10:59:00,19.11632,-70.42844,22.0,on,71.5
R03032,V24,2026-09-15 11:01:00,19.11132,-70.44169,0,on,71.5
R03032,V24,2026-09-15 11:03:00,19.1242,-70.44627,31.0,on,71.4
R03032,V24,2026-09-15 11:05:00,19.12202,-70.44922,89.0,on,71.3
R03032,V24,2026-09-15 11:07:00,19.12443,-70.446,29.0,on,71.2
R03032,V24,2026-09-15 11:09:00,19.12922,-70.44945,20.0,on,71.1
R03032,V24,2026-09-15 11:11:00,19.13613,-70.45168,22.0,on,71.0
R03032,V24,2026-09-15 11:13:00,19.13696,-70.45816,73.0,on,71.0
R03032,V24,2026-09-15 11:15:00,19.14653,-70.46398,0,on,70.9
R03032,V24,2026-09-15 11:17:00,19.14678,-70.46138,0,on,70.8
R03032,V24,2026-09-15 11:19:00,19.15173,-70.46414,95.0,on,70.7
R03032,V24,2026-09-15 11:21:00,19.15553,-70.46223,40.0,on,70.6
R03032,V24,2026-09-15 11:23:00,19.1573,-70.47609,34.0,on,70.6
R03032,V24,2026-09-15 11:25:00,19.16742,-70.47672,37.0,on,70.5
R03032,V24,2026-09-15 11:27:00,19.17098,-70.47159,49.0,on,70.4
R03032,V24,2026-09-15 11:29:00,19.17291,-70.47653,91.0,on,70.3
R03032,V24,2026-09-15 11:31:00,19.16894,-70.48111,42.0,on,70.2
R03032,V24,2026-09-15 11:33:00,19.18123,-70.48157,0,on,70.1
R03032,V24,2026-09-15 11:35:00,19.18178,-70.48468,16.0,on,70.1
R03032,V24,2026-09-15 11:37:00,19.19061,-70.50466,0,on,70.0
R03032,V24,2026-09-15 11:39:00,19.19004,-70.50014,45.0,on,69.9
R03032,V24,2026-09-15 11:41:00,19.20089,-70.50206,25.0,on,69.8
R03032,V24,2026-09-15 11:43:00,19.2023,-70.50068,48.0,on,69.7
R03032,V24,2026-09-15 11:45:00,19.20258,-70.50555,43.0,on,69.6
R03032,V24,2026-09-15 11:47:00,19.20652,-70.51176,0,on,69.6
R03032,V24,2026-09-15 11:49:00,19.2147,-70.5163,34.0,on,69.5
R03032,V24,2026-09-15 11:51:00,19.21686,-70.52155,37.0,on,69.4
R03032,V24,2026-09-15 11:53:00,19.22794,-70.51694,29.0,on,69.3
R03032,V24,2026-09-15 11:55:00,19.22748,-70.51676,68.0,on,69.2
R03032,V24,2026-09-15 11:57:00,19.23664,-70.52301,0,on,69.2
R03032,V24,2026-09-15 11:59:00,19.23577,-70.52464,45.0,on,69.1
R03032,V24,2026-09-15 12:01:00,19.23823,-70.53161,40.0,on,69.0
R03032,V24,2026-09-15 12:03:00,19.24796,-70.53922,28.0,on,68.9
R03032,V24,2026-09-15 12:05:00,19.23661,-70.53358,52.0,on,68.8
R03032,V24,2026-09-15 12:07:00,19.2489,-70.53633,64.0,on,68.7
R03032,V24,2026-09-15 12:09:00,19.25797,-70.54354,60.0,on,68.7
R03032,V24,2026-09-15 12:11:00,19.26051,-70.55093,25.0,on,68.6
R03032,V24,2026-09-15 12:13:00,19.2632,-70.55944,0,on,68.5
R03032,V24,2026-09-15 12:15:00,19.26628,-70.56611,64.0,on,68.4
R03032,V24,2026-09-15 12:17:00,19.27037,-70.55257,45.0,on,68.3
R03032,V24,2026-09-15 12:19:00,19.27742,-70.55728,55.0,on,68.2
R03032,V24,2026-09-15 12:21:00,19.28014,-70.56573,33.0,on,68.2
R03032,V24,2026-09-15 12:23:00,19.29266,-70.56548,81.0,on,68.1
R03032,V24,2026-09-15 12:25:00,19.28752,-70.56442,27.0,on,68.0
R03032,V24,2026-09-15 12:27:00,19.28861,-70.56909,76.0,on,67.9
R03032,V24,2026-09-15 12:29:00,19.29571,-70.57907,0,on,67.8
R03032,V24,2026-09-15 12:31:00,19.30101,-70.57688,95.0,on,67.8
R03032,V24,2026-09-15 12:33:00,19.30439,-70.59408,53.0,on,67.7
R03032,V24,2026-09-15 12:35:00,19.30831,-70.58859,49.0,on,67.6
R03032,V24,2026-09-15 12:37:00,19.30966,-70.58796,17.0,on,67.5
R03032,V24,2026-09-15 12:39:00,19.32121,-70.59434,44.0,on,67.4
R03032,V24,2026-09-15 12:41:00,19.31942,-70.59547,71.0,on,67.3
R03032,V24,2026-09-15 12:43:00,19.32129,-70.59858,26.0,on,67.3
R03032,V24,2026-09-15 12:45:00,19.32849,-70.59893,50.0,on,67.2
R03032,V24,2026-09-15 12:47:00,19.32586,-70.60645,83.0,on,67.1
R03032,V24,2026-09-15 12:49:00,19.33597,-70.61093,93.0,on,67.0
R03032,V24,2026-09-15 12:51:00,19.34549,-70.61039,17.0,on,66.9
R03032,V24,2026-09-15 12:53:00,19.35218,-70.61648,42.0,on,66.8
R03032,V24,2026-09-15 12:55:00,19.34854,-70.61304,50.0,on,66.8
R03032,V24,2026-09-15 12:57:00,19.35291,-70.61873,80.0,on,66.7
R03032,V24,2026-09-15 12:59:00,19.3581,-70.62616,0,on,66.6
R03032,V24,2026-09-15 13:01:00,19.36285,-70.62649,12.0,on,66.5
R03032,V24,2026-09-15 13:03:00,19.36197,-70.62758,84.0,on,66.4
R03032,V24,2026-09-15 13:05:00,19.36756,-70.63203,0,on,66.3
R03032,V24,2026-09-15 13:07:00,19.37284,-70.63697,28.0,on,66.3
R03032,V24,2026-09-15 13:09:00,19.36978,-70.63448,93.0,on,66.2
R03032,V24,2026-09-15 13:11:00,19.3796,-70.64402,72.0,on,66.1
R03032,V24,2026-09-15 13:13:00,19.38781,-70.64735,0,on,66.0
R03032,V24,2026-09-15 13:15:00,19.39359,-70.653,0,on,65.9
R03032,V24,2026-09-15 13:17:00,19.39338,-70.65106,93.0,on,65.9
R03032,V24,2026-09-15 13:19:00,19.39456,-70.65822,74.0,on,65.8
R03032,V24,2026-09-15 13:21:00,19.40195,-70.65981,0,on,65.7
R03032,V24,2026-09-15 13:23:00,19.40478,-70.66777,22.0,on,65.6
R03032,V24,2026-09-15 13:25:00,19.4159,-70.6685,0,on,65.5
R03032,V24,2026-09-15 13:27:00,19.41328,-70.67038,30.0,on,65.4
R03032,V24,2026-09-15 13:29:00,19.42572,-70.66746,0,on,65.4
R03032,V24,2026-09-15 13:31:00,19.4229,-70.67021,0,on,65.3
R03032,V24,2026-09-15 13:33:00,19.42869,-70.67836,57.0,on,65.2
R03032,V24,2026-09-15 13:35:00,19.43249,-70.68076,44.0,on,65.1
R03032,V24,2026-09-15 13:37:00,19.43293,-70.6883,67.0,on,65.0
R03032,V24,2026-09-15 13:39:00,19.43831,-70.69667,57.0,on,64.9
R03032,V24,2026-09-15 13:41:00,19.44606,-70.68636,49.0,on,64.9
R03032,V24,2026-09-15 13:43:00,19.44744,-70.69421,65.0,on,64.8
R03032,V24,2026-09-15 13:45:00,19.4493,-70.70433,18.0,on,64.7
R03032,V24,2026-09-15 13:47:00,19.44252,-70.69532,84.0,on,64.6
R03032,V24,2026-09-15 13:49:00,19.43619,-70.68732,25.0,on,64.5
R03032,V24,2026-09-15 13:51:00,19.44208,-70.69075,86.0,on,64.5
R03032,V24,2026-09-15 13:53:00,19.43389,-70.68178,12.0,on,64.4
R03032,V24,2026-09-15 13:55:00,19.42936,-70.68354,77.0,on,64.3
R03032,V24,2026-09-15 13:57:00,19.42952,-70.67461,83.0,on,64.2
R03032,V24,2026-09-15 13:59:00,19.41726,-70.67204,36.0,on,64.1
R03032,V24,2026-09-15 14:01:00,19.42057,-70.66843,90.0,on,64.0
R03032,V24,2026-09-15 14:03:00,19.41526,-70.67703,93.0,on,64.0
R03032,V24,2026-09-15 14:05:00,19.40744,-70.66438,88.0,on,63.9
R03032,V24,2026-09-15 14:07:00,19.40608,-70.67012,0,on,63.8
R03032,V24,2026-09-15 14:09:00,19.41162,-70.66016,86.0,on,63.7
R03032,V24,2026-09-15 14:11:00,19.39803,-70.65401,84.0,on,63.6
R03032,V24,2026-09-15 14:13:00,19.40008,-70.66256,64.0,on,63.5
R03032,V24,2026-09-15 14:15:00,19.38985,-70.65238,72.0,on,63.5
R03032,V24,2026-09-15 14:17:00,19.38099,-70.64568,0,on,63.4
R03032,V24,2026-09-15 14:19:00,19.38312,-70.64398,90.0,on,63.3
R03032,V24,2026-09-15 14:21:00,19.37789,-70.6385,88.0,on,63.2
R03032,V24,2026-09-15 14:23:00,19.37458,-70.63459,52.0,on,63.1
R03032,V24,2026-09-15 14:25:00,19.36825,-70.63166,77.0,on,63.1
R03032,V24,2026-09-15 14:27:00,19.36314,-70.62447,43.0,on,63.0
R03032,V24,2026-09-15 14:29:00,19.36381,-70.62555,47.0,on,62.9
R03032,V24,2026-09-15 14:31:00,19.34756,-70.6224,84.0,on,62.8
R03032,V24,2026-09-15 14:33:00,19.34905,-70.62176,0,on,62.7
R03032,V24,2026-09-15 14:35:00,19.34867,-70.61225,59.0,on,62.6
R03032,V24,2026-09-15 14:37:00,19.3471,-70.61223,20.0,on,62.6
R03032,V24,2026-09-15 14:39:00,19.3369,-70.61179,0,on,62.5
R03032,V24,2026-09-15 14:41:00,19.33771,-70.60554,29.0,on,62.4
R03032,V24,2026-09-15 14:43:00,19.33471,-70.60268,34.0,on,62.3
R03032,V24,2026-09-15 14:45:00,19.33305,-70.59976,59.0,on,62.2
R03032,V24,2026-09-15 14:47:00,19.3194,-70.59744,89.0,on,62.1
R03032,V24,2026-09-15 14:49:00,19.32281,-70.59446,53.0,on,62.1
R03032,V24,2026-09-15 14:51:00,19.31409,-70.58641,21.0,on,62.0
R03032,V24,2026-09-15 14:53:00,19.30784,-70.59042,74.0,on,61.9
R03032,V24,2026-09-15 14:55:00,19.30545,-70.58303,38.0,on,61.8
R03032,V24,2026-09-15 14:57:00,19.29751,-70.58437,0,on,61.7
R03032,V24,2026-09-15 14:59:00,19.298,-70.5836,23.0,on,61.6
R03032,V24,2026-09-15 15:01:00,19.30256,-70.56904,0,on,61.6
R03032,V24,2026-09-15 15:03:00,19.28905,-70.57487,66.0,on,61.5
R03032,V24,2026-09-15 15:05:00,19.28373,-70.57028,72.0,on,61.4
R03032,V24,2026-09-15 15:07:00,19.28236,-70.56434,26.0,on,61.3
R03032,V24,2026-09-15 15:09:00,19.27664,-70.56198,46.0,on,61.2
R03032,V24,2026-09-15 15:11:00,19.27583,-70.55835,59.0,on,61.2
R03032,V24,2026-09-15 15:13:00,19.27118,-70.55141,81.0,on,61.1
R03032,V24,2026-09-15 15:15:00,19.2681,-70.55259,91.0,on,61.0
R03032,V24,2026-09-15 15:17:00,19.25761,-70.55154,80.0,on,60.9
R03032,V24,2026-09-15 15:19:00,19.25068,-70.54059,0,on,60.8
R03032,V24,2026-09-15 15:21:00,19.25412,-70.55162,17.0,on,60.7
R03032,V24,2026-09-15 15:23:00,19.25369,-70.53814,69.0,on,60.7
R03032,V24,2026-09-15 15:25:00,19.24187,-70.53995,86.0,on,60.6
R03032,V24,2026-09-15 15:27:00,19.24332,-70.54127,72.0,on,60.5
R03032,V24,2026-09-15 15:29:00,19.23343,-70.52403,79.0,on,60.4
R03032,V24,2026-09-15 15:31:00,19.22546,-70.52327,54.0,on,60.3
R03032,V24,2026-09-15 15:33:00,19.22756,-70.52762,72.0,on,60.2
R03032,V24,2026-09-15 15:35:00,19.22227,-70.52291,39.0,on,60.2
R03032,V24,2026-09-15 15:37:00,19.22106,-70.5182,31.0,on,60.1
R03032,V24,2026-09-15 15:39:00,19.21929,-70.51748,0,on,60.0
R03032,V24,2026-09-15 15:41:00,19.21608,-70.51644,59.0,on,59.9
R03032,V24,2026-09-15 15:43:00,19.20566,-70.5034,69.0,on,59.8
R03032,V24,2026-09-15 15:45:00,19.20849,-70.50232,86.0,on,59.8
R03032,V24,2026-09-15 15:47:00,19.20299,-70.50369,0,on,59.7
R03032,V24,2026-09-15 15:49:00,19.19073,-70.49993,25.0,on,59.6
R03032,V24,2026-09-15 15:51:00,19.18912,-70.4943,78.0,on,59.5
R03032,V24,2026-09-15 15:53:00,19.19122,-70.49338,80.0,on,59.4
R03032,V24,2026-09-15 15:55:00,19.18278,-70.49069,48.0,on,59.3
R03032,V24,2026-09-15 15:57:00,19.18009,-70.4888,26.0,on,59.3
R03032,V24,2026-09-15 15:59:00,19.17081,-70.47897,49.0,on,59.2
R03032,V24,2026-09-15 16:01:00,19.17352,-70.48101,83.0,on,59.1
R03032,V24,2026-09-15 16:03:00,19.16414,-70.47389,0,on,59.0
R03032,V24,2026-09-15 16:05:00,19.16202,-70.47667,33.0,on,58.9
R03032,V24,2026-09-15 16:07:00,19.14925,-70.47623,79.0,on,58.8
R03032,V24,2026-09-15 16:09:00,19.15758,-70.46282,79.0,on,58.8
R03032,V24,2026-09-15 16:11:00,19.14982,-70.46892,42.0,on,58.7
R03032,V24,2026-09-15 16:13:00,19.14355,-70.45979,46.0,on,58.6
R03032,V24,2026-09-15 16:15:00,19.13931,-70.45177,29.0,on,58.5
R03032,V24,2026-09-15 16:17:00,19.14769,-70.455,35.0,on,58.4
R03032,V24,2026-09-15 16:19:00,19.13373,-70.44711,78.0,on,58.4
R03032,V24,2026-09-15 16:21:00,19.13796,-70.44766,61.0,on,58.3
R03032,V24,2026-09-15 16:23:00,19.12553,-70.44309,57.0,on,58.2
R03032,V24,2026-09-15 16:25:00,19.11883,-70.44337,43.0,on,58.1
R03032,V24,2026-09-15 16:27:00,19.12082,-70.4429,82.0,on,58.0
R03032,V24,2026-09-15 16:29:00,19.1158,-70.43831,77.0,on,57.9
R03032,V24,2026-09-15 16:31:00,19.10782,-70.43763,54.0,on,57.9
R03032,V24,2026-09-15 16:33:00,19.10226,-70.42595,30.0,on,57.8
R03032,V24,2026-09-15 16:35:00,19.09991,-70.42551,43.0,on,57.7
R03032,V24,2026-09-15 16:37:00,19.09236,-70.4264,46.0,on,57.6
R03032,V24,2026-09-15 16:39:00,19.08788,-70.41766,78.0,on,57.5
R03032,V24,2026-09-15 16:41:00,19.08637,-70.4174,13.0,on,57.4
R03032,V24,2026-09-15 16:43:00,19.08386,-70.42454,77.0,on,57.4
R03032,V24,2026-09-15 16:45:00,19.08249,-70.41032,29.0,on,57.3
R03032,V24,2026-09-15 16:47:00,19.07445,-70.41118,50.0,on,57.2
R03032,V24,2026-09-15 16:49:00,19.06761,-70.39702,0,on,57.1
R03032,V24,2026-09-15 16:51:00,19.06895,-70.40341,74.0,on,57.0
R03032,V24,2026-09-15 16:53:00,19.06033,-70.38822,65.0,on,57.0
R03032,V24,2026-09-15 16:55:00,19.05535,-70.39288,0,on,56.9
R03032,V24,2026-09-15 16:57:00,19.05992,-70.38818,39.0,on,56.8
R03032,V24,2026-09-15 16:59:00,19.05891,-70.3913,69.0,on,56.7
R03032,V24,2026-09-15 17:01:00,19.05242,-70.3781,65.0,on,56.6
R03032,V24,2026-09-15 17:03:00,19.04351,-70.38107,34.0,on,56.5
R03032,V24,2026-09-15 17:05:00,19.0411,-70.37929,21.0,on,56.5
R03032,V24,2026-09-15 17:07:00,19.02783,-70.37286,24.0,on,56.4
R03032,V24,2026-09-15 17:09:00,19.03131,-70.37329,90.0,on,56.3
R03032,V24,2026-09-15 17:11:00,19.02948,-70.36875,90.0,on,56.2
R03032,V24,2026-09-15 17:13:00,19.01886,-70.36349,89.0,on,56.1
R03032,V24,2026-09-15 17:15:00,19.01784,-70.35891,52.0,on,56.0
R03032,V24,2026-09-15 17:17:00,19.01469,-70.36018,80.0,on,56.0
R03032,V24,2026-09-15 17:19:00,19.01027,-70.36269,82.0,on,55.9
R03032,V24,2026-09-15 17:21:00,19.00278,-70.35303,94.0,on,55.8
R03032,V24,2026-09-15 17:23:00,19.00616,-70.35179,29.0,on,55.7
R03032,V24,2026-09-15 17:25:00,19.00273,-70.3465,34.0,on,55.6
R03032,V24,2026-09-15 17:27:00,18.99792,-70.34535,70.0,on,55.5
R03032,V24,2026-09-15 17:29:00,19.00141,-70.3401,30.0,on,55.5
R03032,V24,2026-09-15 17:31:00,18.99373,-70.34345,46.0,on,55.4
R03032,V24,2026-09-15 17:33:00,18.98367,-70.33302,40.0,on,55.3
R03032,V24,2026-09-15 17:35:00,18.97097,-70.32685,0,on,55.2
R03032,V24,2026-09-15 17:37:00,18.96988,-70.32757,0,on,55.1
R03032,V24,2026-09-15 17:39:00,18.97231,-70.33105,30.0,on,55.1
R03032,V24,2026-09-15 17:41:00,18.96529,-70.32195,85.0,on,55.0
R03032,V24,2026-09-15 17:43:00,18.95989,-70.31067,53.0,on,54.9
R03032,V24,2026-09-15 17:45:00,18.95402,-70.31625,95.0,on,54.8
R03032,V24,2026-09-15 17:47:00,18.94961,-70.30719,95.0,on,54.7
R03032,V24,2026-09-15 17:49:00,18.9411,-70.30827,0,on,54.6
R03032,V24,2026-09-15 17:51:00,18.94551,-70.3053,90.0,on,54.6
R03032,V24,2026-09-15 17:53:00,18.93711,-70.29774,13.0,on,54.5
R03032,V24,2026-09-15 17:55:00,18.93811,-70.30249,63.0,on,54.4
R03032,V24,2026-09-15 17:57:00,18.93121,-70.29786,48.0,on,54.3
R03032,V24,2026-09-15 17:59:00,18.9299,-70.28973,0,on,54.2
R03032,V24,2026-09-15 18:01:00,18.92373,-70.28944,65.0,on,54.1
R03032,V24,2026-09-15 18:03:00,18.92169,-70.28781,52.0,on,54.1
R03032,V24,2026-09-15 18:05:00,18.91724,-70.27832,93.0,on,54.0
R03032,V24,2026-09-15 18:07:00,18.91029,-70.27811,92.0,on,53.9
R03032,V24,2026-09-15 18:09:00,18.91084,-70.27406,87.0,on,53.8
R03032,V24,2026-09-15 18:11:00,18.90462,-70.27733,17.0,on,53.7
R03032,V24,2026-09-15 18:13:00,18.88877,-70.26854,77.0,on,53.7
R03032,V24,2026-09-15 18:15:00,18.88708,-70.2674,91.0,on,53.6
R03032,V24,2026-09-15 18:17:00,18.89136,-70.27431,13.0,on,53.5
R03032,V24,2026-09-15 18:19:00,18.8803,-70.26465,27.0,on,53.4
R03032,V24,2026-09-15 18:21:00,18.87799,-70.25855,34.0,on,53.3
R03032,V24,2026-09-15 18:23:00,18.8736,-70.2601,17.0,on,53.2
R03032,V24,2026-09-15 18:25:00,18.87832,-70.25812,69.0,on,53.2
R03032,V24,2026-09-15 18:27:00,18.87281,-70.25274,83.0,on,53.1
R03032,V24,2026-09-15 18:29:00,18.8713,-70.24489,49.0,on,53.0
R03032,V24,2026-09-15 18:31:00,18.86267,-70.24163,93.0,on,52.9
R03032,V24,2026-09-15 18:33:00,18.85537,-70.23482,81.0,on,52.8
R03032,V24,2026-09-15 18:35:00,18.86008,-70.23514,80.0,on,52.7
R03032,V24,2026-09-15 18:37:00,18.84755,-70.22621,55.0,on,52.7
R03032,V24,2026-09-15 18:39:00,18.83834,-70.22572,90.0,on,52.6
R03032,V24,2026-09-15 18:41:00,18.83292,-70.22475,0,on,52.5
R03032,V24,2026-09-15 18:43:00,18.83179,-70.23076,85.0,on,52.4
R03032,V24,2026-09-15 18:45:00,18.82904,-70.22505,49.0,on,52.3
R03032,V24,2026-09-15 18:47:00,18.82808,-70.21518,58.0,on,52.3
R03032,V24,2026-09-15 18:49:00,18.82134,-70.21709,34.0,on,52.2
R03032,V24,2026-09-15 18:51:00,18.8209,-70.21815,0,on,52.1
R03032,V24,2026-09-15 18:53:00,18.81333,-70.20271,43.0,on,52.0
R03032,V24,2026-09-15 18:55:00,18.81151,-70.20241,36.0,on,51.9
R03032,V24,2026-09-15 18:57:00,18.80873,-70.19865,95.0,on,51.8
R03032,V24,2026-09-15 18:59:00,18.79646,-70.19497,34.0,on,51.8
R03032,V24,2026-09-15 19:01:00,18.80429,-70.19504,18.0,on,51.7
R03032,V24,2026-09-15 19:03:00,18.80094,-70.19574,24.0,on,51.6
R03032,V24,2026-09-15 19:05:00,18.78951,-70.19026,81.0,on,51.5
R03032,V24,2026-09-15 19:07:00,18.78953,-70.17899,67.0,on,51.4
R03032,V24,2026-09-15 19:09:00,18.78746,-70.18451,58.0,on,51.3
R03032,V24,2026-09-15 19:11:00,18.78352,-70.16973,0,on,51.3
R03032,V24,2026-09-15 19:13:00,18.77405,-70.17367,81.0,on,51.2
R03032,V24,2026-09-15 19:15:00,18.76934,-70.17473,62.0,on,51.1
R03032,V24,2026-09-15 19:17:00,18.76203,-70.16582,88.0,on,51.0
R03032,V24,2026-09-15 19:19:00,18.76044,-70.16198,62.0,on,50.9
R03032,V24,2026-09-15 19:21:00,18.7575,-70.15738,79.0,on,50.8
R03032,V24,2026-09-15 19:23:00,18.753,-70.15924,56.0,on,50.8
R03032,V24,2026-09-15 19:25:00,18.74822,-70.15847,0,on,50.7
R03032,V24,2026-09-15 19:27:00,18.74539,-70.14946,78.0,on,50.6
R03032,V24,2026-09-15 19:29:00,18.73704,-70.15261,36.0,on,50.5
R03032,V24,2026-09-15 19:31:00,18.73897,-70.1476,81.0,on,50.4
R03032,V24,2026-09-15 19:33:00,18.73752,-70.14331,89.0,on,50.4
R03032,V24,2026-09-15 19:35:00,18.73322,-70.14371,26.0,on,50.3
R03032,V24,2026-09-15 19:37:00,18.72695,-70.13527,37.0,on,50.2
R03032,V24,2026-09-15 19:39:00,18.72644,-70.13406,33.0,on,50.1
R03032,V24,2026-09-15 19:41:00,18.71574,-70.13153,0,on,50.0
R03032,V24,2026-09-15 19:43:00,18.71901,-70.12318,72.0,on,49.9
R03032,V24,2026-09-15 19:45:00,18.71339,-70.12602,85.0,on,49.9
R03032,V24,2026-09-15 19:47:00,18.7063,-70.11454,14.0,on,49.8
R03032,V24,2026-09-15 19:49:00,18.70275,-70.11927,49.0,on,49.7
R03032,V24,2026-09-15 19:51:00,18.69673,-70.11058,41.0,on,49.6
R03032,V24,2026-09-15 19:53:00,18.69492,-70.10183,14.0,on,49.5
R03032,V24,2026-09-15 19:55:00,18.6837,-70.11373,44.0,on,49.4
R03032,V24,2026-09-15 19:57:00,18.68151,-70.11339,61.0,on,49.4
R03032,V24,2026-09-15 19:59:00,18.67845,-70.10396,25.0,on,49.3
R03032,V24,2026-09-15 20:01:00,18.67994,-70.09662,0,on,49.2
R03032,V24,2026-09-15 20:03:00,18.6671,-70.09411,37.0,on,49.1
R03032,V24,2026-09-15 20:05:00,18.66289,-70.09227,0,on,49.0
R03032,V24,2026-09-15 20:07:00,18.66232,-70.08987,0,on,49.0
R03032,V24,2026-09-15 20:09:00,18.6584,-70.08749,74.0,on,48.9
R03032,V24,2026-09-15 20:11:00,18.65625,-70.07899,71.0,on,48.8
R03032,V24,2026-09-15 20:13:00,18.64966,-70.08564,57.0,on,48.7
R03032,V24,2026-09-15 20:15:00,18.63965,-70.07327,69.0,on,48.6
R03032,V24,2026-09-15 20:17:00,18.64685,-70.06953,23.0,on,48.5
R03032,V24,2026-09-15 20:19:00,18.64296,-70.06983,49.0,on,48.5
R03032,V24,2026-09-15 20:21:00,18.63339,-70.07027,20.0,on,48.4
R03032,V24,2026-09-15 20:23:00,18.63298,-70.0643,76.0,on,48.3
R03032,V24,2026-09-15 20:25:00,18.6264,-70.06144,0,on,48.2
R03032,V24,2026-09-15 20:27:00,18.62411,-70.05313,94.0,on,48.1
R03032,V24,2026-09-15 20:29:00,18.61925,-70.05533,89.0,on,48.0
R03032,V24,2026-09-15 20:31:00,18.62486,-70.05332,0,on,48.0
R03032,V24,2026-09-15 20:33:00,18.61003,-70.04498,49.0,on,47.9
R03032,V24,2026-09-15 20:35:00,18.60342,-70.04703,13.0,on,47.8
R03032,V24,2026-09-15 20:37:00,18.60544,-70.04572,16.0,on,47.7
R03032,V24,2026-09-15 20:39:00,18.59779,-70.04128,86.0,on,47.6
R03032,V24,2026-09-15 20:41:00,18.59579,-70.04316,0,on,47.6
R03032,V24,2026-09-15 20:43:00,18.58525,-70.03402,51.0,on,47.5
R03032,V24,2026-09-15 20:45:00,18.58035,-70.03153,76.0,on,47.4
R03032,V24,2026-09-15 20:47:00,18.57563,-70.02546,25.0,on,47.3
R03032,V24,2026-09-15 20:49:00,18.57785,-70.02525,76.0,on,47.2
R03032,V24,2026-09-15 20:51:00,18.57604,-70.01459,69.0,on,47.1
R03032,V24,2026-09-15 20:53:00,18.56599,-70.0145,75.0,on,47.1
R03032,V24,2026-09-15 20:55:00,18.56228,-70.01438,74.0,on,47.0
R03032,V24,2026-09-15 20:57:00,18.5604,-70.00633,61.0,on,46.9
R03032,V24,2026-09-15 20:59:00,18.56081,-70.00758,39.0,on,46.8
R03032,V24,2026-09-15 21:01:00,18.55328,-70.00362,55.0,on,46.7
R03032,V24,2026-09-15 21:03:00,18.55055,-69.99654,87.0,on,46.6
R03032,V24,2026-09-15 21:05:00,18.54599,-69.99703,93.0,on,46.6
R03032,V24,2026-09-15 21:07:00,18.54207,-69.99342,59.0,on,46.5
R03032,V24,2026-09-15 21:09:00,18.53468,-69.9933,63.0,on,46.4
R03032,V24,2026-09-15 21:11:00,18.53154,-69.98733,0,on,46.3
R03032,V24,2026-09-15 21:13:00,18.52872,-69.98554,0,on,46.2
R03032,V24,2026-09-15 21:15:00,18.52842,-69.97402,0,on,46.2
R03032,V24,2026-09-15 21:17:00,18.52159,-69.97738,0,on,46.1
R03032,V24,2026-09-15 21:19:00,18.51719,-69.97167,68.0,on,46.0
R03032,V24,2026-09-15 21:21:00,18.50929,-69.97121,36.0,on,45.9
R03032,V24,2026-09-15 21:23:00,18.50676,-69.96971,40.0,on,45.8
R03032,V24,2026-09-15 21:25:00,18.50283,-69.95853,34.0,on,45.7
R03032,V24,2026-09-15 21:27:00,18.50496,-69.96264,81.0,on,45.7
