run_id,date,weekday,route_id,zone,driver_id,vehicle_id,vehicle_type,weather,start_time,end_time,planned_stops,completed_stops,failed_stops,on_time_stops,on_time_pct,planned_km,actual_km,km_deviation_pct,idle_minutes,fuel_used_l,km_per_l,fuel_cost_est
R00001,2026-04-01,Wed,BK-01,Harbor Row,D01,V01,motorbike,Clear,2026-04-01 12:32:00,2026-04-01 16:46:17,21,19,2,17,89.5,38.0,39.3,3.4,5,1.0,39.17,1.72
R00002,2026-04-01,Wed,BK-06,Elm Park,D02,V02,motorbike,Clear,2026-04-01 12:35:00,2026-04-01 17:16:27,25,25,0,25,100.0,37.5,39.2,4.5,7,1.14,34.37,1.97
R00003,2026-04-01,Wed,BK-04,Riverside,D03,V03,motorbike,Clear,2026-04-01 12:30:00,2026-04-01 16:55:28,22,21,1,20,95.2,61.8,65.0,5.2,34,1.77,36.64,3.04
R00004,2026-04-01,Wed,BK-03,Old Mill,D04,V04,motorbike,Clear,2026-04-01 12:36:00,2026-04-01 16:45:21,21,21,0,21,100.0,38.3,40.3,5.2,29,1.19,33.78,2.04
R00005,2026-04-01,Wed,BK-04,Riverside,D05,V05,motorbike,Clear,2026-04-01 07:39:00,2026-04-01 11:35:00,21,21,0,21,100.0,59.0,59.7,1.2,18,1.56,38.28,2.67
R00006,2026-04-01,Wed,BK-01,Harbor Row,D06,V06,motorbike,Clear,2026-04-01 07:31:00,2026-04-01 11:51:46,22,22,0,22,100.0,39.8,41.7,4.8,17,1.26,33.03,2.15
R00007,2026-04-01,Wed,BK-05,Northgate,D07,V07,motorbike,Clear,2026-04-01 07:35:00,2026-04-01 13:18:29,29,28,1,23,82.1,41.4,43.4,4.8,36,1.35,32.26,2.32
R00008,2026-04-01,Wed,BK-01,Harbor Row,D09,V09,motorbike,Clear,2026-04-01 12:33:00,2026-04-01 16:37:48,19,18,1,14,77.8,34.4,35.1,2.0,12,0.95,36.86,1.64
R00009,2026-04-01,Wed,BK-05,Northgate,D10,V10,motorbike,Clear,2026-04-01 12:36:00,2026-04-01 18:01:08,28,28,0,28,100.0,40.0,41.0,2.5,0,1.06,38.75,1.82
R00010,2026-04-01,Wed,BK-02,Maple Heights,D11,V11,motorbike,Clear,2026-04-01 07:36:00,2026-04-01 12:07:58,23,23,0,23,100.0,43.1,44.9,4.2,20,1.18,37.92,2.03
R00011,2026-04-01,Wed,BK-04,Riverside,D12,V12,motorbike,Clear,2026-04-01 07:34:00,2026-04-01 11:45:15,21,21,0,21,100.0,59.0,67.3,14.1,0,1.94,34.76,3.34
R00012,2026-04-01,Wed,BK-05,Northgate,D13,V13,motorbike,Clear,2026-04-01 07:38:00,2026-04-01 13:27:35,30,29,1,27,93.1,42.9,43.8,2.1,21,1.21,36.12,2.09
R00013,2026-04-01,Wed,BK-04,Riverside,D14,V14,motorbike,Clear,2026-04-01 12:37:00,2026-04-01 16:41:40,20,20,0,20,100.0,56.2,59.6,6.0,21,1.6,37.14,2.76
R00014,2026-04-01,Wed,VN-04,Lakeview,D15,V15,van,Clear,2026-04-01 07:32:00,2026-04-01 12:16:04,15,15,0,13,86.7,98.4,100.4,2.0,27,9.66,10.39,15.2
R00015,2026-04-01,Wed,VN-02,Brookfield,D16,V16,van,Clear,2026-04-01 07:39:00,2026-04-01 12:17:06,15,15,0,15,100.0,74.1,73.4,-0.9,0,6.45,11.38,10.24
R00016,2026-04-01,Wed,VN-02,Brookfield,D17,V17,van,Clear,2026-04-01 07:38:00,2026-04-01 12:14:55,15,15,0,14,93.3,74.1,76.1,2.7,7,6.89,11.04,10.84
R00017,2026-04-01,Wed,VN-03,Stonebridge,D18,V18,van,Clear,2026-04-01 07:39:00,2026-04-01 13:36:08,20,19,1,19,100.0,108.0,111.6,3.3,31,10.86,10.27,17.07
R00018,2026-04-01,Wed,VN-03,Stonebridge,D19,V19,van,Clear,2026-04-01 07:40:00,2026-04-01 13:26:08,19,18,1,18,100.0,102.6,105.5,2.8,0,9.57,11.03,15.24
R00019,2026-04-01,Wed,VN-03,Stonebridge,D20,V20,van,Clear,2026-04-01 07:37:00,2026-04-01 13:30:48,20,19,1,19,100.0,108.0,110.2,2.0,0,10.04,10.98,15.99
R00020,2026-04-01,Wed,TR-03,Granite Hill,D21,V21,truck,Clear,2026-04-01 06:10:00,2026-04-01 16:57:56,13,12,1,12,100.0,273.0,278.5,2.0,0,78.75,3.54,124.22
R00021,2026-04-01,Wed,TR-02,Westfield,D22,V22,truck,Clear,2026-04-01 06:00:00,2026-04-01 13:47:24,9,9,0,8,88.9,308.2,310.1,0.6,36,93.59,3.31,147.6
R00022,2026-04-01,Wed,TR-03,Granite Hill,D23,V23,truck,Clear,2026-04-01 06:00:00,2026-04-01 13:54:05,9,9,0,5,55.6,189.0,196.6,4.0,43,56.19,3.5,88.41
R00023,2026-04-01,Wed,TR-03,Granite Hill,D24,V24,truck,Clear,2026-04-01 06:04:00,2026-04-01 14:33:24,10,9,1,9,100.0,210.0,214.8,2.3,16,60.23,3.57,94.41
R00024,2026-04-02,Thu,BK-06,Elm Park,D01,V01,motorbike,Clear,2026-04-02 12:36:00,2026-04-02 17:29:47,25,25,0,22,88.0,37.5,37.4,-0.3,0,0.86,43.5,1.49
R00025,2026-04-02,Thu,BK-06,Elm Park,D02,V02,motorbike,Clear,2026-04-02 12:36:00,2026-04-02 17:59:24,28,27,1,26,96.3,42.0,43.0,2.4,27,1.36,31.73,2.32
R00026,2026-04-02,Thu,BK-01,Harbor Row,D03,V03,motorbike,Clear,2026-04-02 12:38:00,2026-04-02 16:43:27,20,20,0,17,85.0,36.2,37.1,2.5,12,0.93,39.83,1.61
R00027,2026-04-02,Thu,BK-05,Northgate,D04,V04,motorbike,Clear,2026-04-02 12:36:00,2026-04-02 18:18:55,29,27,2,24,88.9,41.4,43.3,4.6,26,1.28,33.74,2.18
R00028,2026-04-02,Thu,BK-04,Riverside,D05,V05,motorbike,Clear,2026-04-02 07:35:00,2026-04-02 11:53:26,22,22,0,22,100.0,61.8,63.7,3.1,55,1.87,33.98,3.23
R00029,2026-04-02,Thu,BK-01,Harbor Row,D06,V06,motorbike,Clear,2026-04-02 07:33:00,2026-04-02 12:01:56,22,21,1,21,100.0,39.8,41.0,3.0,18,1.22,33.51,2.1
R00030,2026-04-02,Thu,BK-04,Riverside,D07,V07,motorbike,Clear,2026-04-02 07:37:00,2026-04-02 11:43:09,20,19,1,19,100.0,56.2,57.9,3.0,10,1.64,35.38,2.82
R00031,2026-04-02,Thu,BK-05,Northgate,D08,V08,motorbike,Clear,2026-04-02 07:31:00,2026-04-02 13:22:49,30,28,2,24,85.7,42.9,44.7,4.2,32,1.36,32.88,2.33
R00032,2026-04-02,Thu,BK-05,Northgate,D09,V09,motorbike,Clear,2026-04-02 12:31:00,2026-04-02 18:00:19,28,27,1,27,100.0,40.0,41.1,2.8,22,1.22,33.77,2.11
R00033,2026-04-02,Thu,BK-06,Elm Park,D10,V10,motorbike,Clear,2026-04-02 12:31:00,2026-04-02 17:59:15,28,28,0,27,96.4,42.0,43.0,2.4,28,1.3,33.18,2.25
R00034,2026-04-02,Thu,BK-02,Maple Heights,D11,V11,motorbike,Clear,2026-04-02 07:38:00,2026-04-02 12:09:43,23,20,3,20,100.0,43.1,45.2,4.9,37,1.25,36.08,2.16
R00035,2026-04-02,Thu,BK-01,Harbor Row,D12,V12,motorbike,Clear,2026-04-02 07:33:00,2026-04-02 11:47:16,21,20,1,20,100.0,38.0,41.9,10.3,0,1.24,33.9,2.12
R00036,2026-04-02,Thu,BK-06,Elm Park,D13,V13,motorbike,Clear,2026-04-02 07:34:00,2026-04-02 12:36:08,26,25,1,25,100.0,39.0,39.4,1.0,0,1.0,39.34,1.72
R00037,2026-04-02,Thu,BK-01,Harbor Row,D14,V14,motorbike,Clear,2026-04-02 12:30:00,2026-04-02 16:50:05,23,23,0,23,100.0,41.6,43.6,4.8,0,1.13,38.63,1.94
R00038,2026-04-02,Thu,VN-03,Stonebridge,D15,V15,van,Clear,2026-04-02 07:34:00,2026-04-02 13:39:44,20,20,0,20,100.0,108.0,113.7,5.3,0,10.39,10.94,16.43
R00039,2026-04-02,Thu,VN-04,Lakeview,D17,V17,van,Clear,2026-04-02 07:31:00,2026-04-02 12:59:28,18,18,0,18,100.0,118.1,117.5,-0.5,19,11.12,10.57,17.5
R00040,2026-04-02,Thu,VN-03,Stonebridge,D18,V18,van,Clear,2026-04-02 07:38:00,2026-04-02 14:17:04,22,21,1,21,100.0,118.8,123.7,4.1,52,11.97,10.34,19.32
R00041,2026-04-02,Thu,VN-01,Cedar Point,D19,V19,van,Clear,2026-04-02 07:40:00,2026-04-02 13:05:57,18,18,0,18,100.0,84.4,87.0,3.1,0,7.64,11.38,12.08
R00042,2026-04-02,Thu,VN-01,Cedar Point,D20,V20,van,Clear,2026-04-02 07:36:00,2026-04-02 13:13:32,18,18,0,14,77.8,84.4,87.4,3.6,56,8.55,10.22,13.53
R00043,2026-04-02,Thu,TR-01,Foundry District,D21,V21,truck,Clear,2026-04-02 06:03:00,2026-04-02 13:01:56,8,8,0,8,100.0,267.0,277.0,3.7,20,77.27,3.58,121.84
R00044,2026-04-02,Thu,TR-01,Foundry District,D22,V22,truck,Clear,2026-04-02 06:06:00,2026-04-02 13:53:08,9,9,0,8,88.9,300.4,308.7,2.8,18,93.08,3.32,146.54
R00045,2026-04-02,Thu,TR-02,Westfield,D23,V23,truck,Clear,2026-04-02 06:00:00,2026-04-02 11:28:26,6,6,0,5,83.3,205.5,211.2,2.8,0,58.51,3.61,92.3
R00046,2026-04-02,Thu,TR-02,Westfield,D24,V24,truck,Clear,2026-04-02 06:02:00,2026-04-02 14:30:01,10,10,0,9,90.0,342.5,352.6,2.9,24,102.86,3.43,162.57
R00047,2026-04-03,Fri,BK-02,Maple Heights,D01,V01,motorbike,Clear,2026-04-03 12:39:00,2026-04-03 17:28:05,25,23,2,21,91.3,46.9,48.1,2.6,8,1.16,41.39,1.98
R00048,2026-04-03,Fri,BK-06,Elm Park,D02,V02,motorbike,Clear,2026-04-03 12:34:00,2026-04-03 18:04:44,28,28,0,25,89.3,42.0,42.8,1.9,0,1.18,36.13,2.05
R00049,2026-04-03,Fri,BK-05,Northgate,D03,V03,motorbike,Clear,2026-04-03 12:33:00,2026-04-03 17:56:49,27,25,2,24,96.0,38.6,39.6,2.6,29,1.08,36.75,1.86
R00050,2026-04-03,Fri,BK-06,Elm Park,D04,V04,motorbike,Clear,2026-04-03 12:36:00,2026-04-03 18:00:18,28,25,3,25,100.0,42.0,43.4,3.3,30,1.34,32.45,2.31
R00051,2026-04-03,Fri,BK-01,Harbor Row,D05,V05,motorbike,Clear,2026-04-03 07:37:00,2026-04-03 11:49:36,22,20,2,20,100.0,39.8,40.9,2.8,35,1.2,33.99,2.07
R00052,2026-04-03,Fri,BK-06,Elm Park,D06,V06,motorbike,Clear,2026-04-03 07:31:00,2026-04-03 12:05:10,24,24,0,24,100.0,36.0,37.4,3.9,25,1.17,31.86,2.02
R00053,2026-04-03,Fri,BK-01,Harbor Row,D07,V07,motorbike,Clear,2026-04-03 07:37:00,2026-04-03 11:43:25,21,21,0,21,100.0,38.0,39.5,3.9,0,1.06,37.1,1.83
R00054,2026-04-03,Fri,BK-02,Maple Heights,D08,V08,motorbike,Clear,2026-04-03 07:30:00,2026-04-03 12:38:46,26,24,2,20,83.3,48.8,50.3,3.1,12,1.44,34.91,2.5
R00055,2026-04-03,Fri,BK-01,Harbor Row,D09,V09,motorbike,Clear,2026-04-03 12:37:00,2026-04-03 16:57:51,22,21,1,21,100.0,39.8,39.4,-1.0,0,1.02,38.53,1.77
R00056,2026-04-03,Fri,BK-06,Elm Park,D10,V10,motorbike,Clear,2026-04-03 12:34:00,2026-04-03 17:11:24,24,23,1,23,100.0,36.0,36.2,0.6,10,1.01,35.8,1.74
R00057,2026-04-03,Fri,BK-03,Old Mill,D11,V11,motorbike,Clear,2026-04-03 07:30:00,2026-04-03 11:52:07,22,20,2,20,100.0,40.2,42.0,4.5,31,1.15,36.37,2.0
R00058,2026-04-03,Fri,BK-05,Northgate,D12,V12,motorbike,Clear,2026-04-03 07:38:00,2026-04-03 12:51:53,26,24,2,18,75.0,37.1,40.3,8.6,28,1.35,29.84,2.33
R00059,2026-04-03,Fri,BK-06,Elm Park,D13,V13,motorbike,Clear,2026-04-03 07:40:00,2026-04-03 12:44:35,26,24,2,24,100.0,39.0,39.2,0.5,9,1.02,38.35,1.77
R00060,2026-04-03,Fri,BK-01,Harbor Row,D14,V14,motorbike,Clear,2026-04-03 12:36:00,2026-04-03 16:40:22,21,21,0,21,100.0,38.0,39.1,2.9,0,0.97,40.2,1.67
R00061,2026-04-03,Fri,VN-01,Cedar Point,D15,V15,van,Clear,2026-04-03 07:36:00,2026-04-03 12:15:00,15,14,1,14,100.0,70.3,72.6,3.3,19,6.93,10.48,10.92
R00062,2026-04-03,Fri,VN-03,Stonebridge,D16,V16,van,Clear,2026-04-03 07:38:00,2026-04-03 13:06:17,18,17,1,17,100.0,97.2,96.9,-0.3,12,8.49,11.42,13.64
R00063,2026-04-03,Fri,VN-03,Stonebridge,D17,V17,van,Clear,2026-04-03 07:37:00,2026-04-03 13:29:58,20,18,2,18,100.0,108.0,109.6,1.5,10,10.02,10.94,16.0
R00064,2026-04-03,Fri,VN-03,Stonebridge,D18,V18,van,Clear,2026-04-03 07:33:00,2026-04-03 13:07:08,18,18,0,18,100.0,97.2,102.2,5.1,22,9.96,10.26,15.83
R00065,2026-04-03,Fri,VN-01,Cedar Point,D19,V19,van,Clear,2026-04-03 07:36:00,2026-04-03 11:55:42,14,13,1,13,100.0,65.6,68.6,4.6,16,6.48,10.58,10.22
R00066,2026-04-03,Fri,VN-04,Lakeview,D20,V20,van,Clear,2026-04-03 07:39:00,2026-04-03 13:03:01,18,18,0,18,100.0,118.1,121.3,2.7,0,10.77,11.26,16.96
R00067,2026-04-03,Fri,TR-01,Foundry District,D21,V21,truck,Clear,2026-04-03 06:08:00,2026-04-03 12:28:40,7,6,1,5,83.3,233.6,239.7,2.6,67,67.83,3.53,107.96
R00068,2026-04-03,Fri,TR-03,Granite Hill,D22,V22,truck,Clear,2026-04-03 06:06:00,2026-04-03 16:52:42,13,12,1,11,91.7,273.0,287.5,5.3,0,85.42,3.37,135.21
R00069,2026-04-03,Fri,TR-02,Westfield,D23,V23,truck,Clear,2026-04-03 06:08:00,2026-04-03 11:36:40,6,6,0,5,83.3,205.5,211.1,2.7,55,57.43,3.68,90.79
R00070,2026-04-03,Fri,TR-03,Granite Hill,D24,V24,truck,Clear,2026-04-03 06:02:00,2026-04-03 13:49:18,9,9,0,8,88.9,189.0,191.7,1.4,27,54.17,3.54,87.24
R00071,2026-04-04,Sat,BK-06,Elm Park,D01,V01,motorbike,Clear,2026-04-04 12:33:00,2026-04-04 17:54:35,28,28,0,28,100.0,42.0,42.5,1.2,11,1.04,40.74,1.81
R00072,2026-04-04,Sat,BK-01,Harbor Row,D03,V03,motorbike,Clear,2026-04-04 12:38:00,2026-04-04 16:59:44,22,21,1,21,100.0,39.8,41.5,4.3,0,0.97,42.58,1.7
R00073,2026-04-04,Sat,BK-01,Harbor Row,D05,V05,motorbike,Clear,2026-04-04 07:36:00,2026-04-04 11:26:10,20,20,0,20,100.0,36.2,37.4,3.3,6,0.98,38.02,1.71
R00074,2026-04-04,Sat,BK-05,Northgate,D07,V07,motorbike,Clear,2026-04-04 07:36:00,2026-04-04 13:12:06,28,23,5,22,95.7,40.0,41.5,3.8,18,1.16,35.79,2.01
R00075,2026-04-04,Sat,BK-04,Riverside,D09,V09,motorbike,Clear,2026-04-04 12:32:00,2026-04-04 16:42:43,20,20,0,20,100.0,56.2,57.7,2.7,0,1.51,38.31,2.62
R00076,2026-04-04,Sat,BK-01,Harbor Row,D11,V11,motorbike,Clear,2026-04-04 07:40:00,2026-04-04 11:34:37,19,18,1,17,94.4,34.4,36.6,6.4,0,0.89,41.07,1.53
R00077,2026-04-04,Sat,BK-06,Elm Park,D13,V13,motorbike,Clear,2026-04-04 07:31:00,2026-04-04 12:46:51,27,26,1,25,96.2,40.5,42.0,3.7,0,1.08,39.0,1.86
R00078,2026-04-04,Sat,VN-04,Lakeview,D15,V15,van,Clear,2026-04-04 07:32:00,2026-04-04 12:11:08,15,15,0,13,86.7,98.4,102.2,3.9,23,9.49,10.77,15.09
R00079,2026-04-04,Sat,VN-02,Brookfield,D17,V17,van,Clear,2026-04-04 07:36:00,2026-04-04 12:45:34,17,17,0,17,100.0,84.0,85.7,2.0,72,8.82,9.72,13.86
R00080,2026-04-04,Sat,VN-04,Lakeview,D19,V19,van,Clear,2026-04-04 07:32:00,2026-04-04 11:51:08,14,14,0,14,100.0,91.9,93.9,2.2,46,8.96,10.48,14.13
R00081,2026-04-04,Sat,TR-02,Westfield,D21,V21,truck,Clear,2026-04-04 06:01:00,2026-04-04 13:48:57,9,9,0,7,77.8,308.2,320.7,4.1,55,92.35,3.47,147.13
R00082,2026-04-04,Sat,TR-03,Granite Hill,D23,V23,truck,Clear,2026-04-04 06:03:00,2026-04-04 13:48:28,9,7,2,6,85.7,189.0,192.9,2.1,19,53.15,3.63,83.46
R00083,2026-04-06,Mon,BK-04,Riverside,D01,V01,motorbike,Clear,2026-04-06 12:35:00,2026-04-06 16:26:34,20,20,0,20,100.0,56.2,58.3,3.7,6,1.43,40.63,2.49
R00084,2026-04-06,Mon,BK-01,Harbor Row,D02,V02,motorbike,Clear,2026-04-06 12:38:00,2026-04-06 17:14:43,23,22,1,20,90.9,41.6,42.1,1.2,0,1.2,34.99,2.09
R00085,2026-04-06,Mon,BK-03,Old Mill,D03,V03,motorbike,Clear,2026-04-06 12:35:00,2026-04-06 17:19:30,23,23,0,15,65.2,42.0,43.4,3.3,0,1.03,41.99,1.78
R00086,2026-04-06,Mon,BK-01,Harbor Row,D04,V04,motorbike,Clear,2026-04-06 12:33:00,2026-04-06 16:27:54,20,20,0,20,100.0,36.2,38.3,5.8,7,1.08,35.43,1.87
R00087,2026-04-06,Mon,BK-06,Elm Park,D05,V05,motorbike,Clear,2026-04-06 07:32:00,2026-04-06 12:16:32,24,23,1,22,95.7,36.0,37.3,3.6,39,1.12,33.29,1.92
R00088,2026-04-06,Mon,BK-01,Harbor Row,D06,V06,motorbike,Clear,2026-04-06 07:35:00,2026-04-06 11:40:32,20,19,1,18,94.7,36.2,37.0,2.2,0,0.98,37.69,1.7
R00089,2026-04-06,Mon,BK-06,Elm Park,D07,V07,motorbike,Clear,2026-04-06 07:37:00,2026-04-06 12:43:11,27,25,2,23,92.0,40.5,41.4,2.2,16,1.21,34.35,2.08
R00090,2026-04-06,Mon,BK-03,Old Mill,D08,V08,motorbike,Clear,2026-04-06 07:37:00,2026-04-06 12:32:01,25,24,1,23,95.8,45.7,47.1,3.1,0,1.22,38.67,2.1
R00091,2026-04-06,Mon,BK-06,Elm Park,D09,V09,motorbike,Clear,2026-04-06 12:40:00,2026-04-06 17:56:25,27,24,3,24,100.0,40.5,41.4,2.2,0,1.05,39.31,1.82
R00092,2026-04-06,Mon,BK-02,Maple Heights,D10,V10,motorbike,Clear,2026-04-06 12:30:00,2026-04-06 17:11:04,24,24,0,23,95.8,45.0,46.5,3.3,16,1.28,36.39,2.19
R00093,2026-04-06,Mon,BK-04,Riverside,D11,V11,motorbike,Clear,2026-04-06 07:39:00,2026-04-06 11:47:25,21,20,1,20,100.0,59.0,60.2,2.0,18,1.56,38.7,2.71
R00094,2026-04-06,Mon,BK-01,Harbor Row,D12,V12,motorbike,Clear,2026-04-06 07:38:00,2026-04-06 11:42:11,21,21,0,21,100.0,38.0,41.8,10.0,5,1.19,35.12,2.06
R00095,2026-04-06,Mon,BK-01,Harbor Row,D13,V13,motorbike,Clear,2026-04-06 07:35:00,2026-04-06 12:01:13,23,21,2,21,100.0,41.6,43.3,4.1,10,1.14,37.85,1.99
R00096,2026-04-06,Mon,BK-06,Elm Park,D14,V14,motorbike,Clear,2026-04-06 12:32:00,2026-04-06 17:51:49,28,28,0,28,100.0,42.0,43.1,2.6,14,1.21,35.75,2.07
R00097,2026-04-06,Mon,VN-02,Brookfield,D15,V15,van,Clear,2026-04-06 07:38:00,2026-04-06 12:31:53,16,14,2,14,100.0,79.1,82.0,3.7,0,7.23,11.34,11.52
R00098,2026-04-06,Mon,VN-01,Cedar Point,D17,V17,van,Clear,2026-04-06 07:32:00,2026-04-06 12:20:05,16,16,0,16,100.0,75.0,76.6,2.1,37,7.44,10.3,11.96
R00099,2026-04-06,Mon,VN-04,Lakeview,D18,V18,van,Clear,2026-04-06 07:38:00,2026-04-06 12:00:03,14,14,0,13,92.9,91.9,92.7,0.9,58,9.14,10.14,14.52
R00100,2026-04-06,Mon,VN-04,Lakeview,D19,V19,van,Clear,2026-04-06 07:39:00,2026-04-06 12:59:18,17,16,1,15,93.8,111.6,116.0,3.9,5,10.56,10.98,16.89
R00101,2026-04-06,Mon,VN-03,Stonebridge,D20,V20,van,Clear,2026-04-06 07:30:00,2026-04-06 14:17:04,22,22,0,20,90.9,118.8,116.5,-1.9,35,10.52,11.08,16.7
R00102,2026-04-06,Mon,TR-03,Granite Hill,D21,V21,truck,Clear,2026-04-06 06:09:00,2026-04-06 15:20:17,11,10,1,8,80.0,231.0,237.4,2.8,18,67.17,3.53,106.83
R00103,2026-04-06,Mon,TR-03,Granite Hill,D22,V22,truck,Clear,2026-04-06 06:10:00,2026-04-06 16:10:22,12,12,0,10,83.3,252.0,262.9,4.3,15,78.17,3.36,124.25
R00104,2026-04-06,Mon,TR-02,Westfield,D23,V23,truck,Clear,2026-04-06 06:02:00,2026-04-06 11:26:38,6,6,0,6,100.0,205.5,205.7,0.1,19,56.8,3.62,90.27
R00105,2026-04-06,Mon,TR-02,Westfield,D24,V24,truck,Clear,2026-04-06 06:07:00,2026-04-06 13:05:14,8,8,0,7,87.5,274.0,286.7,4.6,37,81.97,3.5,129.58
R00106,2026-04-07,Tue,BK-04,Riverside,D01,V01,motorbike,Clear,2026-04-07 12:35:00,2026-04-07 16:29:47,20,20,0,20,100.0,56.2,58.4,3.9,10,1.45,40.35,2.51
R00107,2026-04-07,Tue,BK-04,Riverside,D02,V02,motorbike,Clear,2026-04-07 12:34:00,2026-04-07 16:20:35,19,19,0,19,100.0,53.4,54.6,2.2,26,1.7,32.12,2.97
R00108,2026-04-07,Tue,BK-02,Maple Heights,D03,V03,motorbike,Clear,2026-04-07 12:35:00,2026-04-07 17:40:00,26,26,0,25,96.2,48.8,50.2,2.9,0,1.2,41.88,2.09
R00109,2026-04-07,Tue,BK-02,Maple Heights,D04,V04,motorbike,Clear,2026-04-07 12:31:00,2026-04-07 17:27:53,25,24,1,17,70.8,46.9,49.2,4.9,10,1.34,36.83,2.32
R00110,2026-04-07,Tue,BK-05,Northgate,D05,V05,motorbike,Clear,2026-04-07 07:33:00,2026-04-07 13:12:45,29,27,2,26,96.3,41.4,42.4,2.4,17,1.16,36.41,2.02
R00111,2026-04-07,Tue,BK-02,Maple Heights,D06,V06,motorbike,Clear,2026-04-07 07:39:00,2026-04-07 12:36:18,25,24,1,24,100.0,46.9,48.0,2.3,17,1.36,35.25,2.38
R00112,2026-04-07,Tue,BK-05,Northgate,D07,V07,motorbike,Clear,2026-04-07 07:37:00,2026-04-07 12:48:11,26,25,1,25,100.0,37.1,38.1,2.7,27,1.19,31.98,2.06
R00113,2026-04-07,Tue,BK-02,Maple Heights,D08,V08,motorbike,Clear,2026-04-07 07:33:00,2026-04-07 12:02:37,23,22,1,22,100.0,43.1,45.0,4.4,30,1.36,33.05,2.37
R00114,2026-04-07,Tue,BK-06,Elm Park,D09,V09,motorbike,Clear,2026-04-07 12:37:00,2026-04-07 17:37:08,26,26,0,26,100.0,39.0,41.2,5.6,8,1.07,38.55,1.84
R00115,2026-04-07,Tue,BK-02,Maple Heights,D10,V10,motorbike,Clear,2026-04-07 12:34:00,2026-04-07 17:06:44,23,23,0,21,91.3,43.1,44.7,3.7,0,1.22,36.72,2.12
R00116,2026-04-07,Tue,BK-04,Riverside,D11,V11,motorbike,Clear,2026-04-07 07:38:00,2026-04-07 11:22:29,19,19,0,19,100.0,53.4,56.0,4.9,0,1.31,42.81,2.24
R00117,2026-04-07,Tue,BK-02,Maple Heights,D12,V12,motorbike,Clear,2026-04-07 07:39:00,2026-04-07 12:32:30,25,25,0,25,100.0,46.9,50.6,7.9,5,1.56,32.5,2.71
R00118,2026-04-07,Tue,BK-06,Elm Park,D13,V13,motorbike,Clear,2026-04-07 07:34:00,2026-04-07 12:44:07,27,27,0,27,100.0,40.5,41.5,2.5,28,1.15,36.07,2.01
R00119,2026-04-07,Tue,BK-06,Elm Park,D14,V14,motorbike,Clear,2026-04-07 12:34:00,2026-04-07 17:56:21,28,28,0,28,100.0,42.0,44.1,5.0,5,1.14,38.67,1.96
R00120,2026-04-07,Tue,VN-01,Cedar Point,D15,V15,van,Clear,2026-04-07 07:36:00,2026-04-07 12:59:58,18,18,0,18,100.0,84.4,89.2,5.7,78,8.95,9.97,14.25
R00121,2026-04-07,Tue,VN-01,Cedar Point,D16,V16,van,Clear,2026-04-07 07:30:00,2026-04-07 13:00:01,18,18,0,18,100.0,84.4,83.6,-0.9,6,7.5,11.15,11.97
R00122,2026-04-07,Tue,VN-03,Stonebridge,D17,V17,van,Clear,2026-04-07 07:34:00,2026-04-07 13:58:28,21,21,0,21,100.0,113.4,116.0,2.3,15,10.64,10.9,16.86
R00123,2026-04-07,Tue,VN-02,Brookfield,D18,V18,van,Clear,2026-04-07 07:34:00,2026-04-07 12:58:25,18,18,0,18,100.0,88.9,93.4,5.1,7,8.74,10.68,13.99
R00124,2026-04-07,Tue,VN-03,Stonebridge,D19,V19,van,Clear,2026-04-07 07:31:00,2026-04-07 13:18:47,19,19,0,16,84.2,102.6,106.3,3.6,0,9.27,11.47,14.8
R00125,2026-04-07,Tue,VN-02,Brookfield,D20,V20,van,Clear,2026-04-07 07:31:00,2026-04-07 12:15:14,15,15,0,12,80.0,74.1,75.0,1.2,0,6.65,11.28,10.5
R00126,2026-04-07,Tue,TR-01,Foundry District,D21,V21,truck,Clear,2026-04-07 06:00:00,2026-04-07 13:50:37,9,9,0,8,88.9,300.4,304.4,1.3,34,84.82,3.59,134.59
R00127,2026-04-07,Tue,TR-02,Westfield,D22,V22,truck,Clear,2026-04-07 06:05:00,2026-04-07 14:31:02,10,10,0,8,80.0,342.5,351.5,2.6,28,105.4,3.33,167.56
R00128,2026-04-07,Tue,TR-01,Foundry District,D23,V23,truck,Clear,2026-04-07 06:02:00,2026-04-07 12:08:27,7,7,0,7,100.0,233.6,242.4,3.8,0,64.21,3.77,102.41
R00129,2026-04-07,Tue,TR-01,Foundry District,D24,V24,truck,Clear,2026-04-07 06:07:00,2026-04-07 13:06:25,8,8,0,8,100.0,267.0,273.8,2.5,17,77.57,3.53,121.84
R00130,2026-04-08,Wed,BK-01,Harbor Row,D01,V01,motorbike,Clear,2026-04-08 12:39:00,2026-04-08 16:24:45,19,19,0,19,100.0,34.4,35.7,3.8,25,1.01,35.19,1.74
R00131,2026-04-08,Wed,BK-01,Harbor Row,D02,V02,motorbike,Clear,2026-04-08 12:34:00,2026-04-08 16:29:09,19,17,2,15,88.2,34.4,35.4,2.9,7,1.04,34.07,1.82
R00132,2026-04-08,Wed,BK-06,Elm Park,D03,V03,motorbike,Clear,2026-04-08 12:36:00,2026-04-08 17:38:45,25,24,1,18,75.0,37.5,39.1,4.3,17,1.01,38.87,1.76
R00133,2026-04-08,Wed,BK-04,Riverside,D04,V04,motorbike,Clear,2026-04-08 12:33:00,2026-04-08 16:30:15,20,20,0,20,100.0,56.2,58.3,3.7,14,1.51,38.59,2.61
R00134,2026-04-08,Wed,BK-04,Riverside,D05,V05,motorbike,Clear,2026-04-08 07:35:00,2026-04-08 11:43:54,22,22,0,22,100.0,61.8,65.6,6.1,40,1.9,34.6,3.28
R00135,2026-04-08,Wed,BK-06,Elm Park,D06,V06,motorbike,Clear,2026-04-08 07:36:00,2026-04-08 12:23:10,24,22,2,21,95.5,36.0,36.3,0.8,47,1.24,29.16,2.16
R00136,2026-04-08,Wed,BK-04,Riverside,D07,V07,motorbike,Clear,2026-04-08 07:35:00,2026-04-08 11:40:56,21,21,0,18,85.7,59.0,60.5,2.5,8,1.64,36.85,2.85
R00137,2026-04-08,Wed,BK-04,Riverside,D08,V08,motorbike,Clear,2026-04-08 07:40:00,2026-04-08 11:45:02,20,20,0,20,100.0,56.2,58.8,4.6,38,1.76,33.47,3.05
R00138,2026-04-08,Wed,BK-03,Old Mill,D09,V09,motorbike,Clear,2026-04-08 12:30:00,2026-04-08 16:32:28,21,18,3,18,100.0,38.3,39.1,2.1,0,1.04,37.51,1.81
R00139,2026-04-08,Wed,BK-02,Maple Heights,D10,V10,motorbike,Clear,2026-04-08 12:36:00,2026-04-08 17:04:52,23,20,3,20,100.0,43.1,44.7,3.7,0,1.12,40.06,1.95
R00140,2026-04-08,Wed,BK-05,Northgate,D11,V11,motorbike,Clear,2026-04-08 07:40:00,2026-04-08 13:27:31,30,30,0,30,100.0,42.9,44.3,3.3,16,1.15,38.49,1.99
R00141,2026-04-08,Wed,BK-05,Northgate,D12,V12,motorbike,Clear,2026-04-08 07:39:00,2026-04-08 13:34:48,30,30,0,25,83.3,42.9,46.9,9.3,28,1.5,31.24,2.62
R00142,2026-04-08,Wed,BK-01,Harbor Row,D13,V13,motorbike,Clear,2026-04-08 07:40:00,2026-04-08 11:36:48,20,19,1,19,100.0,36.2,37.6,3.9,11,0.98,38.46,1.7
R00143,2026-04-08,Wed,VN-03,Stonebridge,D15,V15,van,Clear,2026-04-08 07:38:00,2026-04-08 14:02:43,21,19,2,19,100.0,113.4,118.8,4.8,17,10.82,10.98,17.26
R00144,2026-04-08,Wed,VN-02,Brookfield,D16,V16,van,Clear,2026-04-08 07:31:00,2026-04-08 12:55:20,18,18,0,17,94.4,88.9,88.8,-0.1,15,8.01,11.09,12.83
R00145,2026-04-08,Wed,VN-03,Stonebridge,D17,V17,van,Clear,2026-04-08 07:34:00,2026-04-08 13:47:54,21,20,1,20,100.0,113.4,114.6,1.1,0,10.32,11.1,16.37
R00146,2026-04-08,Wed,VN-03,Stonebridge,D18,V18,van,Clear,2026-04-08 07:30:00,2026-04-08 13:15:47,19,19,0,19,100.0,102.6,104.9,2.2,19,9.72,10.8,15.37
R00147,2026-04-08,Wed,VN-02,Brookfield,D19,V19,van,Clear,2026-04-08 07:34:00,2026-04-08 13:08:00,19,19,0,19,100.0,93.9,96.1,2.3,6,8.6,11.18,13.68
R00148,2026-04-08,Wed,VN-02,Brookfield,D20,V20,van,Clear,2026-04-08 07:39:00,2026-04-08 13:35:52,19,19,0,18,94.7,93.9,96.3,2.6,24,8.67,11.1,13.88
R00149,2026-04-08,Wed,TR-02,Westfield,D21,V21,truck,Clear,2026-04-08 06:04:00,2026-04-08 11:37:45,6,5,1,5,100.0,205.5,208.5,1.5,64,62.01,3.36,98.77
R00150,2026-04-08,Wed,TR-02,Westfield,D22,V22,truck,Clear,2026-04-08 06:00:00,2026-04-08 14:29:18,10,10,0,8,80.0,342.5,349.4,2.0,17,102.89,3.4,163.02
R00151,2026-04-08,Wed,TR-01,Foundry District,D23,V23,truck,Clear,2026-04-08 06:04:00,2026-04-08 11:28:44,6,5,1,5,100.0,200.2,210.6,5.2,29,56.15,3.75,88.98
R00152,2026-04-08,Wed,TR-01,Foundry District,D24,V24,truck,Clear,2026-04-08 06:09:00,2026-04-08 13:11:09,8,8,0,8,100.0,267.0,274.4,2.8,29,73.89,3.71,116.49
R00153,2026-04-09,Thu,BK-02,Maple Heights,D01,V01,motorbike,Clear,2026-04-09 12:35:00,2026-04-09 17:40:59,26,26,0,26,100.0,48.8,52.1,6.8,14,1.31,39.63,2.31
R00154,2026-04-09,Thu,BK-04,Riverside,D02,V02,motorbike,Clear,2026-04-09 12:34:00,2026-04-09 16:54:52,22,21,1,21,100.0,61.8,64.5,4.4,38,2.07,31.21,3.63
R00155,2026-04-09,Thu,BK-04,Riverside,D03,V03,motorbike,Clear,2026-04-09 12:31:00,2026-04-09 17:08:55,23,23,0,21,91.3,64.6,68.4,5.9,15,1.72,39.84,2.99
R00156,2026-04-09,Thu,BK-02,Maple Heights,D04,V04,motorbike,Clear,2026-04-09 12:33:00,2026-04-09 16:50:32,22,21,1,20,95.2,41.2,43.1,4.6,19,1.24,34.67,2.17
R00157,2026-04-09,Thu,BK-06,Elm Park,D05,V05,motorbike,Clear,2026-04-09 07:36:00,2026-04-09 12:07:04,24,22,2,22,100.0,36.0,37.2,3.3,14,1.01,36.79,1.75
R00158,2026-04-09,Thu,BK-05,Northgate,D06,V06,motorbike,Clear,2026-04-09 07:37:00,2026-04-09 12:57:48,28,26,2,26,100.0,40.0,40.6,1.5,18,1.23,33.0,2.14
R00159,2026-04-09,Thu,BK-05,Northgate,D07,V07,motorbike,Clear,2026-04-09 07:38:00,2026-04-09 13:20:42,30,29,1,29,100.0,42.9,44.6,4.0,17,1.3,34.4,2.25
R00160,2026-04-09,Thu,BK-04,Riverside,D08,V08,motorbike,Clear,2026-04-09 07:34:00,2026-04-09 11:25:45,20,20,0,20,100.0,56.2,56.7,0.9,14,1.6,35.46,2.8
R00161,2026-04-09,Thu,BK-01,Harbor Row,D09,V09,motorbike,Clear,2026-04-09 12:35:00,2026-04-09 16:49:32,21,20,1,20,100.0,38.0,38.8,2.1,5,1.04,37.29,1.81
R00162,2026-04-09,Thu,BK-02,Maple Heights,D10,V10,motorbike,Clear,2026-04-09 12:36:00,2026-04-09 17:30:56,25,24,1,24,100.0,46.9,48.0,2.3,17,1.33,36.07,2.31
R00163,2026-04-09,Thu,BK-02,Maple Heights,D12,V12,motorbike,Clear,2026-04-09 07:38:00,2026-04-09 12:27:02,24,23,1,23,100.0,45.0,49.3,9.6,0,1.51,32.63,2.62
R00164,2026-04-09,Thu,BK-04,Riverside,D13,V13,motorbike,Clear,2026-04-09 07:34:00,2026-04-09 11:18:58,19,18,1,18,100.0,53.4,56.3,5.4,13,1.5,37.63,2.59
R00165,2026-04-09,Thu,BK-05,Northgate,D14,V14,motorbike,Clear,2026-04-09 12:32:00,2026-04-09 18:13:41,29,28,1,26,92.9,41.4,43.2,4.3,33,1.24,34.83,2.14
R00166,2026-04-09,Thu,VN-04,Lakeview,D15,V15,van,Clear,2026-04-09 07:39:00,2026-04-09 11:56:28,14,13,1,13,100.0,91.9,96.1,4.6,36,9.11,10.54,14.56
R00167,2026-04-09,Thu,VN-03,Stonebridge,D16,V16,van,Clear,2026-04-09 07:31:00,2026-04-09 13:45:24,20,19,1,14,73.7,108.0,108.3,0.3,21,9.33,11.61,14.76
R00168,2026-04-09,Thu,VN-02,Brookfield,D17,V17,van,Clear,2026-04-09 07:40:00,2026-04-09 12:51:18,17,17,0,17,100.0,84.0,85.6,1.9,5,7.8,10.97,12.5
R00169,2026-04-09,Thu,VN-01,Cedar Point,D18,V18,van,Clear,2026-04-09 07:40:00,2026-04-09 12:49:34,16,15,1,13,86.7,75.0,77.6,3.5,27,7.25,10.71,11.5
R00170,2026-04-09,Thu,VN-01,Cedar Point,D19,V19,van,Clear,2026-04-09 07:32:00,2026-04-09 13:09:22,18,17,1,16,94.1,84.4,87.3,3.4,0,7.97,10.95,12.68
R00171,2026-04-09,Thu,VN-01,Cedar Point,D20,V20,van,Clear,2026-04-09 07:37:00,2026-04-09 12:47:53,17,17,0,16,94.1,79.7,80.7,1.3,12,7.47,10.81,11.99
R00172,2026-04-09,Thu,TR-03,Granite Hill,D21,V21,truck,Clear,2026-04-09 06:10:00,2026-04-09 16:55:23,13,13,0,12,92.3,273.0,276.0,1.1,133,84.63,3.26,134.22
R00173,2026-04-09,Thu,TR-01,Foundry District,D22,V22,truck,Clear,2026-04-09 06:07:00,2026-04-09 12:22:42,7,7,0,6,85.7,233.6,238.4,2.1,30,72.9,3.27,116.79
R00174,2026-04-09,Thu,TR-01,Foundry District,D23,V23,truck,Clear,2026-04-09 06:05:00,2026-04-09 14:35:33,10,10,0,10,100.0,333.8,337.8,1.2,29,89.87,3.76,144.17
R00175,2026-04-09,Thu,TR-01,Foundry District,D24,V24,truck,Clear,2026-04-09 06:04:00,2026-04-09 13:46:15,9,8,1,7,87.5,300.4,311.8,3.8,51,86.42,3.61,138.93
R00176,2026-04-10,Fri,BK-04,Riverside,D01,V01,motorbike,Clear,2026-04-10 12:34:00,2026-04-10 16:19:36,19,18,1,18,100.0,53.4,54.1,1.3,36,1.49,36.4,2.56
R00177,2026-04-10,Fri,BK-02,Maple Heights,D02,V02,motorbike,Clear,2026-04-10 12:31:00,2026-04-10 17:09:06,23,22,1,22,100.0,43.1,44.6,3.5,13,1.33,33.45,2.32
R00178,2026-04-10,Fri,BK-03,Old Mill,D03,V03,motorbike,Clear,2026-04-10 12:39:00,2026-04-10 17:24:49,24,23,1,18,78.3,43.8,45.2,3.2,38,1.34,33.65,2.33
R00179,2026-04-10,Fri,BK-06,Elm Park,D04,V04,motorbike,Clear,2026-04-10 12:40:00,2026-04-10 17:55:30,27,27,0,27,100.0,40.5,41.7,3.0,18,1.18,35.44,2.06
R00180,2026-04-10,Fri,BK-03,Old Mill,D05,V05,motorbike,Clear,2026-04-10 07:31:00,2026-04-10 12:14:58,25,25,0,25,100.0,45.7,47.7,4.4,16,1.23,38.77,2.16
R00181,2026-04-10,Fri,BK-02,Maple Heights,D06,V06,motorbike,Clear,2026-04-10 07:33:00,2026-04-10 11:48:24,22,20,2,20,100.0,41.2,43.2,4.9,25,1.29,33.49,2.24
R00182,2026-04-10,Fri,BK-05,Northgate,D07,V07,motorbike,Clear,2026-04-10 07:35:00,2026-04-10 12:44:54,27,26,1,26,100.0,38.6,39.6,2.6,0,1.05,37.7,1.81
R00183,2026-04-10,Fri,BK-04,Riverside,D08,V08,motorbike,Clear,2026-04-10 07:38:00,2026-04-10 12:02:41,23,21,2,21,100.0,64.6,68.2,5.6,11,1.78,38.26,3.11
R00184,2026-04-10,Fri,BK-06,Elm Park,D09,V09,motorbike,Clear,2026-04-10 12:37:00,2026-04-10 17:43:28,26,26,0,26,100.0,39.0,40.8,4.6,7,1.08,37.84,1.87
R00185,2026-04-10,Fri,BK-01,Harbor Row,D10,V10,motorbike,Clear,2026-04-10 12:32:00,2026-04-10 16:45:31,21,21,0,20,95.2,38.0,38.4,1.1,60,1.33,28.91,2.32
R00186,2026-04-10,Fri,BK-06,Elm Park,D11,V11,motorbike,Clear,2026-04-10 07:40:00,2026-04-10 12:30:19,25,23,2,23,100.0,37.5,39.6,5.6,10,1.03,38.35,1.8
R00187,2026-04-10,Fri,BK-01,Harbor Row,D12,V12,motorbike,Clear,2026-04-10 07:36:00,2026-04-10 11:24:16,19,16,3,16,100.0,34.4,37.9,10.2,9,1.13,33.57,1.96
R00188,2026-04-10,Fri,BK-04,Riverside,D13,V13,motorbike,Clear,2026-04-10 07:40:00,2026-04-10 11:58:17,22,20,2,20,100.0,61.8,64.1,3.7,17,1.65,38.92,2.88
R00189,2026-04-10,Fri,BK-01,Harbor Row,D14,V14,motorbike,Clear,2026-04-10 12:37:00,2026-04-10 16:46:47,21,20,1,20,100.0,38.0,40.2,5.8,12,1.06,37.91,1.86
R00190,2026-04-10,Fri,VN-03,Stonebridge,D15,V15,van,Clear,2026-04-10 07:39:00,2026-04-10 13:34:16,20,19,1,18,94.7,108.0,112.2,3.9,9,10.48,10.71,16.68
R00191,2026-04-10,Fri,VN-01,Cedar Point,D17,V17,van,Clear,2026-04-10 07:34:00,2026-04-10 11:56:34,14,14,0,14,100.0,65.6,66.9,2.0,0,5.72,11.7,9.1
R00192,2026-04-10,Fri,VN-03,Stonebridge,D18,V18,van,Clear,2026-04-10 07:39:00,2026-04-10 13:39:53,20,18,2,18,100.0,108.0,111.2,3.0,28,10.85,10.25,17.58
R00193,2026-04-10,Fri,VN-04,Lakeview,D19,V19,van,Clear,2026-04-10 07:32:00,2026-04-10 13:02:24,18,17,1,17,100.0,118.1,122.1,3.4,0,10.75,11.36,17.16
R00194,2026-04-10,Fri,VN-03,Stonebridge,D20,V20,van,Clear,2026-04-10 07:38:00,2026-04-10 14:25:12,22,22,0,15,68.2,118.8,116.7,-1.8,0,10.46,11.15,16.75
R00195,2026-04-10,Fri,TR-02,Westfield,D21,V21,truck,Clear,2026-04-10 06:00:00,2026-04-10 14:28:32,10,10,0,9,90.0,342.5,348.6,1.8,8,93.18,3.74,150.38
R00196,2026-04-10,Fri,TR-01,Foundry District,D22,V22,truck,Clear,2026-04-10 06:03:00,2026-04-10 13:02:22,8,8,0,8,100.0,267.0,279.4,4.6,22,82.4,3.39,132.39
R00197,2026-04-10,Fri,TR-03,Granite Hill,D23,V23,truck,Clear,2026-04-10 06:01:00,2026-04-10 16:01:52,12,11,1,11,100.0,252.0,259.6,3.0,38,67.34,3.86,107.04
R00198,2026-04-11,Sat,BK-04,Riverside,D01,V01,motorbike,Clear,2026-04-11 12:30:00,2026-04-11 17:02:37,23,23,0,20,87.0,64.6,66.2,2.5,16,1.63,40.52,2.86
R00199,2026-04-11,Sat,BK-06,Elm Park,D03,V03,motorbike,Clear,2026-04-11 12:39:00,2026-04-11 17:34:57,24,23,1,13,56.5,36.0,37.3,3.6,25,0.98,37.87,1.71
R00200,2026-04-11,Sat,BK-03,Old Mill,D05,V05,motorbike,Clear,2026-04-11 07:40:00,2026-04-11 11:50:30,22,20,2,20,100.0,40.2,40.9,1.7,51,1.3,31.52,2.24
R00201,2026-04-11,Sat,BK-03,Old Mill,D07,V07,motorbike,Clear,2026-04-11 07:33:00,2026-04-11 12:09:11,23,22,1,16,72.7,42.0,43.3,3.1,23,1.29,33.57,2.27
R00202,2026-04-11,Sat,BK-03,Old Mill,D09,V09,motorbike,Clear,2026-04-11 12:31:00,2026-04-11 17:04:10,23,23,0,22,95.7,42.0,43.1,2.6,0,1.18,36.57,2.03
R00203,2026-04-11,Sat,BK-02,Maple Heights,D11,V11,motorbike,Clear,2026-04-11 07:33:00,2026-04-11 12:23:39,25,23,2,23,100.0,46.9,49.8,6.2,53,1.56,31.89,2.73
R00204,2026-04-11,Sat,BK-01,Harbor Row,D13,V13,motorbike,Clear,2026-04-11 07:30:00,2026-04-11 11:38:06,22,21,1,21,100.0,39.8,40.7,2.3,0,1.02,39.89,1.78
R00205,2026-04-11,Sat,VN-01,Cedar Point,D15,V15,van,Clear,2026-04-11 07:32:00,2026-04-11 12:50:46,17,17,0,16,94.1,79.7,86.5,8.5,10,7.73,11.19,12.4
R00206,2026-04-11,Sat,VN-04,Lakeview,D17,V17,van,Clear,2026-04-11 07:38:00,2026-04-11 12:40:09,16,16,0,15,93.8,105.0,103.2,-1.7,18,9.75,10.59,15.67
R00207,2026-04-11,Sat,VN-02,Brookfield,D19,V19,van,Clear,2026-04-11 07:31:00,2026-04-11 13:19:30,19,18,1,18,100.0,93.9,93.6,-0.3,18,8.48,11.04,13.46
R00208,2026-04-11,Sat,TR-02,Westfield,D21,V21,truck,Clear,2026-04-11 06:03:00,2026-04-11 11:27:00,6,6,0,6,100.0,205.5,203.7,-0.9,172,64.07,3.18,102.67
R00209,2026-04-11,Sat,TR-01,Foundry District,D23,V23,truck,Clear,2026-04-11 06:05:00,2026-04-11 13:06:09,8,6,2,5,83.3,267.0,275.3,3.1,0,69.69,3.95,111.41
R00210,2026-04-13,Mon,BK-03,Old Mill,D01,V01,motorbike,Clear,2026-04-13 12:30:00,2026-04-13 17:23:24,25,23,2,23,100.0,45.7,47.7,4.4,0,1.14,41.91,2.01
R00211,2026-04-13,Mon,BK-06,Elm Park,D02,V02,motorbike,Clear,2026-04-13 12:35:00,2026-04-13 18:02:27,28,26,2,22,84.6,42.0,43.8,4.3,23,1.31,33.38,2.29
R00212,2026-04-13,Mon,BK-02,Maple Heights,D03,V03,motorbike,Clear,2026-04-13 12:37:00,2026-04-13 17:15:35,23,21,2,18,85.7,43.1,44.2,2.6,24,1.17,37.72,2.06
R00213,2026-04-13,Mon,BK-01,Harbor Row,D04,V04,motorbike,Clear,2026-04-13 12:34:00,2026-04-13 16:52:55,22,21,1,21,100.0,39.8,42.4,6.5,0,1.17,36.35,2.03
R00214,2026-04-13,Mon,BK-02,Maple Heights,D05,V05,motorbike,Clear,2026-04-13 07:37:00,2026-04-13 12:03:38,23,22,1,22,100.0,43.1,44.2,2.6,0,1.13,39.15,1.99
R00215,2026-04-13,Mon,BK-05,Northgate,D06,V06,motorbike,Clear,2026-04-13 07:39:00,2026-04-13 13:25:39,30,29,1,28,96.6,42.9,43.2,0.7,28,1.32,32.81,2.29
R00216,2026-04-13,Mon,BK-05,Northgate,D07,V07,motorbike,Clear,2026-04-13 07:31:00,2026-04-13 13:00:23,28,28,0,26,92.9,40.0,41.2,3.0,0,1.14,36.17,1.98
R00217,2026-04-13,Mon,BK-06,Elm Park,D08,V08,motorbike,Clear,2026-04-13 07:30:00,2026-04-13 12:47:13,28,28,0,28,100.0,42.0,43.7,4.0,5,1.2,36.3,2.12
R00218,2026-04-13,Mon,BK-05,Northgate,D09,V09,motorbike,Clear,2026-04-13 12:31:00,2026-04-13 18:27:16,30,27,3,25,92.6,42.9,44.9,4.7,0,1.18,38.14,2.04
R00219,2026-04-13,Mon,BK-01,Harbor Row,D10,V10,motorbike,Clear,2026-04-13 12:36:00,2026-04-13 16:31:07,20,18,2,18,100.0,36.2,37.4,3.3,23,1.1,34.14,1.92
R00220,2026-04-13,Mon,BK-05,Northgate,D11,V11,motorbike,Clear,2026-04-13 07:37:00,2026-04-13 13:11:30,29,29,0,27,93.1,41.4,42.1,1.7,0,1.05,39.99,1.85
R00221,2026-04-13,Mon,BK-01,Harbor Row,D12,V12,motorbike,Clear,2026-04-13 07:35:00,2026-04-13 11:47:09,21,20,1,19,95.0,38.0,41.5,9.2,13,1.25,33.16,2.2
R00222,2026-04-13,Mon,BK-05,Northgate,D13,V13,motorbike,Clear,2026-04-13 07:33:00,2026-04-13 13:02:01,28,26,2,23,88.5,40.0,41.4,3.5,0,1.02,40.75,1.77
R00223,2026-04-13,Mon,BK-05,Northgate,D14,V14,motorbike,Clear,2026-04-13 12:31:00,2026-04-13 17:49:44,26,24,2,18,75.0,37.1,38.4,3.5,6,1.02,37.69,1.79
R00224,2026-04-13,Mon,VN-01,Cedar Point,D15,V15,van,Clear,2026-04-13 07:33:00,2026-04-13 13:02:33,18,18,0,15,83.3,84.4,88.8,5.2,30,8.43,10.54,13.77
R00225,2026-04-13,Mon,VN-01,Cedar Point,D16,V16,van,Clear,2026-04-13 07:31:00,2026-04-13 12:26:00,16,16,0,16,100.0,75.0,74.6,-0.5,33,7.09,10.52,11.38
R00226,2026-04-13,Mon,VN-02,Brookfield,D17,V17,van,Clear,2026-04-13 07:39:00,2026-04-13 13:25:33,19,18,1,18,100.0,93.9,93.7,-0.2,0,8.46,11.08,13.61
R00227,2026-04-13,Mon,VN-01,Cedar Point,D18,V18,van,Clear,2026-04-13 07:32:00,2026-04-13 12:45:00,17,16,1,14,87.5,79.7,80.8,1.4,41,8.26,9.78,13.15
R00228,2026-04-13,Mon,VN-04,Lakeview,D19,V19,van,Clear,2026-04-13 07:36:00,2026-04-13 12:50:08,17,17,0,17,100.0,111.6,118.5,6.2,15,10.42,11.37,16.83
R00229,2026-04-13,Mon,VN-03,Stonebridge,D20,V20,van,Clear,2026-04-13 07:37:00,2026-04-13 13:10:10,18,18,0,18,100.0,97.2,97.7,0.5,0,8.94,10.93,14.29
R00230,2026-04-13,Mon,TR-03,Granite Hill,D21,V21,truck,Clear,2026-04-13 06:00:00,2026-04-13 15:16:21,11,11,0,11,100.0,231.0,235.9,2.1,80,71.42,3.3,114.68
R00231,2026-04-13,Mon,TR-03,Granite Hill,D22,V22,truck,Clear,2026-04-13 06:00:00,2026-04-13 14:33:07,10,10,0,9,90.0,210.0,213.9,1.9,34,68.29,3.13,109.94
R00232,2026-04-13,Mon,TR-03,Granite Hill,D23,V23,truck,Clear,2026-04-13 06:03:00,2026-04-13 16:49:05,13,13,0,12,92.3,273.0,289.4,6.0,76,79.93,3.62,128.41
R00233,2026-04-13,Mon,TR-01,Foundry District,D24,V24,truck,Clear,2026-04-13 06:01:00,2026-04-13 13:39:28,9,9,0,9,100.0,300.4,306.4,2.0,37,86.11,3.56,136.5
R00234,2026-04-14,Tue,BK-05,Northgate,D03,V03,motorbike,Clear,2026-04-14 12:33:00,2026-04-14 18:31:23,30,30,0,20,66.7,42.9,45.1,5.1,15,1.21,37.2,2.13
R00235,2026-04-14,Tue,BK-06,Elm Park,D04,V04,motorbike,Clear,2026-04-14 12:31:00,2026-04-14 17:18:53,25,25,0,25,100.0,37.5,39.0,4.0,25,1.14,34.1,2.0
R00236,2026-04-14,Tue,BK-03,Old Mill,D05,V05,motorbike,Clear,2026-04-14 07:39:00,2026-04-14 12:06:50,23,22,1,22,100.0,42.0,43.5,3.6,15,1.17,37.1,2.06
R00237,2026-04-14,Tue,BK-02,Maple Heights,D06,V06,motorbike,Clear,2026-04-14 07:38:00,2026-04-14 12:21:01,24,23,1,23,100.0,45.0,46.8,4.0,15,1.36,34.45,2.36
R00238,2026-04-14,Tue,BK-03,Old Mill,D07,V07,motorbike,Clear,2026-04-14 07:31:00,2026-04-14 11:45:55,22,22,0,22,100.0,40.2,42.8,6.5,19,1.27,33.78,2.23
R00239,2026-04-14,Tue,BK-04,Riverside,D08,V08,motorbike,Clear,2026-04-14 07:40:00,2026-04-14 11:37:57,20,20,0,18,90.0,56.2,58.6,4.3,0,1.52,38.52,2.68
R00240,2026-04-14,Tue,BK-01,Harbor Row,D09,V09,motorbike,Clear,2026-04-14 12:40:00,2026-04-14 17:07:08,22,21,1,17,81.0,39.8,39.6,-0.5,0,1.02,38.73,1.8
R00241,2026-04-14,Tue,BK-06,Elm Park,D10,V10,motorbike,Clear,2026-04-14 12:30:00,2026-04-14 17:15:05,24,24,0,24,100.0,36.0,37.4,3.9,14,1.02,36.49,1.8
R00242,2026-04-14,Tue,BK-02,Maple Heights,D11,V11,motorbike,Clear,2026-04-14 07:30:00,2026-04-14 11:46:42,22,22,0,20,90.9,41.2,43.2,4.9,9,1.05,41.32,1.83
R00243,2026-04-14,Tue,BK-02,Maple Heights,D12,V12,motorbike,Clear,2026-04-14 07:39:00,2026-04-14 12:47:53,26,25,1,23,92.0,48.8,53.4,9.4,12,1.63,32.74,2.85
R00244,2026-04-14,Tue,BK-02,Maple Heights,D13,V13,motorbike,Clear,2026-04-14 07:34:00,2026-04-14 12:11:45,23,22,1,22,100.0,43.1,44.9,4.2,17,1.19,37.64,2.07
R00245,2026-04-14,Tue,BK-03,Old Mill,D14,V14,motorbike,Clear,2026-04-14 12:34:00,2026-04-14 16:47:45,22,19,3,19,100.0,40.2,41.8,4.0,5,1.07,39.11,1.87
R00246,2026-04-14,Tue,VN-03,Stonebridge,D15,V15,van,Clear,2026-04-14 07:31:00,2026-04-14 13:55:46,21,20,1,18,90.0,113.4,117.1,3.3,10,10.5,11.16,17.0
R00247,2026-04-14,Tue,VN-02,Brookfield,D16,V16,van,Clear,2026-04-14 07:37:00,2026-04-14 12:16:20,15,15,0,15,100.0,74.1,76.2,2.8,26,6.62,11.51,10.68
R00248,2026-04-14,Tue,VN-02,Brookfield,D17,V17,van,Clear,2026-04-14 07:32:00,2026-04-14 12:36:14,17,16,1,16,100.0,84.0,86.7,3.2,12,7.93,10.94,12.8
R00249,2026-04-14,Tue,VN-03,Stonebridge,D18,V18,van,Clear,2026-04-14 07:35:00,2026-04-14 13:10:23,18,17,1,13,76.5,97.2,101.8,4.7,16,9.09,11.2,14.4
R00250,2026-04-14,Tue,VN-01,Cedar Point,D19,V19,van,Clear,2026-04-14 07:31:00,2026-04-14 12:04:51,15,15,0,15,100.0,70.3,72.2,2.7,32,6.66,10.85,10.67
R00251,2026-04-14,Tue,VN-02,Brookfield,D20,V20,van,Clear,2026-04-14 07:40:00,2026-04-14 13:27:00,19,16,3,16,100.0,93.9,95.0,1.2,11,8.6,11.05,14.11
R00252,2026-04-14,Tue,TR-02,Westfield,D21,V21,truck,Clear,2026-04-14 06:08:00,2026-04-14 12:18:39,7,7,0,7,100.0,239.8,246.4,2.8,102,71.02,3.47,113.72
R00253,2026-04-14,Tue,TR-03,Granite Hill,D22,V22,truck,Clear,2026-04-14 06:04:00,2026-04-14 16:08:06,12,12,0,10,83.3,252.0,260.1,3.2,44,77.31,3.36,124.51
R00254,2026-04-14,Tue,TR-02,Westfield,D23,V23,truck,Clear,2026-04-14 06:06:00,2026-04-14 13:02:34,8,8,0,7,87.5,274.0,287.5,4.9,0,76.1,3.78,122.44
R00255,2026-04-14,Tue,TR-03,Granite Hill,D24,V24,truck,Clear,2026-04-14 06:07:00,2026-04-14 13:52:20,9,9,0,7,77.8,189.0,193.9,2.6,24,53.1,3.65,84.27
R00256,2026-04-15,Wed,BK-06,Elm Park,D01,V01,motorbike,Rain,2026-04-15 12:33:00,2026-04-15 17:11:32,24,20,4,20,100.0,36.0,38.1,5.8,14,1.0,38.09,1.76
R00257,2026-04-15,Wed,BK-05,Northgate,D02,V02,motorbike,Rain,2026-04-15 12:37:00,2026-04-15 18:19:51,29,29,0,27,93.1,41.4,44.5,7.5,0,1.27,35.1,2.23
R00258,2026-04-15,Wed,BK-02,Maple Heights,D03,V03,motorbike,Rain,2026-04-15 12:35:00,2026-04-15 17:18:07,23,21,2,19,90.5,43.1,45.1,4.6,8,1.16,38.75,2.06
R00259,2026-04-15,Wed,BK-01,Harbor Row,D04,V04,motorbike,Rain,2026-04-15 12:32:00,2026-04-15 16:40:14,20,19,1,15,78.9,36.2,38.8,7.2,27,1.22,31.75,2.13
R00260,2026-04-15,Wed,BK-01,Harbor Row,D05,V05,motorbike,Rain,2026-04-15 07:33:00,2026-04-15 11:51:52,22,20,2,20,100.0,39.8,42.7,7.3,0,1.1,38.76,1.92
R00261,2026-04-15,Wed,BK-04,Riverside,D06,V06,motorbike,Rain,2026-04-15 07:36:00,2026-04-15 11:35:51,20,20,0,20,100.0,56.2,58.6,4.3,16,1.69,34.76,2.93
R00262,2026-04-15,Wed,BK-05,Northgate,D08,V08,motorbike,Rain,2026-04-15 07:38:00,2026-04-15 13:07:28,28,24,4,21,87.5,40.0,43.0,7.5,16,1.29,33.36,2.27
R00263,2026-04-15,Wed,BK-04,Riverside,D09,V09,motorbike,Rain,2026-04-15 12:35:00,2026-04-15 17:11:49,23,22,1,22,100.0,64.6,67.5,4.5,7,1.98,34.17,3.47
R00264,2026-04-15,Wed,BK-02,Maple Heights,D10,V10,motorbike,Rain,2026-04-15 12:33:00,2026-04-15 16:57:42,22,20,2,20,100.0,41.2,43.1,4.6,16,1.29,33.32,2.29
R00265,2026-04-15,Wed,BK-02,Maple Heights,D11,V11,motorbike,Rain,2026-04-15 07:33:00,2026-04-15 12:48:00,26,24,2,22,91.7,48.8,52.4,7.4,0,1.3,40.41,2.25
R00266,2026-04-15,Wed,BK-04,Riverside,D12,V12,motorbike,Rain,2026-04-15 07:30:00,2026-04-15 11:30:46,20,16,4,15,93.8,56.2,63.5,13.0,22,2.07,30.68,3.62
R00267,2026-04-15,Wed,BK-04,Riverside,D13,V13,motorbike,Rain,2026-04-15 07:35:00,2026-04-15 11:31:35,19,17,2,15,88.2,53.4,57.4,7.5,13,1.5,38.37,2.61
R00268,2026-04-15,Wed,BK-05,Northgate,D14,V14,motorbike,Rain,2026-04-15 12:35:00,2026-04-15 17:47:07,26,25,1,24,96.0,37.1,40.0,7.8,0,1.09,36.85,1.91
R00269,2026-04-15,Wed,VN-01,Cedar Point,D15,V15,van,Rain,2026-04-15 07:31:00,2026-04-15 12:09:13,15,14,1,14,100.0,70.3,76.4,8.7,20,7.22,10.58,11.54
R00270,2026-04-15,Wed,VN-01,Cedar Point,D16,V16,van,Rain,2026-04-15 07:34:00,2026-04-15 12:01:09,14,14,0,11,78.6,65.6,67.4,2.7,28,6.47,10.41,10.46
R00271,2026-04-15,Wed,VN-03,Stonebridge,D17,V17,van,Rain,2026-04-15 07:37:00,2026-04-15 13:44:26,20,19,1,17,89.5,108.0,112.7,4.4,0,10.6,10.63,17.06
R00272,2026-04-15,Wed,VN-04,Lakeview,D18,V18,van,Rain,2026-04-15 07:31:00,2026-04-15 12:48:22,17,17,0,16,94.1,111.6,117.0,4.8,0,10.58,11.06,17.0
R00273,2026-04-15,Wed,VN-04,Lakeview,D19,V19,van,Rain,2026-04-15 07:36:00,2026-04-15 12:57:32,17,16,1,15,93.8,111.6,118.3,6.0,16,11.02,10.74,17.69
R00274,2026-04-15,Wed,VN-02,Brookfield,D20,V20,van,Rain,2026-04-15 07:33:00,2026-04-15 13:24:31,19,18,1,18,100.0,93.9,96.9,3.2,31,9.71,9.98,15.65
R00275,2026-04-15,Wed,TR-02,Westfield,D21,V21,truck,Rain,2026-04-15 06:08:00,2026-04-15 13:11:09,8,8,0,7,87.5,274.0,285.5,4.2,53,88.53,3.22,141.82
R00276,2026-04-15,Wed,TR-02,Westfield,D23,V23,truck,Rain,2026-04-15 06:06:00,2026-04-15 12:59:25,8,8,0,8,100.0,274.0,287.5,4.9,0,79.43,3.62,127.57
R00277,2026-04-15,Wed,TR-01,Foundry District,D24,V24,truck,Rain,2026-04-15 06:05:00,2026-04-15 12:16:58,7,7,0,7,100.0,233.6,248.2,6.2,36,70.22,3.53,111.81
R00278,2026-04-16,Thu,BK-05,Northgate,D01,V01,motorbike,Clear,2026-04-16 12:40:00,2026-04-16 17:57:15,27,26,1,23,88.5,38.6,40.1,3.9,32,1.09,36.77,1.9
R00279,2026-04-16,Thu,BK-02,Maple Heights,D02,V02,motorbike,Clear,2026-04-16 12:32:00,2026-04-16 17:33:09,26,24,2,24,100.0,48.8,51.3,5.1,0,1.47,34.99,2.56
R00280,2026-04-16,Thu,BK-06,Elm Park,D03,V03,motorbike,Clear,2026-04-16 12:31:00,2026-04-16 17:39:01,26,24,2,20,83.3,39.0,40.3,3.3,0,1.01,39.92,1.77
R00281,2026-04-16,Thu,BK-06,Elm Park,D04,V04,motorbike,Clear,2026-04-16 12:31:00,2026-04-16 17:35:29,26,26,0,25,96.2,39.0,40.5,3.8,0,1.12,36.15,1.97
R00282,2026-04-16,Thu,BK-03,Old Mill,D05,V05,motorbike,Clear,2026-04-16 07:31:00,2026-04-16 12:06:21,24,23,1,23,100.0,43.8,45.3,3.4,9,1.2,37.79,2.12
R00283,2026-04-16,Thu,BK-06,Elm Park,D06,V06,motorbike,Clear,2026-04-16 07:33:00,2026-04-16 12:13:17,24,23,1,23,100.0,36.0,36.0,0.0,0,0.99,36.46,1.73
R00284,2026-04-16,Thu,BK-04,Riverside,D07,V07,motorbike,Clear,2026-04-16 07:38:00,2026-04-16 11:59:23,22,22,0,21,95.5,61.8,63.5,2.8,6,1.71,37.18,3.0
R00285,2026-04-16,Thu,BK-03,Old Mill,D08,V08,motorbike,Clear,2026-04-16 07:31:00,2026-04-16 12:32:38,25,25,0,23,92.0,45.7,47.2,3.3,16,1.3,36.32,2.27
R00286,2026-04-16,Thu,BK-03,Old Mill,D09,V09,motorbike,Clear,2026-04-16 12:39:00,2026-04-16 17:20:38,24,24,0,24,100.0,43.8,44.7,2.1,0,1.14,39.36,1.98
R00287,2026-04-16,Thu,BK-05,Northgate,D10,V10,motorbike,Clear,2026-04-16 12:31:00,2026-04-16 17:37:33,26,25,1,25,100.0,37.1,38.2,3.0,29,1.14,33.42,2.01
R00288,2026-04-16,Thu,BK-06,Elm Park,D12,V12,motorbike,Clear,2026-04-16 07:34:00,2026-04-16 12:41:10,26,24,2,24,100.0,39.0,43.0,10.3,16,1.28,33.52,2.25
R00289,2026-04-16,Thu,BK-03,Old Mill,D13,V13,motorbike,Clear,2026-04-16 07:38:00,2026-04-16 11:55:09,22,22,0,22,100.0,40.2,39.7,-1.2,13,1.07,37.04,1.88
R00290,2026-04-16,Thu,BK-01,Harbor Row,D14,V14,motorbike,Clear,2026-04-16 12:37:00,2026-04-16 16:23:20,19,18,1,17,94.4,34.4,35.3,2.6,5,0.93,38.08,1.62
R00291,2026-04-16,Thu,VN-04,Lakeview,D15,V15,van,Clear,2026-04-16 07:33:00,2026-04-16 12:59:21,18,18,0,18,100.0,118.1,121.0,2.5,24,11.22,10.78,18.16
R00292,2026-04-16,Thu,VN-04,Lakeview,D16,V16,van,Clear,2026-04-16 07:38:00,2026-04-16 12:13:48,15,14,1,14,100.0,98.4,97.4,-1.0,14,8.56,11.37,13.8
R00293,2026-04-16,Thu,VN-01,Cedar Point,D17,V17,van,Clear,2026-04-16 07:39:00,2026-04-16 12:12:54,15,14,1,14,100.0,70.3,73.2,4.1,9,6.6,11.09,10.72
R00294,2026-04-16,Thu,VN-03,Stonebridge,D18,V18,van,Clear,2026-04-16 07:35:00,2026-04-16 14:04:36,21,18,3,17,94.4,113.4,116.7,2.9,21,10.79,10.81,17.45
R00295,2026-04-16,Thu,VN-01,Cedar Point,D19,V19,van,Clear,2026-04-16 07:38:00,2026-04-16 12:12:56,15,15,0,15,100.0,70.3,73.5,4.6,27,6.61,11.12,10.71
R00296,2026-04-16,Thu,VN-04,Lakeview,D20,V20,van,Clear,2026-04-16 07:38:00,2026-04-16 11:55:04,14,12,2,12,100.0,91.9,94.5,2.8,7,8.81,10.73,14.18
R00297,2026-04-16,Thu,TR-02,Westfield,D21,V21,truck,Clear,2026-04-16 06:05:00,2026-04-16 14:32:36,10,10,0,10,100.0,342.5,350.9,2.5,74,102.52,3.42,164.98
R00298,2026-04-16,Thu,TR-02,Westfield,D22,V22,truck,Clear,2026-04-16 06:09:00,2026-04-16 14:44:22,10,10,0,8,80.0,342.5,350.0,2.2,25,114.2,3.06,184.41
R00299,2026-04-16,Thu,TR-03,Granite Hill,D23,V23,truck,Clear,2026-04-16 06:02:00,2026-04-16 14:30:31,10,10,0,10,100.0,210.0,214.0,1.9,31,60.69,3.53,97.99
R00300,2026-04-16,Thu,TR-02,Westfield,D24,V24,truck,Clear,2026-04-16 06:03:00,2026-04-16 12:15:39,7,7,0,7,100.0,239.8,241.8,0.8,23,65.15,3.71,105.11
R00301,2026-04-17,Fri,BK-03,Old Mill,D01,V01,motorbike,Clear,2026-04-17 12:30:00,2026-04-17 17:18:08,24,24,0,22,91.7,43.8,44.9,2.5,0,1.14,39.44,2.01
R00302,2026-04-17,Fri,BK-03,Old Mill,D02,V02,motorbike,Clear,2026-04-17 12:37:00,2026-04-17 17:32:18,25,23,2,21,91.3,45.7,47.3,3.5,35,1.5,31.47,2.62
R00303,2026-04-17,Fri,BK-06,Elm Park,D03,V03,motorbike,Clear,2026-04-17 12:36:00,2026-04-17 18:08:02,28,26,2,24,92.3,42.0,43.0,2.4,24,1.2,35.98,2.1
R00304,2026-04-17,Fri,BK-04,Riverside,D04,V04,motorbike,Clear,2026-04-17 12:30:00,2026-04-17 16:54:33,22,20,2,20,100.0,61.8,65.6,6.1,8,1.79,36.57,3.14
R00305,2026-04-17,Fri,BK-01,Harbor Row,D05,V05,motorbike,Clear,2026-04-17 07:39:00,2026-04-17 11:59:13,22,21,1,21,100.0,39.8,41.7,4.8,7,1.09,38.22,1.92
R00306,2026-04-17,Fri,BK-02,Maple Heights,D06,V06,motorbike,Clear,2026-04-17 07:35:00,2026-04-17 12:07:39,23,20,3,20,100.0,43.1,44.0,2.1,17,1.32,33.41,2.31
R00307,2026-04-17,Fri,BK-06,Elm Park,D07,V07,motorbike,Clear,2026-04-17 07:30:00,2026-04-17 12:36:43,26,25,1,25,100.0,39.0,39.7,1.8,10,1.14,34.85,2.02
R00308,2026-04-17,Fri,BK-02,Maple Heights,D08,V08,motorbike,Clear,2026-04-17 07:36:00,2026-04-17 12:12:26,23,22,1,21,95.5,43.1,44.8,3.9,9,1.29,34.8,2.24
R00309,2026-04-17,Fri,BK-03,Old Mill,D09,V09,motorbike,Clear,2026-04-17 12:36:00,2026-04-17 17:06:14,23,23,0,23,100.0,42.0,43.5,3.6,20,1.24,35.22,2.18
R00310,2026-04-17,Fri,BK-01,Harbor Row,D10,V10,motorbike,Clear,2026-04-17 12:36:00,2026-04-17 16:43:53,21,21,0,21,100.0,38.0,39.2,3.2,0,0.97,40.43,1.71
R00311,2026-04-17,Fri,BK-05,Northgate,D11,V11,motorbike,Clear,2026-04-17 07:37:00,2026-04-17 12:59:33,27,25,2,23,92.0,38.6,40.2,4.1,14,1.06,37.96,1.86
R00312,2026-04-17,Fri,BK-04,Riverside,D12,V12,motorbike,Clear,2026-04-17 07:40:00,2026-04-17 11:29:17,19,19,0,19,100.0,53.4,58.0,8.6,19,1.86,31.2,3.27
R00313,2026-04-17,Fri,BK-01,Harbor Row,D13,V13,motorbike,Clear,2026-04-17 07:34:00,2026-04-17 11:58:27,23,21,2,20,95.2,41.6,41.4,-0.5,0,1.03,40.27,1.8
R00314,2026-04-17,Fri,BK-05,Northgate,D14,V14,motorbike,Clear,2026-04-17 12:32:00,2026-04-17 17:34:37,26,24,2,24,100.0,37.1,38.7,4.3,14,1.05,37.02,1.81
R00315,2026-04-17,Fri,VN-03,Stonebridge,D15,V15,van,Clear,2026-04-17 07:30:00,2026-04-17 13:38:28,20,18,2,18,100.0,108.0,110.8,2.6,24,10.13,10.93,16.53
R00316,2026-04-17,Fri,VN-04,Lakeview,D16,V16,van,Clear,2026-04-17 07:38:00,2026-04-17 12:40:57,16,16,0,16,100.0,105.0,105.8,0.8,0,9.02,11.73,14.62
R00317,2026-04-17,Fri,VN-02,Brookfield,D17,V17,van,Clear,2026-04-17 07:34:00,2026-04-17 12:30:35,16,15,1,13,86.7,79.1,80.4,1.6,27,7.36,10.93,11.89
R00318,2026-04-17,Fri,VN-04,Lakeview,D18,V18,van,Clear,2026-04-17 07:34:00,2026-04-17 12:30:36,16,15,1,15,100.0,105.0,106.7,1.6,20,9.77,10.92,15.95
R00319,2026-04-17,Fri,VN-01,Cedar Point,D19,V19,van,Clear,2026-04-17 07:39:00,2026-04-17 12:34:36,16,15,1,15,100.0,75.0,77.9,3.9,8,6.84,11.39,11.05
R00320,2026-04-17,Fri,VN-01,Cedar Point,D20,V20,van,Clear,2026-04-17 07:33:00,2026-04-17 11:56:54,14,14,0,14,100.0,65.6,67.0,2.1,0,5.77,11.61,9.3
R00321,2026-04-17,Fri,TR-03,Granite Hill,D21,V21,truck,Clear,2026-04-17 06:02:00,2026-04-17 15:58:32,12,12,0,12,100.0,252.0,262.9,4.3,116,79.37,3.31,127.44
R00322,2026-04-17,Fri,TR-03,Granite Hill,D22,V22,truck,Clear,2026-04-17 06:08:00,2026-04-17 16:52:58,13,12,1,11,91.7,273.0,277.0,1.5,16,86.94,3.19,141.59
R00323,2026-04-17,Fri,TR-02,Westfield,D23,V23,truck,Clear,2026-04-17 06:01:00,2026-04-17 14:36:58,10,10,0,7,70.0,342.5,354.5,3.5,0,93.39,3.8,151.33
R00324,2026-04-17,Fri,TR-03,Granite Hill,D24,V24,truck,Clear,2026-04-17 06:05:00,2026-04-17 14:27:21,10,10,0,10,100.0,210.0,213.8,1.8,16,58.56,3.65,95.05
R00325,2026-04-18,Sat,BK-06,Elm Park,D01,V01,motorbike,Rain,2026-04-18 12:34:00,2026-04-18 17:55:44,27,25,2,24,96.0,40.5,42.5,4.9,24,1.19,35.75,2.1
R00326,2026-04-18,Sat,BK-03,Old Mill,D03,V03,motorbike,Rain,2026-04-18 12:37:00,2026-04-18 16:56:37,22,20,2,18,90.0,40.2,43.0,7.0,8,1.15,37.35,2.02
R00327,2026-04-18,Sat,BK-06,Elm Park,D05,V05,motorbike,Rain,2026-04-18 07:35:00,2026-04-18 12:46:31,27,26,1,26,100.0,40.5,42.7,5.4,0,1.05,40.55,1.83
R00328,2026-04-18,Sat,BK-04,Riverside,D07,V07,motorbike,Rain,2026-04-18 07:30:00,2026-04-18 12:05:18,23,23,0,23,100.0,64.6,67.8,5.0,0,2.01,33.71,3.54
R00329,2026-04-18,Sat,BK-03,Old Mill,D09,V09,motorbike,Rain,2026-04-18 12:39:00,2026-04-18 16:47:52,21,19,2,19,100.0,38.3,40.8,6.5,5,1.18,34.53,2.07
R00330,2026-04-18,Sat,BK-01,Harbor Row,D11,V11,motorbike,Rain,2026-04-18 07:31:00,2026-04-18 11:21:16,19,19,0,19,100.0,34.4,36.7,6.7,36,1.08,34.09,1.9
R00331,2026-04-18,Sat,BK-06,Elm Park,D13,V13,motorbike,Rain,2026-04-18 07:30:00,2026-04-18 12:28:51,25,24,1,21,87.5,37.5,39.5,5.3,14,1.08,36.46,1.91
R00332,2026-04-18,Sat,VN-01,Cedar Point,D15,V15,van,Rain,2026-04-18 07:31:00,2026-04-18 12:20:21,15,15,0,14,93.3,70.3,74.2,5.5,22,7.11,10.43,11.52
R00333,2026-04-18,Sat,VN-02,Brookfield,D17,V17,van,Rain,2026-04-18 07:38:00,2026-04-18 12:58:19,17,17,0,16,94.1,84.0,86.5,3.0,14,8.12,10.65,13.16
R00334,2026-04-18,Sat,VN-03,Stonebridge,D19,V19,van,Rain,2026-04-18 07:37:00,2026-04-18 13:28:27,19,16,3,11,68.8,102.6,110.1,7.3,22,9.94,11.07,15.87
R00335,2026-04-18,Sat,TR-01,Foundry District,D21,V21,truck,Rain,2026-04-18 06:05:00,2026-04-18 11:36:38,6,5,1,4,80.0,200.2,203.0,1.4,87,61.82,3.28,99.75
R00336,2026-04-18,Sat,TR-03,Granite Hill,D23,V23,truck,Rain,2026-04-18 06:01:00,2026-04-18 16:04:43,12,11,1,11,100.0,252.0,266.1,5.6,0,72.27,3.68,117.67
R00337,2026-04-20,Mon,BK-03,Old Mill,D01,V01,motorbike,Clear,2026-04-20 12:40:00,2026-04-20 17:05:09,22,20,2,16,80.0,40.2,41.4,3.0,15,1.12,36.88,1.96
R00338,2026-04-20,Mon,BK-01,Harbor Row,D02,V02,motorbike,Clear,2026-04-20 12:31:00,2026-04-20 16:13:18,19,19,0,18,94.7,34.4,34.6,0.6,12,1.05,32.98,1.85
R00339,2026-04-20,Mon,BK-06,Elm Park,D03,V03,motorbike,Clear,2026-04-20 12:39:00,2026-04-20 17:36:53,25,25,0,21,84.0,37.5,39.1,4.3,0,0.95,41.24,1.65
R00340,2026-04-20,Mon,BK-06,Elm Park,D04,V04,motorbike,Clear,2026-04-20 12:38:00,2026-04-20 17:16:43,24,24,0,20,83.3,36.0,38.7,7.5,5,1.05,36.82,1.86
R00341,2026-04-20,Mon,BK-04,Riverside,D06,V06,motorbike,Clear,2026-04-20 07:33:00,2026-04-20 11:27:51,20,18,2,18,100.0,56.2,58.5,4.1,34,1.83,31.95,3.21
R00342,2026-04-20,Mon,BK-05,Northgate,D07,V07,motorbike,Clear,2026-04-20 07:30:00,2026-04-20 13:00:30,28,28,0,26,92.9,40.0,41.5,3.8,13,1.18,35.18,2.08
R00343,2026-04-20,Mon,BK-01,Harbor Row,D08,V08,motorbike,Clear,2026-04-20 07:33:00,2026-04-20 12:03:04,23,22,1,22,100.0,41.6,44.2,6.3,15,1.26,35.18,2.21
R00344,2026-04-20,Mon,BK-06,Elm Park,D09,V09,motorbike,Clear,2026-04-20 12:34:00,2026-04-20 17:59:48,28,27,1,26,96.3,42.0,41.8,-0.5,0,1.09,38.41,1.91
R00345,2026-04-20,Mon,BK-06,Elm Park,D10,V10,motorbike,Clear,2026-04-20 12:38:00,2026-04-20 17:39:16,26,25,1,24,96.0,39.0,40.8,4.6,12,1.15,35.63,2.01
R00346,2026-04-20,Mon,BK-04,Riverside,D11,V11,motorbike,Clear,2026-04-20 07:34:00,2026-04-20 11:58:16,23,23,0,23,100.0,64.6,68.2,5.6,0,1.62,42.08,2.83
R00347,2026-04-20,Mon,BK-03,Old Mill,D12,V12,motorbike,Clear,2026-04-20 07:37:00,2026-04-20 12:20:57,24,21,3,21,100.0,43.8,47.9,9.4,18,1.5,31.89,2.65
R00348,2026-04-20,Mon,BK-03,Old Mill,D13,V13,motorbike,Clear,2026-04-20 07:36:00,2026-04-20 12:25:16,25,22,3,22,100.0,45.7,46.9,2.6,30,1.32,35.47,2.33
R00349,2026-04-20,Mon,BK-02,Maple Heights,D14,V14,motorbike,Clear,2026-04-20 12:40:00,2026-04-20 17:02:09,23,22,1,22,100.0,43.1,44.8,3.9,35,1.3,34.55,2.25
R00350,2026-04-20,Mon,VN-02,Brookfield,D15,V15,van,Clear,2026-04-20 07:38:00,2026-04-20 13:22:08,19,19,0,19,100.0,93.9,98.1,4.5,27,9.14,10.74,14.85
R00351,2026-04-20,Mon,VN-04,Lakeview,D16,V16,van,Clear,2026-04-20 07:40:00,2026-04-20 12:37:05,16,15,1,15,100.0,105.0,106.9,1.8,36,9.57,11.17,15.62
R00352,2026-04-20,Mon,VN-02,Brookfield,D17,V17,van,Clear,2026-04-20 07:34:00,2026-04-20 12:49:34,17,16,1,16,100.0,84.0,83.9,-0.1,18,7.66,10.96,12.39
R00353,2026-04-20,Mon,VN-02,Brookfield,D18,V18,van,Clear,2026-04-20 07:30:00,2026-04-20 12:47:27,17,17,0,16,94.1,84.0,85.9,2.3,0,7.95,10.8,12.85
R00354,2026-04-20,Mon,VN-02,Brookfield,D19,V19,van,Clear,2026-04-20 07:40:00,2026-04-20 13:26:59,19,18,1,17,94.4,93.9,99.7,6.2,0,8.6,11.59,14.11
R00355,2026-04-20,Mon,VN-01,Cedar Point,D20,V20,van,Clear,2026-04-20 07:38:00,2026-04-20 11:53:36,14,13,1,13,100.0,65.6,66.4,1.2,0,5.96,11.14,9.75
R00356,2026-04-20,Mon,TR-02,Westfield,D21,V21,truck,Clear,2026-04-20 06:06:00,2026-04-20 13:09:36,8,8,0,7,87.5,274.0,278.8,1.8,113,85.93,3.24,140.0
R00357,2026-04-20,Mon,TR-03,Granite Hill,D22,V22,truck,Clear,2026-04-20 06:02:00,2026-04-20 15:57:44,12,12,0,9,75.0,252.0,263.2,4.4,19,78.64,3.35,125.07
R00358,2026-04-20,Mon,TR-02,Westfield,D23,V23,truck,Clear,2026-04-20 06:00:00,2026-04-20 13:40:31,9,8,1,8,100.0,308.2,316.0,2.5,55,87.62,3.61,139.92
R00359,2026-04-20,Mon,TR-03,Granite Hill,D24,V24,truck,Clear,2026-04-20 06:08:00,2026-04-20 13:47:12,9,8,1,8,100.0,189.0,193.8,2.5,25,51.1,3.79,82.65
R00360,2026-04-21,Tue,BK-05,Northgate,D01,V01,motorbike,Rain,2026-04-21 12:30:00,2026-04-21 17:45:48,27,26,1,25,96.2,38.6,41.7,8.0,40,1.25,33.34,2.2
R00361,2026-04-21,Tue,BK-01,Harbor Row,D02,V02,motorbike,Rain,2026-04-21 12:36:00,2026-04-21 16:20:03,19,19,0,19,100.0,34.4,36.1,4.9,17,1.13,32.04,1.97
R00362,2026-04-21,Tue,BK-05,Northgate,D03,V03,motorbike,Rain,2026-04-21 12:38:00,2026-04-21 18:16:27,29,29,0,29,100.0,41.4,44.0,6.3,26,1.24,35.53,2.19
R00363,2026-04-21,Tue,BK-06,Elm Park,D04,V04,motorbike,Rain,2026-04-21 12:39:00,2026-04-21 17:52:03,26,25,1,25,100.0,39.0,41.5,6.4,16,1.23,33.64,2.17
R00364,2026-04-21,Tue,BK-04,Riverside,D05,V05,motorbike,Rain,2026-04-21 07:37:00,2026-04-21 11:26:19,20,20,0,20,100.0,56.2,58.7,4.4,0,1.55,37.82,2.73
R00365,2026-04-21,Tue,BK-04,Riverside,D06,V06,motorbike,Rain,2026-04-21 07:32:00,2026-04-21 11:26:19,19,19,0,18,94.7,53.4,56.2,5.2,0,1.62,34.68,2.85
R00366,2026-04-21,Tue,BK-03,Old Mill,D07,V07,motorbike,Rain,2026-04-21 07:30:00,2026-04-21 12:28:32,25,25,0,24,96.0,45.7,48.1,5.3,0,1.36,35.47,2.38
R00367,2026-04-21,Tue,BK-05,Northgate,D09,V09,motorbike,Rain,2026-04-21 12:35:00,2026-04-21 17:56:12,26,24,2,20,83.3,37.1,38.5,3.8,39,1.18,32.71,2.08
R00368,2026-04-21,Tue,BK-05,Northgate,D10,V10,motorbike,Rain,2026-04-21 12:33:00,2026-04-21 18:06:30,28,26,2,22,84.6,40.0,43.1,7.8,0,1.2,36.02,2.11
R00369,2026-04-21,Tue,BK-03,Old Mill,D11,V11,motorbike,Rain,2026-04-21 07:32:00,2026-04-21 12:11:45,24,22,2,22,100.0,43.8,47.3,8.0,0,1.17,40.49,2.05
R00370,2026-04-21,Tue,BK-03,Old Mill,D12,V12,motorbike,Rain,2026-04-21 07:31:00,2026-04-21 12:18:13,24,23,1,22,95.7,43.8,50.0,14.2,30,1.7,29.44,2.99
R00371,2026-04-21,Tue,BK-05,Northgate,D13,V13,motorbike,Rain,2026-04-21 07:32:00,2026-04-21 12:42:53,26,25,1,22,88.0,37.1,39.4,6.2,0,1.0,39.21,1.77
R00372,2026-04-21,Tue,BK-06,Elm Park,D14,V14,motorbike,Rain,2026-04-21 12:32:00,2026-04-21 17:58:47,27,25,2,21,84.0,40.5,44.1,8.9,19,1.27,34.63,2.24
R00373,2026-04-21,Tue,VN-03,Stonebridge,D15,V15,van,Rain,2026-04-21 07:38:00,2026-04-21 13:07:31,18,18,0,18,100.0,97.2,105.0,8.0,33,9.86,10.65,16.1
R00374,2026-04-21,Tue,VN-04,Lakeview,D16,V16,van,Rain,2026-04-21 07:30:00,2026-04-21 12:35:54,16,15,1,12,80.0,105.0,107.1,2.0,39,10.13,10.57,16.25
R00375,2026-04-21,Tue,VN-04,Lakeview,D17,V17,van,Rain,2026-04-21 07:37:00,2026-04-21 12:59:47,18,17,1,17,100.0,118.1,123.2,4.3,18,12.02,10.25,19.38
R00376,2026-04-21,Tue,VN-04,Lakeview,D18,V18,van,Rain,2026-04-21 07:37:00,2026-04-21 12:17:13,15,14,1,13,92.9,98.4,102.2,3.9,33,10.19,10.03,16.55
R00377,2026-04-21,Tue,VN-03,Stonebridge,D19,V19,van,Rain,2026-04-21 07:37:00,2026-04-21 14:14:49,22,19,3,17,89.5,118.8,127.0,6.9,23,12.09,10.51,19.6
R00378,2026-04-21,Tue,VN-02,Brookfield,D20,V20,van,Rain,2026-04-21 07:39:00,2026-04-21 13:17:06,18,18,0,15,83.3,88.9,94.2,6.0,0,8.47,11.12,13.8
R00379,2026-04-21,Tue,TR-02,Westfield,D22,V22,truck,Rain,2026-04-21 06:04:00,2026-04-21 13:07:52,8,8,0,6,75.0,274.0,287.6,5.0,39,95.12,3.02,154.46
R00380,2026-04-21,Tue,TR-02,Westfield,D23,V23,truck,Rain,2026-04-21 06:07:00,2026-04-21 12:17:14,7,7,0,6,85.7,239.8,250.5,4.5,43,71.99,3.48,117.03
R00381,2026-04-21,Tue,TR-03,Granite Hill,D24,V24,truck,Rain,2026-04-21 06:00:00,2026-04-21 16:55:04,13,13,0,7,53.8,273.0,290.0,6.2,34,85.67,3.39,139.28
R00382,2026-04-22,Wed,BK-05,Northgate,D01,V01,motorbike,Clear,2026-04-22 12:33:00,2026-04-22 18:01:51,28,27,1,27,100.0,40.0,41.5,3.8,0,0.98,42.18,1.74
R00383,2026-04-22,Wed,BK-06,Elm Park,D02,V02,motorbike,Clear,2026-04-22 12:38:00,2026-04-22 17:46:16,26,24,2,24,100.0,39.0,39.4,1.0,55,1.42,27.84,2.48
R00384,2026-04-22,Wed,BK-01,Harbor Row,D03,V03,motorbike,Clear,2026-04-22 12:35:00,2026-04-22 16:54:59,22,21,1,17,81.0,39.8,41.3,3.8,0,1.02,40.57,1.8
R00385,2026-04-22,Wed,BK-04,Riverside,D04,V04,motorbike,Clear,2026-04-22 12:31:00,2026-04-22 16:46:01,21,20,1,19,95.0,59.0,61.4,4.1,39,1.86,33.02,3.27
R00386,2026-04-22,Wed,BK-01,Harbor Row,D05,V05,motorbike,Clear,2026-04-22 07:30:00,2026-04-22 11:15:28,19,17,2,17,100.0,34.4,35.3,2.6,0,0.87,40.66,1.53
R00387,2026-04-22,Wed,BK-05,Northgate,D06,V06,motorbike,Clear,2026-04-22 07:30:00,2026-04-22 12:56:41,28,27,1,24,88.9,40.0,40.9,2.2,5,1.12,36.4,1.98
R00388,2026-04-22,Wed,BK-06,Elm Park,D07,V07,motorbike,Clear,2026-04-22 07:38:00,2026-04-22 12:20:42,24,22,2,19,86.4,36.0,37.7,4.7,21,1.14,33.03,2.02
R00389,2026-04-22,Wed,BK-05,Northgate,D08,V08,motorbike,Clear,2026-04-22 07:38:00,2026-04-22 12:40:43,26,26,0,26,100.0,37.1,38.9,4.9,5,1.08,36.14,1.91
R00390,2026-04-22,Wed,BK-05,Northgate,D09,V09,motorbike,Clear,2026-04-22 12:38:00,2026-04-22 18:22:07,29,29,0,26,89.7,41.4,42.4,2.4,6,1.14,37.26,2.0
R00391,2026-04-22,Wed,BK-03,Old Mill,D10,V10,motorbike,Clear,2026-04-22 12:30:00,2026-04-22 16:46:01,21,21,0,20,95.2,38.3,39.8,3.9,15,1.13,35.33,1.99
R00392,2026-04-22,Wed,BK-06,Elm Park,D11,V11,motorbike,Clear,2026-04-22 07:33:00,2026-04-22 12:59:14,28,26,2,24,92.3,42.0,43.2,2.9,5,1.09,39.61,1.93
R00393,2026-04-22,Wed,BK-03,Old Mill,D12,V12,motorbike,Clear,2026-04-22 07:32:00,2026-04-22 11:52:20,22,22,0,22,100.0,40.2,44.9,11.7,0,1.34,33.61,2.38
R00394,2026-04-22,Wed,BK-03,Old Mill,D13,V13,motorbike,Clear,2026-04-22 07:34:00,2026-04-22 11:57:49,23,22,1,22,100.0,42.0,44.0,4.8,18,1.2,36.67,2.1
R00395,2026-04-22,Wed,BK-01,Harbor Row,D14,V14,motorbike,Clear,2026-04-22 12:35:00,2026-04-22 16:51:37,22,22,0,22,100.0,39.8,42.4,6.5,36,1.28,33.11,2.27
R00396,2026-04-22,Wed,VN-03,Stonebridge,D15,V15,van,Clear,2026-04-22 07:40:00,2026-04-22 14:21:48,22,22,0,19,86.4,118.8,124.5,4.8,0,11.04,11.27,17.94
R00397,2026-04-22,Wed,VN-04,Lakeview,D16,V16,van,Clear,2026-04-22 07:37:00,2026-04-22 11:59:38,14,14,0,14,100.0,91.9,93.0,1.2,31,8.23,11.3,13.35
R00398,2026-04-22,Wed,VN-04,Lakeview,D17,V17,van,Clear,2026-04-22 07:31:00,2026-04-22 12:13:30,15,14,1,14,100.0,98.4,100.9,2.5,0,9.7,10.4,15.73
R00399,2026-04-22,Wed,VN-03,Stonebridge,D18,V18,van,Clear,2026-04-22 07:37:00,2026-04-22 13:51:29,21,21,0,21,100.0,113.4,116.1,2.4,0,10.35,11.21,16.74
R00400,2026-04-22,Wed,VN-04,Lakeview,D19,V19,van,Clear,2026-04-22 07:35:00,2026-04-22 12:22:19,15,15,0,14,93.3,98.4,102.4,4.1,22,9.31,11.0,15.24
R00401,2026-04-22,Wed,VN-01,Cedar Point,D20,V20,van,Clear,2026-04-22 07:38:00,2026-04-22 12:54:18,17,16,1,14,87.5,79.7,80.8,1.4,6,7.15,11.3,11.54
R00402,2026-04-22,Wed,TR-01,Foundry District,D21,V21,truck,Clear,2026-04-22 06:03:00,2026-04-22 12:18:10,7,6,1,6,100.0,233.6,235.7,0.9,49,68.26,3.45,110.5
R00403,2026-04-22,Wed,TR-03,Granite Hill,D22,V22,truck,Clear,2026-04-22 06:10:00,2026-04-22 16:58:35,13,12,1,11,91.7,273.0,272.0,-0.4,60,84.52,3.22,137.99
R00404,2026-04-22,Wed,TR-01,Foundry District,D23,V23,truck,Clear,2026-04-22 06:08:00,2026-04-22 11:32:26,6,6,0,6,100.0,200.2,206.0,2.9,26,54.42,3.79,87.51
R00405,2026-04-22,Wed,TR-02,Westfield,D24,V24,truck,Clear,2026-04-22 06:08:00,2026-04-22 12:16:51,7,6,1,6,100.0,239.8,239.9,0.0,45,68.81,3.49,111.66
R00406,2026-04-23,Thu,BK-06,Elm Park,D01,V01,motorbike,Clear,2026-04-23 12:30:00,2026-04-23 17:48:29,27,26,1,25,96.2,40.5,41.6,2.7,5,1.02,40.93,1.81
R00407,2026-04-23,Thu,BK-04,Riverside,D02,V02,motorbike,Clear,2026-04-23 12:37:00,2026-04-23 16:47:51,21,20,1,20,100.0,59.0,60.4,2.4,0,1.75,34.48,3.09
R00408,2026-04-23,Thu,BK-06,Elm Park,D04,V04,motorbike,Clear,2026-04-23 12:32:00,2026-04-23 17:08:14,24,24,0,24,100.0,36.0,37.8,5.0,67,1.33,28.37,2.35
R00409,2026-04-23,Thu,BK-01,Harbor Row,D06,V06,motorbike,Clear,2026-04-23 07:39:00,2026-04-23 12:08:11,23,22,1,22,100.0,41.6,42.1,1.2,48,1.37,30.65,2.42
R00410,2026-04-23,Thu,BK-03,Old Mill,D07,V07,motorbike,Clear,2026-04-23 07:33:00,2026-04-23 11:40:23,21,20,1,20,100.0,38.3,39.0,1.8,9,1.11,35.04,1.96
R00411,2026-04-23,Thu,BK-03,Old Mill,D08,V08,motorbike,Clear,2026-04-23 07:33:00,2026-04-23 11:40:17,21,20,1,20,100.0,38.3,39.7,3.7,0,1.04,38.29,1.84
R00412,2026-04-23,Thu,BK-05,Northgate,D09,V09,motorbike,Clear,2026-04-23 12:33:00,2026-04-23 17:40:32,26,26,0,21,80.8,37.1,38.2,3.0,13,1.05,36.44,1.86
R00413,2026-04-23,Thu,BK-06,Elm Park,D10,V10,motorbike,Clear,2026-04-23 12:32:00,2026-04-23 17:42:42,26,24,2,23,95.8,39.0,40.0,2.6,25,1.2,33.21,2.11
R00414,2026-04-23,Thu,BK-01,Harbor Row,D11,V11,motorbike,Clear,2026-04-23 07:40:00,2026-04-23 12:12:15,23,21,2,21,100.0,41.6,44.0,5.8,24,1.2,36.78,2.11
R00415,2026-04-23,Thu,BK-04,Riverside,D12,V12,motorbike,Clear,2026-04-23 07:32:00,2026-04-23 11:36:26,21,19,2,17,89.5,59.0,65.0,10.2,48,2.13,30.55,3.75
R00416,2026-04-23,Thu,BK-01,Harbor Row,D13,V13,motorbike,Clear,2026-04-23 07:36:00,2026-04-23 11:55:22,22,21,1,21,100.0,39.8,40.8,2.5,13,1.09,37.35,1.92
R00417,2026-04-23,Thu,BK-02,Maple Heights,D14,V14,motorbike,Clear,2026-04-23 12:39:00,2026-04-23 16:55:12,22,21,1,21,100.0,41.2,42.8,3.9,0,1.07,40.0,1.88
R00418,2026-04-23,Thu,VN-03,Stonebridge,D15,V15,van,Clear,2026-04-23 07:34:00,2026-04-23 13:41:01,20,19,1,19,100.0,108.0,111.0,2.8,14,9.88,11.23,16.13
R00419,2026-04-23,Thu,VN-03,Stonebridge,D16,V16,van,Clear,2026-04-23 07:32:00,2026-04-23 13:05:49,18,17,1,17,100.0,97.2,98.7,1.5,16,8.99,10.98,14.64
R00420,2026-04-23,Thu,VN-04,Lakeview,D17,V17,van,Clear,2026-04-23 07:34:00,2026-04-23 11:51:30,14,14,0,14,100.0,91.9,94.5,2.8,17,8.58,11.02,14.05
R00421,2026-04-23,Thu,VN-03,Stonebridge,D18,V18,van,Clear,2026-04-23 07:40:00,2026-04-23 14:03:19,21,20,1,19,95.0,113.4,119.0,4.9,0,10.83,10.99,17.5
R00422,2026-04-23,Thu,VN-04,Lakeview,D19,V19,van,Clear,2026-04-23 07:36:00,2026-04-23 12:00:42,14,14,0,14,100.0,91.9,94.9,3.3,0,8.55,11.1,13.91
R00423,2026-04-23,Thu,VN-01,Cedar Point,D20,V20,van,Clear,2026-04-23 07:39:00,2026-04-23 12:54:20,17,17,0,16,94.1,79.7,81.5,2.3,16,7.18,11.35,11.63
R00424,2026-04-23,Thu,TR-02,Westfield,D21,V21,truck,Clear,2026-04-23 06:01:00,2026-04-23 12:02:02,7,7,0,7,100.0,239.8,247.8,3.3,47,71.64,3.46,116.38
R00425,2026-04-23,Thu,TR-01,Foundry District,D22,V22,truck,Clear,2026-04-23 06:05:00,2026-04-23 13:49:55,9,9,0,7,77.8,300.4,311.3,3.6,0,94.22,3.3,153.85
R00426,2026-04-23,Thu,TR-03,Granite Hill,D23,V23,truck,Clear,2026-04-23 06:06:00,2026-04-23 15:26:43,11,10,1,9,90.0,231.0,232.9,0.8,0,59.6,3.91,96.72
R00427,2026-04-23,Thu,TR-03,Granite Hill,D24,V24,truck,Clear,2026-04-23 06:09:00,2026-04-23 13:48:58,9,8,1,8,100.0,189.0,193.1,2.2,61,58.56,3.3,94.74
R00428,2026-04-24,Fri,BK-05,Northgate,D01,V01,motorbike,Clear,2026-04-24 12:40:00,2026-04-24 18:02:24,27,27,0,24,88.9,38.6,39.8,3.1,0,0.92,43.06,1.62
R00429,2026-04-24,Fri,BK-06,Elm Park,D03,V03,motorbike,Clear,2026-04-24 12:31:00,2026-04-24 17:18:37,24,22,2,19,86.4,36.0,37.5,4.2,11,0.97,38.74,1.7
R00430,2026-04-24,Fri,BK-03,Old Mill,D04,V04,motorbike,Clear,2026-04-24 12:31:00,2026-04-24 16:52:58,22,19,3,18,94.7,40.2,41.7,3.7,33,1.26,32.98,2.22
R00431,2026-04-24,Fri,BK-04,Riverside,D05,V05,motorbike,Clear,2026-04-24 07:37:00,2026-04-24 11:47:27,22,20,2,20,100.0,61.8,63.7,3.1,0,1.59,40.16,2.8
R00432,2026-04-24,Fri,BK-05,Northgate,D06,V06,motorbike,Clear,2026-04-24 07:30:00,2026-04-24 12:56:40,27,27,0,26,96.3,38.6,39.2,1.6,33,1.25,31.37,2.22
R00433,2026-04-24,Fri,BK-03,Old Mill,D08,V08,motorbike,Clear,2026-04-24 07:34:00,2026-04-24 11:59:06,23,23,0,23,100.0,42.0,43.3,3.1,23,1.23,35.11,2.16
R00434,2026-04-24,Fri,BK-01,Harbor Row,D09,V09,motorbike,Clear,2026-04-24 12:36:00,2026-04-24 16:20:48,19,18,1,18,100.0,34.4,35.3,2.6,10,0.98,36.17,1.73
R00435,2026-04-24,Fri,BK-05,Northgate,D10,V10,motorbike,Clear,2026-04-24 12:40:00,2026-04-24 18:08:04,28,28,0,26,92.9,40.0,41.1,2.8,15,1.15,35.88,2.0
R00436,2026-04-24,Fri,BK-05,Northgate,D11,V11,motorbike,Clear,2026-04-24 07:39:00,2026-04-24 12:48:39,27,27,0,27,100.0,38.6,40.6,5.2,25,1.12,36.22,1.98
R00437,2026-04-24,Fri,BK-02,Maple Heights,D12,V12,motorbike,Clear,2026-04-24 07:38:00,2026-04-24 12:00:30,22,22,0,16,72.7,41.2,45.2,9.7,30,1.45,31.12,2.54
R00438,2026-04-24,Fri,BK-04,Riverside,D13,V13,motorbike,Clear,2026-04-24 07:38:00,2026-04-24 12:08:43,23,22,1,22,100.0,64.6,64.2,-0.6,14,1.71,37.52,3.01
R00439,2026-04-24,Fri,BK-04,Riverside,D14,V14,motorbike,Clear,2026-04-24 12:31:00,2026-04-24 17:01:26,23,22,1,17,77.3,64.6,66.8,3.4,18,1.78,37.44,3.13
R00440,2026-04-24,Fri,VN-02,Brookfield,D15,V15,van,Clear,2026-04-24 07:38:00,2026-04-24 13:33:37,19,19,0,19,100.0,93.9,97.4,3.7,24,9.25,10.53,15.1
R00441,2026-04-24,Fri,VN-03,Stonebridge,D16,V16,van,Clear,2026-04-24 07:36:00,2026-04-24 13:44:10,20,20,0,19,95.0,108.0,108.6,0.6,0,9.26,11.73,15.11
R00442,2026-04-24,Fri,VN-01,Cedar Point,D17,V17,van,Clear,2026-04-24 07:35:00,2026-04-24 12:25:32,16,15,1,15,100.0,75.0,74.3,-0.9,31,7.06,10.53,11.45
R00443,2026-04-24,Fri,VN-02,Brookfield,D18,V18,van,Clear,2026-04-24 07:31:00,2026-04-24 13:04:04,18,17,1,15,88.2,88.9,91.4,2.8,34,8.62,10.61,14.07
R00444,2026-04-24,Fri,VN-03,Stonebridge,D19,V19,van,Clear,2026-04-24 07:37:00,2026-04-24 13:57:39,21,19,2,18,94.7,113.4,116.8,3.0,19,10.04,11.63,16.38
R00445,2026-04-24,Fri,VN-03,Stonebridge,D20,V20,van,Clear,2026-04-24 07:31:00,2026-04-24 13:33:37,19,18,1,12,66.7,102.6,103.0,0.4,0,9.45,10.9,15.34
R00446,2026-04-24,Fri,TR-03,Granite Hill,D21,V21,truck,Clear,2026-04-24 06:10:00,2026-04-24 16:08:56,12,11,1,8,72.7,252.0,260.2,3.3,19,72.88,3.57,118.11
R00447,2026-04-24,Fri,TR-02,Westfield,D22,V22,truck,Clear,2026-04-24 06:08:00,2026-04-24 14:41:48,10,9,1,7,77.8,342.5,356.4,4.1,18,103.66,3.44,167.1
R00448,2026-04-24,Fri,TR-02,Westfield,D23,V23,truck,Clear,2026-04-24 06:05:00,2026-04-24 13:49:44,9,8,1,8,100.0,308.2,319.9,3.8,14,92.81,3.45,151.84
R00449,2026-04-24,Fri,TR-03,Granite Hill,D24,V24,truck,Clear,2026-04-24 06:06:00,2026-04-24 13:45:29,9,8,1,7,87.5,189.0,196.0,3.7,0,53.79,3.64,87.7
R00450,2026-04-25,Sat,BK-01,Harbor Row,D01,V01,motorbike,Clear,2026-04-25 12:40:00,2026-04-25 16:57:10,22,22,0,22,100.0,39.8,41.9,5.3,21,1.08,38.8,1.91
R00451,2026-04-25,Sat,BK-03,Old Mill,D03,V03,motorbike,Clear,2026-04-25 12:39:00,2026-04-25 17:31:53,25,24,1,24,100.0,45.7,45.3,-0.9,27,1.2,37.89,2.09
R00452,2026-04-25,Sat,BK-04,Riverside,D05,V05,motorbike,Clear,2026-04-25 07:35:00,2026-04-25 11:25:14,19,19,0,18,94.7,53.4,55.3,3.6,0,1.41,39.18,2.49
R00453,2026-04-25,Sat,BK-03,Old Mill,D07,V07,motorbike,Clear,2026-04-25 07:37:00,2026-04-25 11:45:34,21,21,0,21,100.0,38.3,41.2,7.6,0,1.07,38.57,1.89
R00454,2026-04-25,Sat,BK-01,Harbor Row,D09,V09,motorbike,Clear,2026-04-25 12:36:00,2026-04-25 16:27:40,19,18,1,18,100.0,34.4,35.0,1.7,0,0.91,38.65,1.59
R00455,2026-04-25,Sat,BK-03,Old Mill,D11,V11,motorbike,Clear,2026-04-25 07:35:00,2026-04-25 12:16:08,24,23,1,22,95.7,43.8,45.3,3.4,18,1.13,40.05,1.99
R00456,2026-04-25,Sat,BK-05,Northgate,D13,V13,motorbike,Clear,2026-04-25 07:34:00,2026-04-25 12:42:08,26,25,1,22,88.0,37.1,38.8,4.6,44,1.15,33.66,2.05
R00457,2026-04-25,Sat,VN-03,Stonebridge,D15,V15,van,Clear,2026-04-25 07:33:00,2026-04-25 14:15:42,22,22,0,20,90.9,118.8,120.2,1.2,17,11.29,10.65,18.59
R00458,2026-04-25,Sat,VN-03,Stonebridge,D17,V17,van,Clear,2026-04-25 07:34:00,2026-04-25 14:05:42,22,22,0,22,100.0,118.8,119.8,0.8,0,10.68,11.22,17.43
R00459,2026-04-25,Sat,VN-01,Cedar Point,D19,V19,van,Clear,2026-04-25 07:40:00,2026-04-25 13:08:29,18,18,0,18,100.0,84.4,87.3,3.4,10,8.05,10.84,13.11
R00460,2026-04-25,Sat,TR-02,Westfield,D21,V21,truck,Clear,2026-04-25 06:10:00,2026-04-25 12:22:01,7,7,0,7,100.0,239.8,238.9,-0.4,14,68.78,3.47,112.43
R00461,2026-04-25,Sat,TR-01,Foundry District,D23,V23,truck,Clear,2026-04-25 06:02:00,2026-04-25 13:48:46,9,9,0,8,88.9,300.4,302.9,0.8,76,83.86,3.61,135.89
R00462,2026-04-27,Mon,BK-02,Maple Heights,D02,V02,motorbike,Clear,2026-04-27 12:32:00,2026-04-27 16:55:13,22,21,1,20,95.2,41.2,41.4,0.5,25,1.29,32.09,2.3
R00463,2026-04-27,Mon,BK-03,Old Mill,D03,V03,motorbike,Clear,2026-04-27 12:36:00,2026-04-27 16:52:15,21,21,0,20,95.2,38.3,38.4,0.3,11,0.99,38.67,1.76
R00464,2026-04-27,Mon,BK-06,Elm Park,D04,V04,motorbike,Clear,2026-04-27 12:34:00,2026-04-27 17:28:29,26,24,2,24,100.0,39.0,41.9,7.4,0,1.13,37.09,2.0
R00465,2026-04-27,Mon,BK-06,Elm Park,D05,V05,motorbike,Clear,2026-04-27 07:31:00,2026-04-27 12:07:21,24,23,1,23,100.0,36.0,37.1,3.1,0,0.93,39.91,1.64
R00466,2026-04-27,Mon,BK-02,Maple Heights,D06,V06,motorbike,Clear,2026-04-27 07:30:00,2026-04-27 12:36:22,26,26,0,26,100.0,48.8,49.9,2.3,18,1.47,33.83,2.61
R00467,2026-04-27,Mon,BK-04,Riverside,D07,V07,motorbike,Clear,2026-04-27 07:32:00,2026-04-27 11:54:04,22,21,1,20,95.2,61.8,64.5,4.4,0,1.71,37.81,3.04
R00468,2026-04-27,Mon,BK-06,Elm Park,D08,V08,motorbike,Clear,2026-04-27 07:35:00,2026-04-27 12:48:04,27,26,1,26,100.0,40.5,42.0,3.7,0,1.12,37.38,2.01
R00469,2026-04-27,Mon,BK-01,Harbor Row,D09,V09,motorbike,Clear,2026-04-27 12:37:00,2026-04-27 16:59:51,22,21,1,21,100.0,39.8,40.0,0.5,0,1.01,39.52,1.8
R00470,2026-04-27,Mon,BK-03,Old Mill,D10,V10,motorbike,Clear,2026-04-27 12:38:00,2026-04-27 17:19:09,24,21,3,21,100.0,43.8,45.8,4.6,33,1.35,33.88,2.41
R00471,2026-04-27,Mon,BK-02,Maple Heights,D11,V11,motorbike,Clear,2026-04-27 07:39:00,2026-04-27 12:18:27,24,23,1,23,100.0,45.0,46.5,3.3,17,1.24,37.43,2.2
R00472,2026-04-27,Mon,BK-06,Elm Park,D12,V12,motorbike,Clear,2026-04-27 07:34:00,2026-04-27 12:27:11,25,25,0,23,92.0,37.5,41.2,9.9,51,1.51,27.36,2.65
R00473,2026-04-27,Mon,BK-03,Old Mill,D13,V13,motorbike,Clear,2026-04-27 07:40:00,2026-04-27 12:32:19,25,25,0,25,100.0,45.7,47.1,3.1,0,1.15,40.86,2.05
R00474,2026-04-27,Mon,BK-01,Harbor Row,D14,V14,motorbike,Clear,2026-04-27 12:33:00,2026-04-27 16:40:11,21,20,1,20,100.0,38.0,39.5,3.9,26,1.17,33.76,2.07
R00475,2026-04-27,Mon,VN-03,Stonebridge,D15,V15,van,Clear,2026-04-27 07:37:00,2026-04-27 13:29:39,19,18,1,16,88.9,102.6,105.6,2.9,17,9.71,10.88,15.87
R00476,2026-04-27,Mon,VN-01,Cedar Point,D16,V16,van,Clear,2026-04-27 07:31:00,2026-04-27 12:45:01,17,17,0,17,100.0,79.7,80.1,0.5,0,6.74,11.88,11.19
R00477,2026-04-27,Mon,VN-04,Lakeview,D17,V17,van,Clear,2026-04-27 07:36:00,2026-04-27 12:27:12,16,16,0,16,100.0,105.0,108.7,3.5,21,10.29,10.56,16.88
R00478,2026-04-27,Mon,VN-03,Stonebridge,D18,V18,van,Clear,2026-04-27 07:33:00,2026-04-27 13:21:31,19,18,1,18,100.0,102.6,107.3,4.6,34,10.36,10.36,16.87
R00479,2026-04-27,Mon,VN-01,Cedar Point,D19,V19,van,Clear,2026-04-27 07:40:00,2026-04-27 12:20:34,15,14,1,14,100.0,70.3,71.5,1.7,30,6.7,10.68,11.04
R00480,2026-04-27,Mon,VN-02,Brookfield,D20,V20,van,Clear,2026-04-27 07:31:00,2026-04-27 13:25:09,19,18,1,15,83.3,93.9,96.3,2.6,5,8.85,10.88,14.19
R00481,2026-04-27,Mon,TR-02,Westfield,D21,V21,truck,Clear,2026-04-27 06:08:00,2026-04-27 13:55:25,9,9,0,8,88.9,308.2,314.1,1.9,44,88.87,3.53,146.18
R00482,2026-04-27,Mon,TR-02,Westfield,D22,V22,truck,Clear,2026-04-27 06:01:00,2026-04-27 11:25:23,6,6,0,6,100.0,205.5,213.5,3.9,26,63.86,3.34,103.89
R00483,2026-04-27,Mon,TR-02,Westfield,D23,V23,truck,Clear,2026-04-27 06:05:00,2026-04-27 13:07:04,8,7,1,7,100.0,274.0,285.3,4.1,19,75.65,3.77,123.45
R00484,2026-04-27,Mon,TR-01,Foundry District,D24,V24,truck,Clear,2026-04-27 06:00:00,2026-04-27 12:10:24,7,7,0,5,71.4,233.6,241.1,3.2,39,66.28,3.64,107.65
R00485,2026-04-28,Tue,BK-04,Riverside,D01,V01,motorbike,Clear,2026-04-28 12:36:00,2026-04-28 16:37:47,21,19,2,19,100.0,59.0,59.9,1.5,6,1.48,40.52,2.63
R00486,2026-04-28,Tue,BK-04,Riverside,D02,V02,motorbike,Clear,2026-04-28 12:38:00,2026-04-28 17:10:47,23,22,1,22,100.0,64.6,65.9,2.0,37,2.03,32.45,3.59
R00487,2026-04-28,Tue,BK-02,Maple Heights,D03,V03,motorbike,Clear,2026-04-28 12:33:00,2026-04-28 17:32:49,25,24,1,22,91.7,46.9,48.3,3.0,0,1.19,40.5,2.13
R00488,2026-04-28,Tue,BK-03,Old Mill,D04,V04,motorbike,Clear,2026-04-28 12:39:00,2026-04-28 17:09:51,22,20,2,18,90.0,40.2,41.8,4.0,0,1.13,37.05,2.01
R00489,2026-04-28,Tue,BK-04,Riverside,D05,V05,motorbike,Clear,2026-04-28 07:37:00,2026-04-28 11:38:03,21,21,0,21,100.0,59.0,60.5,2.5,22,1.65,36.66,2.93
R00490,2026-04-28,Tue,BK-04,Riverside,D06,V06,motorbike,Clear,2026-04-28 07:33:00,2026-04-28 11:26:41,19,19,0,18,94.7,53.4,55.7,4.3,26,1.66,33.62,2.93
R00491,2026-04-28,Tue,BK-06,Elm Park,D07,V07,motorbike,Clear,2026-04-28 07:31:00,2026-04-28 12:44:08,27,26,1,26,100.0,40.5,42.0,3.7,13,1.2,34.92,2.1
R00492,2026-04-28,Tue,BK-01,Harbor Row,D08,V08,motorbike,Clear,2026-04-28 07:31:00,2026-04-28 11:48:04,22,22,0,22,100.0,39.8,41.6,4.5,29,1.27,32.75,2.24
R00493,2026-04-28,Tue,BK-05,Northgate,D09,V09,motorbike,Clear,2026-04-28 12:31:00,2026-04-28 18:12:00,29,27,2,24,88.9,41.4,42.6,2.9,0,1.09,39.24,1.92
R00494,2026-04-28,Tue,BK-02,Maple Heights,D10,V10,motorbike,Clear,2026-04-28 12:35:00,2026-04-28 17:23:13,25,24,1,24,100.0,46.9,47.6,1.5,11,1.26,37.82,2.25
R00495,2026-04-28,Tue,BK-04,Riverside,D11,V11,motorbike,Clear,2026-04-28 07:31:00,2026-04-28 11:53:26,22,21,1,21,100.0,61.8,63.5,2.8,17,1.58,40.31,2.76
R00496,2026-04-28,Tue,BK-01,Harbor Row,D12,V12,motorbike,Clear,2026-04-28 07:39:00,2026-04-28 12:14:44,23,22,1,21,95.5,41.6,45.4,9.1,31,1.45,31.25,2.59
R00497,2026-04-28,Tue,BK-03,Old Mill,D13,V13,motorbike,Clear,2026-04-28 07:36:00,2026-04-28 11:51:16,21,21,0,21,100.0,38.3,40.2,5.0,17,1.08,37.06,1.92
R00498,2026-04-28,Tue,BK-01,Harbor Row,D14,V14,motorbike,Clear,2026-04-28 12:35:00,2026-04-28 16:17:34,19,19,0,19,100.0,34.4,35.6,3.5,28,1.06,33.51,1.89
R00499,2026-04-28,Tue,VN-03,Stonebridge,D15,V15,van,Clear,2026-04-28 07:35:00,2026-04-28 13:55:24,21,21,0,21,100.0,113.4,117.6,3.7,17,10.72,10.97,17.46
R00500,2026-04-28,Tue,VN-02,Brookfield,D16,V16,van,Clear,2026-04-28 07:34:00,2026-04-28 12:49:59,17,16,1,16,100.0,84.0,86.2,2.6,5,7.67,11.24,12.59
R00501,2026-04-28,Tue,VN-02,Brookfield,D17,V17,van,Clear,2026-04-28 07:38:00,2026-04-28 12:04:33,15,14,1,14,100.0,74.1,75.7,2.2,12,6.93,10.92,11.31
R00502,2026-04-28,Tue,VN-02,Brookfield,D18,V18,van,Clear,2026-04-28 07:32:00,2026-04-28 12:36:37,16,16,0,14,87.5,79.1,84.9,7.3,37,8.25,10.3,13.62
R00503,2026-04-28,Tue,VN-01,Cedar Point,D19,V19,van,Clear,2026-04-28 07:30:00,2026-04-28 11:45:41,14,14,0,14,100.0,65.6,69.0,5.2,0,6.02,11.47,9.81
R00504,2026-04-28,Tue,VN-04,Lakeview,D20,V20,van,Clear,2026-04-28 07:31:00,2026-04-28 13:00:01,18,18,0,18,100.0,118.1,121.3,2.7,0,10.26,11.83,16.81
R00505,2026-04-28,Tue,TR-03,Granite Hill,D21,V21,truck,Clear,2026-04-28 06:04:00,2026-04-28 13:48:08,9,8,1,8,100.0,189.0,190.8,1.0,192,62.61,3.05,100.85
R00506,2026-04-28,Tue,TR-02,Westfield,D22,V22,truck,Clear,2026-04-28 06:08:00,2026-04-28 13:56:41,9,8,1,7,87.5,308.2,322.5,4.6,14,92.89,3.47,149.68
R00507,2026-04-28,Tue,TR-02,Westfield,D23,V23,truck,Clear,2026-04-28 06:10:00,2026-04-28 12:15:53,7,6,1,6,100.0,239.8,248.7,3.7,28,67.97,3.66,111.25
R00508,2026-04-28,Tue,TR-02,Westfield,D24,V24,truck,Clear,2026-04-28 06:06:00,2026-04-28 14:37:16,10,10,0,10,100.0,342.5,352.7,3.0,0,95.82,3.68,155.07
R00509,2026-04-29,Wed,BK-02,Maple Heights,D01,V01,motorbike,Rain,2026-04-29 12:39:00,2026-04-29 17:21:05,24,24,0,23,95.8,45.0,48.2,7.1,13,1.27,37.84,2.27
R00510,2026-04-29,Wed,BK-02,Maple Heights,D02,V02,motorbike,Rain,2026-04-29 12:35:00,2026-04-29 17:35:32,24,23,1,15,65.2,45.0,48.3,7.3,5,1.48,32.68,2.6
R00511,2026-04-29,Wed,BK-06,Elm Park,D03,V03,motorbike,Rain,2026-04-29 12:30:00,2026-04-29 17:16:26,24,24,0,23,95.8,36.0,37.2,3.3,39,1.1,33.91,1.96
R00512,2026-04-29,Wed,BK-05,Northgate,D04,V04,motorbike,Rain,2026-04-29 12:35:00,2026-04-29 18:30:03,30,26,4,21,80.8,42.9,45.9,7.0,27,1.33,34.6,2.34
R00513,2026-04-29,Wed,BK-04,Riverside,D05,V05,motorbike,Rain,2026-04-29 07:36:00,2026-04-29 12:13:52,23,22,1,20,90.9,64.6,67.2,4.0,45,1.97,34.13,3.52
R00514,2026-04-29,Wed,BK-02,Maple Heights,D06,V06,motorbike,Rain,2026-04-29 07:35:00,2026-04-29 12:02:39,22,20,2,19,95.0,41.2,43.6,5.8,0,1.27,34.41,2.22
R00515,2026-04-29,Wed,BK-03,Old Mill,D07,V07,motorbike,Rain,2026-04-29 07:37:00,2026-04-29 12:35:39,25,23,2,18,78.3,45.7,49.1,7.4,5,1.46,33.72,2.59
R00516,2026-04-29,Wed,BK-06,Elm Park,D08,V08,motorbike,Rain,2026-04-29 07:33:00,2026-04-29 12:55:49,28,26,2,26,100.0,42.0,45.3,7.9,0,1.19,38.09,2.13
R00517,2026-04-29,Wed,BK-06,Elm Park,D09,V09,motorbike,Rain,2026-04-29 12:33:00,2026-04-29 18:10:30,28,26,2,17,65.4,42.0,43.6,3.8,5,1.17,37.26,2.08
R00518,2026-04-29,Wed,BK-04,Riverside,D10,V10,motorbike,Rain,2026-04-29 12:33:00,2026-04-29 17:02:58,23,21,2,21,100.0,64.6,67.8,5.0,32,2.03,33.47,3.62
R00519,2026-04-29,Wed,BK-02,Maple Heights,D11,V11,motorbike,Rain,2026-04-29 07:30:00,2026-04-29 12:07:25,23,21,2,19,90.5,43.1,45.7,6.0,16,1.26,36.13,2.25
R00520,2026-04-29,Wed,BK-06,Elm Park,D12,V12,motorbike,Rain,2026-04-29 07:38:00,2026-04-29 12:19:59,24,24,0,24,100.0,36.0,41.4,15.0,14,1.36,30.43,2.41
R00521,2026-04-29,Wed,BK-02,Maple Heights,D13,V13,motorbike,Rain,2026-04-29 07:33:00,2026-04-29 12:10:00,23,21,2,19,90.5,43.1,46.0,6.7,36,1.39,33.07,2.47
R00522,2026-04-29,Wed,BK-06,Elm Park,D14,V14,motorbike,Rain,2026-04-29 12:35:00,2026-04-29 17:15:40,24,23,1,23,100.0,36.0,38.2,6.1,0,1.03,36.98,1.82
R00523,2026-04-29,Wed,VN-04,Lakeview,D15,V15,van,Rain,2026-04-29 07:30:00,2026-04-29 13:10:11,18,15,3,13,86.7,118.1,126.1,6.8,22,12.08,10.44,19.6
R00524,2026-04-29,Wed,VN-02,Brookfield,D16,V16,van,Rain,2026-04-29 07:32:00,2026-04-29 12:42:34,16,16,0,13,81.2,79.1,82.0,3.7,20,7.78,10.54,12.75
R00525,2026-04-29,Wed,VN-01,Cedar Point,D17,V17,van,Rain,2026-04-29 07:32:00,2026-04-29 12:58:11,18,17,1,17,100.0,84.4,89.5,6.0,12,8.33,10.75,13.63
R00526,2026-04-29,Wed,VN-01,Cedar Point,D18,V18,van,Rain,2026-04-29 07:40:00,2026-04-29 12:24:22,15,15,0,14,93.3,70.3,74.4,5.8,5,7.19,10.35,11.77
R00527,2026-04-29,Wed,VN-03,Stonebridge,D19,V19,van,Rain,2026-04-29 07:40:00,2026-04-29 14:02:03,21,21,0,21,100.0,113.4,124.0,9.3,9,11.65,10.65,18.75
R00528,2026-04-29,Wed,VN-01,Cedar Point,D20,V20,van,Rain,2026-04-29 07:36:00,2026-04-29 12:50:24,17,16,1,15,93.8,79.7,84.1,5.5,12,7.92,10.62,12.97
R00529,2026-04-29,Wed,TR-01,Foundry District,D21,V21,truck,Rain,2026-04-29 06:01:00,2026-04-29 12:08:42,7,7,0,7,100.0,233.6,246.9,5.7,32,73.93,3.34,121.24
R00530,2026-04-29,Wed,TR-02,Westfield,D22,V22,truck,Rain,2026-04-29 06:06:00,2026-04-29 14:46:47,10,10,0,6,60.0,342.5,358.1,4.6,0,109.77,3.26,180.42
R00531,2026-04-29,Wed,TR-01,Foundry District,D24,V24,truck,Rain,2026-04-29 06:02:00,2026-04-29 13:02:21,8,8,0,7,87.5,267.0,283.2,6.1,33,83.84,3.38,136.7
R00532,2026-04-30,Thu,BK-03,Old Mill,D01,V01,motorbike,Clear,2026-04-30 12:32:00,2026-04-30 17:13:56,24,24,0,24,100.0,43.8,45.4,3.7,27,1.26,35.99,2.24
R00533,2026-04-30,Thu,BK-06,Elm Park,D02,V02,motorbike,Clear,2026-04-30 12:34:00,2026-04-30 18:02:22,28,28,0,28,100.0,42.0,43.9,4.5,38,1.45,30.24,2.59
R00534,2026-04-30,Thu,BK-01,Harbor Row,D03,V03,motorbike,Clear,2026-04-30 12:33:00,2026-04-30 16:26:11,20,20,0,20,100.0,36.2,37.4,3.3,0,0.91,41.0,1.63
R00535,2026-04-30,Thu,BK-05,Northgate,D04,V04,motorbike,Clear,2026-04-30 12:34:00,2026-04-30 17:53:00,27,27,0,24,88.9,38.6,39.7,2.8,43,1.26,31.56,2.24
R00536,2026-04-30,Thu,BK-05,Northgate,D05,V05,motorbike,Clear,2026-04-30 07:34:00,2026-04-30 12:51:35,27,25,2,25,100.0,38.6,40.1,3.9,41,1.22,32.82,2.17
R00537,2026-04-30,Thu,BK-05,Northgate,D06,V06,motorbike,Clear,2026-04-30 07:35:00,2026-04-30 13:20:13,29,25,4,21,84.0,41.4,42.5,2.7,37,1.32,32.11,2.35
R00538,2026-04-30,Thu,BK-01,Harbor Row,D07,V07,motorbike,Clear,2026-04-30 07:37:00,2026-04-30 11:48:04,21,21,0,21,100.0,38.0,39.0,2.6,26,1.15,34.03,2.03
R00539,2026-04-30,Thu,BK-05,Northgate,D08,V08,motorbike,Clear,2026-04-30 07:34:00,2026-04-30 13:12:51,28,26,2,22,84.6,40.0,41.9,4.7,5,1.16,36.25,2.05
R00540,2026-04-30,Thu,BK-01,Harbor Row,D09,V09,motorbike,Clear,2026-04-30 12:31:00,2026-04-30 16:42:31,21,21,0,21,100.0,38.0,38.7,1.8,5,1.02,37.82,1.82
R00541,2026-04-30,Thu,BK-06,Elm Park,D10,V10,motorbike,Clear,2026-04-30 12:38:00,2026-04-30 17:18:16,24,23,1,23,100.0,36.0,36.0,0.0,8,0.96,37.62,1.7
R00542,2026-04-30,Thu,BK-02,Maple Heights,D11,V11,motorbike,Clear,2026-04-30 07:38:00,2026-04-30 12:28:44,25,22,3,22,100.0,46.9,48.2,2.8,26,1.3,37.06,2.33
R00543,2026-04-30,Thu,BK-05,Northgate,D12,V12,motorbike,Clear,2026-04-30 07:39:00,2026-04-30 12:48:00,26,26,0,25,96.2,37.1,40.7,9.7,17,1.28,31.78,2.29
R00544,2026-04-30,Thu,BK-03,Old Mill,D13,V13,motorbike,Clear,2026-04-30 07:39:00,2026-04-30 11:47:16,21,21,0,21,100.0,38.3,39.5,3.1,13,1.06,37.09,1.89
R00545,2026-04-30,Thu,BK-05,Northgate,D14,V14,motorbike,Clear,2026-04-30 12:37:00,2026-04-30 18:30:12,30,29,1,26,89.7,42.9,46.2,7.7,12,1.26,36.65,2.25
R00546,2026-04-30,Thu,VN-04,Lakeview,D15,V15,van,Clear,2026-04-30 07:34:00,2026-04-30 11:54:27,14,14,0,14,100.0,91.9,96.2,4.7,0,8.56,11.24,13.95
R00547,2026-04-30,Thu,VN-03,Stonebridge,D16,V16,van,Clear,2026-04-30 07:33:00,2026-04-30 13:24:13,19,19,0,17,89.5,102.6,101.5,-1.1,0,9.23,10.99,15.1
R00548,2026-04-30,Thu,VN-03,Stonebridge,D18,V18,van,Clear,2026-04-30 07:32:00,2026-04-30 13:17:33,19,19,0,19,100.0,102.6,106.6,3.9,27,10.09,10.57,16.35
R00549,2026-04-30,Thu,VN-04,Lakeview,D19,V19,van,Clear,2026-04-30 07:38:00,2026-04-30 12:14:24,15,15,0,15,100.0,98.4,100.4,2.0,13,8.75,11.47,14.25
R00550,2026-04-30,Thu,VN-01,Cedar Point,D20,V20,van,Clear,2026-04-30 07:39:00,2026-04-30 12:54:29,17,16,1,15,93.8,79.7,80.7,1.3,0,6.89,11.71,11.34
R00551,2026-04-30,Thu,TR-03,Granite Hill,D21,V21,truck,Clear,2026-04-30 06:04:00,2026-04-30 15:13:31,11,9,2,8,88.9,231.0,237.3,2.7,36,67.26,3.53,108.55
R00552,2026-04-30,Thu,TR-03,Granite Hill,D22,V22,truck,Clear,2026-04-30 06:07:00,2026-04-30 14:34:11,10,10,0,9,90.0,210.0,217.3,3.5,17,64.55,3.37,106.1
R00553,2026-04-30,Thu,TR-02,Westfield,D23,V23,truck,Clear,2026-04-30 06:05:00,2026-04-30 11:32:32,6,6,0,5,83.3,205.5,209.7,2.0,29,56.55,3.71,91.83
R00554,2026-04-30,Thu,TR-02,Westfield,D24,V24,truck,Clear,2026-04-30 06:00:00,2026-04-30 13:46:16,9,8,1,6,75.0,308.2,311.4,1.0,29,89.25,3.49,145.44
R00555,2026-05-01,Fri,BK-03,Old Mill,D01,V01,motorbike,Rain,2026-05-01 12:40:00,2026-05-01 17:08:21,23,23,0,22,95.7,42.0,45.4,8.1,42,1.32,34.34,2.37
R00556,2026-05-01,Fri,BK-03,Old Mill,D02,V02,motorbike,Rain,2026-05-01 12:31:00,2026-05-01 17:16:09,24,22,2,20,90.9,43.8,46.4,5.9,15,1.52,30.51,2.7
R00557,2026-05-01,Fri,BK-03,Old Mill,D03,V03,motorbike,Rain,2026-05-01 12:35:00,2026-05-01 17:14:00,23,23,0,21,91.3,42.0,45.6,8.6,45,1.36,33.5,2.41
R00558,2026-05-01,Fri,BK-05,Northgate,D04,V04,motorbike,Rain,2026-05-01 12:38:00,2026-05-01 17:55:47,26,23,3,13,56.5,37.1,40.1,8.1,18,1.16,34.49,2.06
R00559,2026-05-01,Fri,BK-03,Old Mill,D05,V05,motorbike,Rain,2026-05-01 07:30:00,2026-05-01 11:46:19,22,22,0,22,100.0,40.2,41.8,4.0,42,1.31,31.85,2.32
R00560,2026-05-01,Fri,BK-02,Maple Heights,D06,V06,motorbike,Rain,2026-05-01 07:37:00,2026-05-01 12:38:00,25,23,2,20,87.0,46.9,49.7,6.0,0,1.42,34.91,2.55
R00561,2026-05-01,Fri,BK-06,Elm Park,D07,V07,motorbike,Rain,2026-05-01 07:34:00,2026-05-01 12:49:38,27,24,3,24,100.0,40.5,43.1,6.4,15,1.33,32.34,2.37
R00562,2026-05-01,Fri,BK-01,Harbor Row,D08,V08,motorbike,Rain,2026-05-01 07:38:00,2026-05-01 11:28:54,19,16,3,15,93.8,34.4,36.4,5.8,26,1.17,31.04,2.1
R00563,2026-05-01,Fri,BK-05,Northgate,D09,V09,motorbike,Rain,2026-05-01 12:39:00,2026-05-01 18:14:36,27,26,1,14,53.8,38.6,40.6,5.2,0,1.13,35.96,2.02
R00564,2026-05-01,Fri,BK-02,Maple Heights,D10,V10,motorbike,Rain,2026-05-01 12:31:00,2026-05-01 16:57:13,22,22,0,19,86.4,41.2,43.3,5.1,18,1.24,34.8,2.2
R00565,2026-05-01,Fri,BK-03,Old Mill,D11,V11,motorbike,Rain,2026-05-01 07:32:00,2026-05-01 11:47:03,21,21,0,20,95.2,38.3,42.5,11.0,17,1.19,35.8,2.1
R00566,2026-05-01,Fri,BK-06,Elm Park,D12,V12,motorbike,Rain,2026-05-01 07:34:00,2026-05-01 13:03:46,28,27,1,27,100.0,42.0,48.0,14.3,27,1.64,29.19,2.93
R00567,2026-05-01,Fri,BK-04,Riverside,D13,V13,motorbike,Rain,2026-05-01 07:37:00,2026-05-01 11:35:09,20,18,2,18,100.0,56.2,58.3,3.7,24,1.7,34.36,3.0
R00568,2026-05-01,Fri,BK-05,Northgate,D14,V14,motorbike,Rain,2026-05-01 12:33:00,2026-05-01 17:59:16,27,25,2,22,88.0,38.6,40.6,5.2,32,1.29,31.53,2.29
R00569,2026-05-01,Fri,VN-01,Cedar Point,D15,V15,van,Rain,2026-05-01 07:37:00,2026-05-01 13:03:52,18,18,0,18,100.0,84.4,88.0,4.3,45,8.69,10.13,14.21
R00570,2026-05-01,Fri,VN-02,Brookfield,D16,V16,van,Rain,2026-05-01 07:37:00,2026-05-01 12:31:05,16,13,3,13,100.0,79.1,81.9,3.5,23,7.8,10.5,12.72
R00571,2026-05-01,Fri,VN-01,Cedar Point,D17,V17,van,Rain,2026-05-01 07:30:00,2026-05-01 12:57:50,18,17,1,17,100.0,84.4,88.0,4.3,6,7.89,11.16,12.89
R00572,2026-05-01,Fri,VN-04,Lakeview,D18,V18,van,Rain,2026-05-01 07:37:00,2026-05-01 12:03:07,14,12,2,12,100.0,91.9,96.5,5.0,0,9.28,10.39,15.29
R00573,2026-05-01,Fri,VN-03,Stonebridge,D19,V19,van,Rain,2026-05-01 07:37:00,2026-05-01 13:26:07,19,17,2,17,100.0,102.6,111.4,8.6,0,10.29,10.83,16.77
R00574,2026-05-01,Fri,VN-01,Cedar Point,D20,V20,van,Rain,2026-05-01 07:35:00,2026-05-01 12:05:09,14,13,1,12,92.3,65.6,69.2,5.5,0,6.54,10.59,10.6
R00575,2026-05-01,Fri,TR-03,Granite Hill,D21,V21,truck,Rain,2026-05-01 06:10:00,2026-05-01 13:54:30,9,9,0,7,77.8,189.0,198.3,4.9,98,63.38,3.13,104.17
R00576,2026-05-01,Fri,TR-02,Westfield,D22,V22,truck,Rain,2026-05-01 06:08:00,2026-05-01 13:12:26,8,7,1,5,71.4,274.0,287.1,4.8,123,94.63,3.03,154.76
R00577,2026-05-01,Fri,TR-01,Foundry District,D23,V23,truck,Rain,2026-05-01 06:04:00,2026-05-01 13:46:39,9,8,1,7,87.5,300.4,325.5,8.4,41,97.79,3.33,158.79
R00578,2026-05-01,Fri,TR-01,Foundry District,D24,V24,truck,Rain,2026-05-01 06:09:00,2026-05-01 12:23:08,7,7,0,6,85.7,233.6,246.8,5.7,0,69.74,3.54,114.86
R00579,2026-05-02,Sat,BK-04,Riverside,D01,V01,motorbike,Clear,2026-05-02 12:35:00,2026-05-02 16:50:24,21,18,3,18,100.0,59.0,62.4,5.8,0,1.52,41.08,2.7
R00580,2026-05-02,Sat,BK-01,Harbor Row,D03,V03,motorbike,Clear,2026-05-02 12:40:00,2026-05-02 16:32:00,19,18,1,17,94.4,34.4,35.3,2.6,14,0.91,38.92,1.62
R00581,2026-05-02,Sat,BK-04,Riverside,D05,V05,motorbike,Clear,2026-05-02 07:34:00,2026-05-02 11:14:22,19,17,2,17,100.0,53.4,55.1,3.2,41,1.56,35.36,2.77
R00582,2026-05-02,Sat,BK-06,Elm Park,D07,V07,motorbike,Clear,2026-05-02 07:33:00,2026-05-02 12:43:24,27,25,2,25,100.0,40.5,42.1,4.0,0,1.2,35.13,2.14
R00583,2026-05-02,Sat,BK-01,Harbor Row,D09,V09,motorbike,Clear,2026-05-02 12:34:00,2026-05-02 16:47:09,21,19,2,19,100.0,38.0,38.1,0.3,5,1.03,36.98,1.83
R00584,2026-05-02,Sat,BK-01,Harbor Row,D11,V11,motorbike,Clear,2026-05-02 07:33:00,2026-05-02 11:27:14,20,20,0,20,100.0,36.2,38.0,5.0,0,0.92,41.45,1.62
R00585,2026-05-02,Sat,BK-02,Maple Heights,D13,V13,motorbike,Clear,2026-05-02 07:37:00,2026-05-02 12:33:04,26,25,1,25,100.0,48.8,51.6,5.7,0,1.32,38.95,2.37
R00586,2026-05-02,Sat,VN-04,Lakeview,D15,V15,van,Clear,2026-05-02 07:32:00,2026-05-02 11:58:46,14,14,0,12,85.7,91.9,92.9,1.1,15,8.62,10.78,14.19
R00587,2026-05-02,Sat,VN-02,Brookfield,D17,V17,van,Clear,2026-05-02 07:33:00,2026-05-02 12:58:39,18,18,0,18,100.0,88.9,92.5,4.0,0,8.3,11.14,13.52
R00588,2026-05-02,Sat,VN-02,Brookfield,D19,V19,van,Clear,2026-05-02 07:40:00,2026-05-02 13:03:40,18,18,0,18,100.0,88.9,91.3,2.7,12,7.99,11.42,13.12
R00589,2026-05-02,Sat,TR-03,Granite Hill,D21,V21,truck,Clear,2026-05-02 06:07:00,2026-05-02 16:11:43,12,12,0,8,66.7,252.0,261.9,3.9,82,78.41,3.34,127.82
R00590,2026-05-02,Sat,TR-03,Granite Hill,D23,V23,truck,Clear,2026-05-02 06:07:00,2026-05-02 14:41:35,10,10,0,8,80.0,210.0,215.3,2.5,18,57.64,3.74,94.98
R00591,2026-05-04,Mon,BK-02,Maple Heights,D01,V01,motorbike,Rain,2026-05-04 12:37:00,2026-05-04 17:04:48,22,19,3,15,78.9,41.2,43.9,6.6,16,1.19,36.82,2.11
R00592,2026-05-04,Mon,BK-05,Northgate,D02,V02,motorbike,Rain,2026-05-04 12:38:00,2026-05-04 18:01:39,28,26,2,26,100.0,40.0,42.1,5.3,29,1.38,30.47,2.46
R00593,2026-05-04,Mon,BK-03,Old Mill,D03,V03,motorbike,Rain,2026-05-04 12:34:00,2026-05-04 16:58:18,21,19,2,16,84.2,38.3,41.0,7.0,35,1.21,33.89,2.17
R00594,2026-05-04,Mon,BK-01,Harbor Row,D04,V04,motorbike,Rain,2026-05-04 12:38:00,2026-05-04 16:44:56,20,20,0,18,90.0,36.2,38.8,7.2,0,1.09,35.53,1.95
R00595,2026-05-04,Mon,BK-01,Harbor Row,D05,V05,motorbike,Rain,2026-05-04 07:31:00,2026-05-04 11:45:41,22,22,0,22,100.0,39.8,41.4,4.0,9,1.09,38.15,1.93
R00596,2026-05-04,Mon,BK-04,Riverside,D06,V06,motorbike,Rain,2026-05-04 07:34:00,2026-05-04 11:57:10,22,22,0,21,95.5,61.8,66.5,7.6,14,1.93,34.53,3.44
R00597,2026-05-04,Mon,BK-05,Northgate,D07,V07,motorbike,Rain,2026-05-04 07:38:00,2026-05-04 12:46:14,26,22,4,19,86.4,37.1,40.2,8.4,6,1.2,33.59,2.13
R00598,2026-05-04,Mon,BK-02,Maple Heights,D08,V08,motorbike,Rain,2026-05-04 07:37:00,2026-05-04 12:48:10,26,25,1,13,52.0,48.8,52.2,7.0,25,1.55,33.58,2.77
R00599,2026-05-04,Mon,BK-03,Old Mill,D09,V09,motorbike,Rain,2026-05-04 12:39:00,2026-05-04 17:25:38,24,22,2,19,86.4,43.8,46.8,6.8,0,1.27,36.84,2.26
R00600,2026-05-04,Mon,BK-04,Riverside,D10,V10,motorbike,Rain,2026-05-04 12:35:00,2026-05-04 16:27:39,19,18,1,18,100.0,53.4,55.9,4.7,41,1.75,32.01,3.12
R00601,2026-05-04,Mon,BK-05,Northgate,D11,V11,motorbike,Rain,2026-05-04 07:36:00,2026-05-04 13:18:56,29,28,1,20,71.4,41.4,44.6,7.7,0,1.18,37.67,2.11
R00602,2026-05-04,Mon,BK-04,Riverside,D12,V12,motorbike,Rain,2026-05-04 07:33:00,2026-05-04 11:29:37,20,19,1,17,89.5,56.2,63.1,12.3,0,1.87,33.73,3.35
R00603,2026-05-04,Mon,BK-03,Old Mill,D13,V13,motorbike,Rain,2026-05-04 07:37:00,2026-05-04 12:10:43,23,21,2,21,100.0,42.0,44.3,5.5,0,1.17,37.85,2.1
R00604,2026-05-04,Mon,BK-02,Maple Heights,D14,V14,motorbike,Rain,2026-05-04 12:30:00,2026-05-04 17:28:22,25,24,1,18,75.0,46.9,49.7,6.0,38,1.51,32.97,2.68
R00605,2026-05-04,Mon,VN-02,Brookfield,D15,V15,van,Rain,2026-05-04 07:33:00,2026-05-04 13:15:01,18,18,0,16,88.9,88.9,95.5,7.4,22,9.29,10.28,15.14
R00606,2026-05-04,Mon,VN-02,Brookfield,D16,V16,van,Rain,2026-05-04 07:35:00,2026-05-04 13:12:37,18,18,0,17,94.4,88.9,92.4,3.9,30,9.12,10.13,14.85
R00607,2026-05-04,Mon,VN-01,Cedar Point,D17,V17,van,Rain,2026-05-04 07:35:00,2026-05-04 12:10:41,15,15,0,15,100.0,70.3,74.7,6.3,15,7.06,10.58,11.68
R00608,2026-05-04,Mon,VN-04,Lakeview,D18,V18,van,Rain,2026-05-04 07:30:00,2026-05-04 12:16:53,15,10,5,8,80.0,98.4,104.2,5.9,12,9.8,10.64,16.16
R00609,2026-05-04,Mon,VN-02,Brookfield,D19,V19,van,Rain,2026-05-04 07:34:00,2026-05-04 13:01:52,18,17,1,17,100.0,88.9,94.9,6.7,31,9.4,10.1,15.42
R00610,2026-05-04,Mon,VN-04,Lakeview,D20,V20,van,Rain,2026-05-04 07:32:00,2026-05-04 12:01:14,14,14,0,14,100.0,91.9,97.0,5.5,13,8.79,11.04,14.45
R00611,2026-05-04,Mon,TR-02,Westfield,D21,V21,truck,Rain,2026-05-04 06:09:00,2026-05-04 12:24:53,7,6,1,5,83.3,239.8,246.3,2.7,52,74.16,3.32,121.4
R00612,2026-05-04,Mon,TR-01,Foundry District,D22,V22,truck,Rain,2026-05-04 06:07:00,2026-05-04 12:58:27,8,8,0,8,100.0,267.0,273.6,2.5,70,91.81,2.98,149.93
R00613,2026-05-04,Mon,TR-03,Granite Hill,D23,V23,truck,Rain,2026-05-04 06:09:00,2026-05-04 14:35:02,10,10,0,10,100.0,210.0,222.1,5.8,47,64.55,3.44,106.49
R00614,2026-05-04,Mon,TR-02,Westfield,D24,V24,truck,Rain,2026-05-04 06:08:00,2026-05-04 13:03:13,8,8,0,8,100.0,274.0,297.0,8.4,64,86.93,3.42,141.42
R00615,2026-05-05,Tue,BK-06,Elm Park,D01,V01,motorbike,Clear,2026-05-05 12:34:00,2026-05-05 17:19:21,24,23,1,22,95.7,36.0,37.4,3.9,0,0.92,40.6,1.65
R00616,2026-05-05,Tue,BK-06,Elm Park,D02,V02,motorbike,Clear,2026-05-05 12:38:00,2026-05-05 17:36:31,26,26,0,26,100.0,39.0,40.0,2.6,9,1.18,34.03,2.1
R00617,2026-05-05,Tue,BK-06,Elm Park,D03,V03,motorbike,Clear,2026-05-05 12:38:00,2026-05-05 17:53:23,27,27,0,25,92.6,40.5,43.0,6.2,22,1.16,36.99,2.06
R00618,2026-05-05,Tue,BK-02,Maple Heights,D04,V04,motorbike,Clear,2026-05-05 12:35:00,2026-05-05 17:03:09,23,22,1,22,100.0,43.1,46.4,7.7,9,1.25,37.04,2.25
R00619,2026-05-05,Tue,BK-03,Old Mill,D05,V05,motorbike,Clear,2026-05-05 07:31:00,2026-05-05 12:16:50,25,24,1,24,100.0,45.7,47.6,4.2,8,1.21,39.35,2.14
R00620,2026-05-05,Tue,BK-04,Riverside,D06,V06,motorbike,Clear,2026-05-05 07:39:00,2026-05-05 11:46:48,20,20,0,19,95.0,56.2,58.9,4.8,12,1.69,34.83,3.03
R00621,2026-05-05,Tue,BK-01,Harbor Row,D07,V07,motorbike,Clear,2026-05-05 07:38:00,2026-05-05 11:45:56,21,20,1,20,100.0,38.0,39.9,5.0,19,1.17,34.08,2.1
R00622,2026-05-05,Tue,BK-04,Riverside,D08,V08,motorbike,Clear,2026-05-05 07:37:00,2026-05-05 11:33:34,20,20,0,20,100.0,56.2,58.9,4.8,31,1.7,34.58,3.02
R00623,2026-05-05,Tue,BK-02,Maple Heights,D09,V09,motorbike,Clear,2026-05-05 12:36:00,2026-05-05 17:13:54,23,22,1,19,86.4,43.1,43.8,1.6,34,1.31,33.35,2.36
R00624,2026-05-05,Tue,BK-04,Riverside,D10,V10,motorbike,Clear,2026-05-05 12:36:00,2026-05-05 16:58:19,22,21,1,20,95.2,61.8,63.8,3.2,0,1.67,38.25,3.01
R00625,2026-05-05,Tue,BK-02,Maple Heights,D11,V11,motorbike,Clear,2026-05-05 07:32:00,2026-05-05 12:10:24,23,22,1,19,86.4,43.1,45.6,5.8,30,1.22,37.45,2.19
R00626,2026-05-05,Tue,BK-06,Elm Park,D12,V12,motorbike,Clear,2026-05-05 07:40:00,2026-05-05 12:34:25,25,24,1,24,100.0,37.5,41.1,9.6,18,1.32,31.24,2.37
R00627,2026-05-05,Tue,BK-03,Old Mill,D13,V13,motorbike,Clear,2026-05-05 07:38:00,2026-05-05 12:06:24,23,23,0,23,100.0,42.0,42.5,1.2,0,1.04,40.67,1.88
R00628,2026-05-05,Tue,BK-04,Riverside,D14,V14,motorbike,Clear,2026-05-05 12:40:00,2026-05-05 16:29:30,19,19,0,18,94.7,53.4,56.4,5.6,26,1.59,35.4,2.84
R00629,2026-05-05,Tue,VN-03,Stonebridge,D15,V15,van,Clear,2026-05-05 07:34:00,2026-05-05 13:57:35,21,21,0,21,100.0,113.4,116.7,2.9,48,11.13,10.48,18.26
R00630,2026-05-05,Tue,VN-04,Lakeview,D16,V16,van,Clear,2026-05-05 07:33:00,2026-05-05 11:50:18,14,12,2,12,100.0,91.9,92.9,1.1,0,7.95,11.68,13.1
R00631,2026-05-05,Tue,VN-02,Brookfield,D17,V17,van,Clear,2026-05-05 07:33:00,2026-05-05 13:15:14,19,19,0,19,100.0,93.9,96.3,2.6,10,8.47,11.36,13.94
R00632,2026-05-05,Tue,VN-01,Cedar Point,D18,V18,van,Clear,2026-05-05 07:34:00,2026-05-05 12:35:24,17,16,1,16,100.0,79.7,82.2,3.1,8,7.69,10.69,12.58
R00633,2026-05-05,Tue,VN-01,Cedar Point,D19,V19,van,Clear,2026-05-05 07:39:00,2026-05-05 13:18:01,18,18,0,18,100.0,84.4,88.4,4.7,0,7.88,11.21,12.97
R00634,2026-05-05,Tue,VN-02,Brookfield,D20,V20,van,Clear,2026-05-05 07:39:00,2026-05-05 12:37:18,16,15,1,15,100.0,79.1,81.5,3.0,30,7.5,10.87,12.28
R00635,2026-05-05,Tue,TR-01,Foundry District,D21,V21,truck,Clear,2026-05-05 06:10:00,2026-05-05 12:26:20,7,7,0,7,100.0,233.6,235.1,0.6,62,69.53,3.38,114.36
R00636,2026-05-05,Tue,TR-03,Granite Hill,D22,V22,truck,Clear,2026-05-05 06:03:00,2026-05-05 16:49:04,13,10,3,10,100.0,273.0,274.9,0.7,9,84.77,3.24,138.25
R00637,2026-05-05,Tue,TR-03,Granite Hill,D23,V23,truck,Clear,2026-05-05 06:10:00,2026-05-05 14:39:40,10,9,1,8,88.9,210.0,216.4,3.0,29,60.76,3.56,100.19
R00638,2026-05-05,Tue,TR-01,Foundry District,D24,V24,truck,Clear,2026-05-05 06:02:00,2026-05-05 13:49:16,9,7,2,6,85.7,300.4,309.5,3.0,19,81.36,3.8,132.93
R00639,2026-05-06,Wed,BK-06,Elm Park,D01,V01,motorbike,Clear,2026-05-06 12:36:00,2026-05-06 17:10:06,24,23,1,23,100.0,36.0,37.1,3.1,13,0.98,37.7,1.77
R00640,2026-05-06,Wed,BK-04,Riverside,D02,V02,motorbike,Clear,2026-05-06 12:34:00,2026-05-06 16:24:03,20,19,1,19,100.0,56.2,59.0,5.0,7,1.67,35.24,2.97
R00641,2026-05-06,Wed,BK-06,Elm Park,D03,V03,motorbike,Clear,2026-05-06 12:35:00,2026-05-06 17:45:35,27,26,1,25,96.2,40.5,42.5,4.9,16,1.06,40.17,1.9
R00642,2026-05-06,Wed,BK-05,Northgate,D04,V04,motorbike,Clear,2026-05-06 12:35:00,2026-05-06 18:29:11,30,27,3,23,85.2,42.9,45.0,4.9,41,1.39,32.38,2.51
R00643,2026-05-06,Wed,BK-06,Elm Park,D05,V05,motorbike,Clear,2026-05-06 07:36:00,2026-05-06 12:24:28,25,24,1,24,100.0,37.5,38.7,3.2,0,0.98,39.67,1.72
R00644,2026-05-06,Wed,BK-06,Elm Park,D06,V06,motorbike,Clear,2026-05-06 07:40:00,2026-05-06 13:08:11,28,27,1,25,92.6,42.0,43.0,2.4,0,1.2,35.72,2.13
R00645,2026-05-06,Wed,BK-05,Northgate,D07,V07,motorbike,Clear,2026-05-06 07:40:00,2026-05-06 12:58:14,27,27,0,26,96.3,38.6,38.8,0.5,0,1.04,37.28,1.87
R00646,2026-05-06,Wed,BK-01,Harbor Row,D08,V08,motorbike,Clear,2026-05-06 07:32:00,2026-05-06 11:16:16,19,19,0,19,100.0,34.4,35.8,4.1,14,1.04,34.29,1.87
R00647,2026-05-06,Wed,BK-06,Elm Park,D09,V09,motorbike,Clear,2026-05-06 12:38:00,2026-05-06 17:29:12,24,22,2,20,90.9,36.0,36.8,2.2,17,1.03,35.75,1.83
R00648,2026-05-06,Wed,BK-06,Elm Park,D10,V10,motorbike,Clear,2026-05-06 12:32:00,2026-05-06 17:56:33,28,27,1,26,96.3,42.0,43.3,3.1,12,1.16,37.48,2.05
R00649,2026-05-06,Wed,BK-02,Maple Heights,D11,V11,motorbike,Clear,2026-05-06 07:39:00,2026-05-06 11:56:29,22,21,1,21,100.0,41.2,43.6,5.8,24,1.2,36.36,2.12
R00650,2026-05-06,Wed,BK-05,Northgate,D12,V12,motorbike,Clear,2026-05-06 07:35:00,2026-05-06 13:27:17,30,28,2,25,89.3,42.9,48.2,12.4,0,1.43,33.61,2.59
R00651,2026-05-06,Wed,BK-06,Elm Park,D13,V13,motorbike,Clear,2026-05-06 07:36:00,2026-05-06 12:56:52,27,27,0,26,96.3,40.5,41.5,2.5,30,1.21,34.21,2.12
R00652,2026-05-06,Wed,BK-02,Maple Heights,D14,V14,motorbike,Clear,2026-05-06 12:30:00,2026-05-06 17:09:27,24,21,3,21,100.0,45.0,46.9,4.2,12,1.29,36.48,2.29
R00653,2026-05-06,Wed,VN-03,Stonebridge,D15,V15,van,Clear,2026-05-06 07:33:00,2026-05-06 13:58:04,21,19,2,16,84.2,113.4,115.0,1.4,37,10.95,10.5,17.99
R00654,2026-05-06,Wed,VN-02,Brookfield,D16,V16,van,Clear,2026-05-06 07:33:00,2026-05-06 12:16:39,15,15,0,14,93.3,74.1,75.6,2.0,12,6.99,10.81,11.39
R00655,2026-05-06,Wed,VN-02,Brookfield,D17,V17,van,Clear,2026-05-06 07:40:00,2026-05-06 12:50:57,17,16,1,16,100.0,84.0,83.7,-0.4,10,7.48,11.18,12.27
R00656,2026-05-06,Wed,VN-04,Lakeview,D18,V18,van,Clear,2026-05-06 07:39:00,2026-05-06 12:51:59,17,16,1,16,100.0,111.6,117.2,5.0,38,11.4,10.28,18.57
R00657,2026-05-06,Wed,VN-03,Stonebridge,D19,V19,van,Clear,2026-05-06 07:36:00,2026-05-06 13:27:00,20,20,0,20,100.0,108.0,113.3,4.9,0,9.75,11.62,15.97
R00658,2026-05-06,Wed,VN-02,Brookfield,D20,V20,van,Clear,2026-05-06 07:38:00,2026-05-06 12:39:22,16,16,0,13,81.2,79.1,81.1,2.5,6,7.67,10.58,12.45
R00659,2026-05-06,Wed,TR-01,Foundry District,D21,V21,truck,Clear,2026-05-06 06:07:00,2026-05-06 11:31:37,6,6,0,6,100.0,200.2,200.4,0.1,90,59.52,3.37,96.9
R00660,2026-05-06,Wed,TR-01,Foundry District,D22,V22,truck,Clear,2026-05-06 06:06:00,2026-05-06 11:32:15,6,6,0,5,83.3,200.2,208.1,3.9,11,63.59,3.27,103.58
R00661,2026-05-06,Wed,TR-03,Granite Hill,D23,V23,truck,Clear,2026-05-06 06:06:00,2026-05-06 14:39:15,10,9,1,9,100.0,210.0,214.0,1.9,15,55.72,3.84,91.12
R00662,2026-05-06,Wed,TR-03,Granite Hill,D24,V24,truck,Clear,2026-05-06 06:08:00,2026-05-06 15:22:27,11,10,1,9,90.0,231.0,241.5,4.5,8,66.83,3.61,108.79
R00663,2026-05-07,Thu,BK-03,Old Mill,D01,V01,motorbike,Clear,2026-05-07 12:33:00,2026-05-07 16:37:16,21,17,4,17,100.0,38.3,40.9,6.8,14,1.04,39.38,1.85
R00664,2026-05-07,Thu,BK-06,Elm Park,D02,V02,motorbike,Clear,2026-05-07 12:34:00,2026-05-07 17:35:35,25,25,0,25,100.0,37.5,38.5,2.7,41,1.29,29.74,2.31
R00665,2026-05-07,Thu,BK-04,Riverside,D03,V03,motorbike,Clear,2026-05-07 12:31:00,2026-05-07 16:50:47,21,19,2,16,84.2,59.0,61.3,3.9,12,1.53,39.99,2.76
R00666,2026-05-07,Thu,BK-06,Elm Park,D04,V04,motorbike,Clear,2026-05-07 12:35:00,2026-05-07 17:32:56,25,22,3,20,90.9,37.5,38.8,3.5,15,1.09,35.54,1.95
R00667,2026-05-07,Thu,BK-04,Riverside,D05,V05,motorbike,Clear,2026-05-07 07:35:00,2026-05-07 11:39:04,21,21,0,21,100.0,59.0,60.4,2.4,51,1.82,33.22,3.23
R00668,2026-05-07,Thu,BK-02,Maple Heights,D06,V06,motorbike,Clear,2026-05-07 07:40:00,2026-05-07 12:15:23,23,22,1,21,95.5,43.1,44.1,2.3,0,1.25,35.15,2.25
R00669,2026-05-07,Thu,BK-02,Maple Heights,D07,V07,motorbike,Clear,2026-05-07 07:33:00,2026-05-07 12:38:35,26,25,1,24,96.0,48.8,50.4,3.3,0,1.32,38.08,2.38
R00670,2026-05-07,Thu,BK-04,Riverside,D08,V08,motorbike,Clear,2026-05-07 07:36:00,2026-05-07 11:32:01,19,19,0,19,100.0,53.4,54.9,2.8,15,1.5,36.51,2.67
R00671,2026-05-07,Thu,BK-02,Maple Heights,D09,V09,motorbike,Clear,2026-05-07 12:38:00,2026-05-07 17:09:46,23,21,2,19,90.5,43.1,45.5,5.6,0,1.14,39.81,2.04
R00672,2026-05-07,Thu,BK-03,Old Mill,D10,V10,motorbike,Clear,2026-05-07 12:34:00,2026-05-07 16:36:09,21,21,0,19,90.5,38.3,39.2,2.3,36,1.2,32.69,2.16
R00673,2026-05-07,Thu,BK-02,Maple Heights,D11,V11,motorbike,Clear,2026-05-07 07:37:00,2026-05-07 12:15:21,24,23,1,23,100.0,45.0,46.8,4.0,17,1.23,37.96,2.23
R00674,2026-05-07,Thu,BK-05,Northgate,D12,V12,motorbike,Clear,2026-05-07 07:40:00,2026-05-07 13:07:27,28,24,4,23,95.8,40.0,43.3,8.2,0,1.26,34.3,2.26
R00675,2026-05-07,Thu,BK-05,Northgate,D13,V13,motorbike,Clear,2026-05-07 07:33:00,2026-05-07 12:58:01,27,26,1,26,100.0,38.6,39.3,1.8,12,1.02,38.66,1.81
R00676,2026-05-07,Thu,BK-02,Maple Heights,D14,V14,motorbike,Clear,2026-05-07 12:34:00,2026-05-07 17:15:17,24,20,4,20,100.0,45.0,46.7,3.8,6,1.23,37.89,2.2
R00677,2026-05-07,Thu,VN-02,Brookfield,D15,V15,van,Clear,2026-05-07 07:37:00,2026-05-07 13:14:17,18,18,0,15,83.3,88.9,92.1,3.6,8,8.12,11.34,13.28
R00678,2026-05-07,Thu,VN-02,Brookfield,D16,V16,van,Clear,2026-05-07 07:31:00,2026-05-07 13:32:42,19,18,1,12,66.7,93.9,94.1,0.2,0,8.34,11.28,13.69
R00679,2026-05-07,Thu,VN-01,Cedar Point,D17,V17,van,Clear,2026-05-07 07:36:00,2026-05-07 11:53:59,14,14,0,14,100.0,65.6,66.2,0.9,0,5.82,11.38,9.51
R00680,2026-05-07,Thu,VN-02,Brookfield,D18,V18,van,Clear,2026-05-07 07:31:00,2026-05-07 12:04:38,15,14,1,14,100.0,74.1,76.5,3.2,49,7.57,10.11,12.44
R00681,2026-05-07,Thu,VN-04,Lakeview,D19,V19,van,Clear,2026-05-07 07:37:00,2026-05-07 11:54:31,14,12,2,12,100.0,91.9,95.2,3.6,0,8.23,11.57,13.45
R00682,2026-05-07,Thu,VN-03,Stonebridge,D20,V20,van,Clear,2026-05-07 07:38:00,2026-05-07 13:12:32,18,18,0,16,88.9,97.2,96.8,-0.4,30,9.28,10.43,15.17
R00683,2026-05-07,Thu,TR-03,Granite Hill,D21,V21,truck,Clear,2026-05-07 06:05:00,2026-05-07 14:45:35,10,10,0,3,30.0,210.0,213.3,1.6,54,61.85,3.45,101.09
R00684,2026-05-07,Thu,TR-01,Foundry District,D22,V22,truck,Clear,2026-05-07 06:03:00,2026-05-07 13:51:58,9,9,0,9,100.0,300.4,308.1,2.6,83,98.8,3.12,159.42
R00685,2026-05-07,Thu,TR-02,Westfield,D23,V23,truck,Clear,2026-05-07 06:06:00,2026-05-07 12:59:12,8,8,0,8,100.0,274.0,296.8,8.3,0,79.0,3.76,128.62
R00686,2026-05-07,Thu,TR-01,Foundry District,D24,V24,truck,Clear,2026-05-07 06:03:00,2026-05-07 13:06:05,8,8,0,7,87.5,267.0,274.0,2.6,18,75.16,3.65,123.5
R00687,2026-05-08,Fri,BK-01,Harbor Row,D01,V01,motorbike,Rain,2026-05-08 12:38:00,2026-05-08 16:33:36,20,16,4,16,100.0,36.2,38.0,5.0,6,1.0,38.01,1.77
R00688,2026-05-08,Fri,BK-04,Riverside,D02,V02,motorbike,Rain,2026-05-08 12:37:00,2026-05-08 17:17:23,23,22,1,20,90.9,64.6,70.2,8.7,26,2.31,30.44,4.1
R00689,2026-05-08,Fri,BK-03,Old Mill,D03,V03,motorbike,Rain,2026-05-08 12:37:00,2026-05-08 17:29:46,24,23,1,21,91.3,43.8,46.6,6.4,33,1.34,34.68,2.39
R00690,2026-05-08,Fri,BK-04,Riverside,D05,V05,motorbike,Rain,2026-05-08 07:31:00,2026-05-08 11:39:58,21,20,1,20,100.0,59.0,62.7,6.3,54,1.89,33.25,3.34
R00691,2026-05-08,Fri,BK-03,Old Mill,D06,V06,motorbike,Rain,2026-05-08 07:38:00,2026-05-08 12:01:07,22,21,1,21,100.0,40.2,42.2,5.0,17,1.27,33.26,2.26
R00692,2026-05-08,Fri,BK-03,Old Mill,D07,V07,motorbike,Rain,2026-05-08 07:38:00,2026-05-08 11:41:53,21,21,0,20,95.2,38.3,40.2,5.0,0,1.14,35.23,2.03
R00693,2026-05-08,Fri,BK-06,Elm Park,D08,V08,motorbike,Rain,2026-05-08 07:30:00,2026-05-08 12:38:53,26,25,1,23,92.0,39.0,42.0,7.7,0,1.15,36.43,2.06
R00694,2026-05-08,Fri,BK-04,Riverside,D09,V09,motorbike,Rain,2026-05-08 12:34:00,2026-05-08 17:08:14,23,23,0,21,91.3,64.6,68.0,5.3,18,1.86,36.55,3.33
R00695,2026-05-08,Fri,BK-06,Elm Park,D10,V10,motorbike,Rain,2026-05-08 12:40:00,2026-05-08 18:01:15,27,26,1,24,92.3,40.5,43.0,6.2,45,1.39,31.01,2.46
R00696,2026-05-08,Fri,BK-02,Maple Heights,D11,V11,motorbike,Rain,2026-05-08 07:34:00,2026-05-08 12:36:31,25,22,3,16,72.7,46.9,50.3,7.2,46,1.52,33.09,2.72
R00697,2026-05-08,Fri,BK-04,Riverside,D12,V12,motorbike,Rain,2026-05-08 07:36:00,2026-05-08 12:17:46,23,20,3,18,90.0,64.6,71.7,11.0,11,2.35,30.51,4.21
R00698,2026-05-08,Fri,BK-02,Maple Heights,D13,V13,motorbike,Rain,2026-05-08 07:31:00,2026-05-08 11:49:03,22,19,3,17,89.5,41.2,44.1,7.0,41,1.36,32.42,2.43
R00699,2026-05-08,Fri,BK-02,Maple Heights,D14,V14,motorbike,Rain,2026-05-08 12:40:00,2026-05-08 17:21:34,24,22,2,20,90.9,45.0,48.2,7.1,5,1.35,35.8,2.39
R00700,2026-05-08,Fri,VN-04,Lakeview,D15,V15,van,Rain,2026-05-08 07:35:00,2026-05-08 12:57:07,17,16,1,14,87.5,111.6,114.5,2.6,37,11.01,10.4,18.06
R00701,2026-05-08,Fri,VN-02,Brookfield,D16,V16,van,Rain,2026-05-08 07:39:00,2026-05-08 13:29:45,19,18,1,17,94.4,93.9,97.6,3.9,7,8.73,11.18,14.07
R00702,2026-05-08,Fri,VN-04,Lakeview,D17,V17,van,Rain,2026-05-08 07:35:00,2026-05-08 12:49:18,17,17,0,17,100.0,111.6,117.0,4.8,18,11.3,10.35,18.59
R00703,2026-05-08,Fri,VN-03,Stonebridge,D18,V18,van,Rain,2026-05-08 07:36:00,2026-05-08 13:27:16,19,16,3,14,87.5,102.6,109.1,6.3,33,10.62,10.27,17.38
R00704,2026-05-08,Fri,VN-03,Stonebridge,D19,V19,van,Rain,2026-05-08 07:40:00,2026-05-08 13:42:44,20,20,0,17,85.0,108.0,114.3,5.8,0,10.47,10.91,17.18
R00705,2026-05-08,Fri,VN-01,Cedar Point,D20,V20,van,Rain,2026-05-08 07:39:00,2026-05-08 13:10:16,18,17,1,17,100.0,84.4,88.9,5.3,0,7.86,11.32,12.93
R00706,2026-05-08,Fri,TR-02,Westfield,D22,V22,truck,Rain,2026-05-08 06:10:00,2026-05-08 12:21:26,7,6,1,6,100.0,239.8,250.5,4.5,22,76.66,3.27,125.08
R00707,2026-05-08,Fri,TR-03,Granite Hill,D23,V23,truck,Rain,2026-05-08 06:05:00,2026-05-08 14:35:51,10,10,0,10,100.0,210.0,223.0,6.2,19,64.06,3.48,105.18
R00708,2026-05-08,Fri,TR-01,Foundry District,D24,V24,truck,Rain,2026-05-08 06:10:00,2026-05-08 13:08:26,8,8,0,7,87.5,267.0,282.7,5.9,0,79.46,3.56,128.8
R00709,2026-05-09,Sat,BK-04,Riverside,D01,V01,motorbike,Clear,2026-05-09 12:33:00,2026-05-09 16:54:44,22,22,0,22,100.0,61.8,63.6,2.9,14,1.53,41.53,2.73
R00710,2026-05-09,Sat,BK-02,Maple Heights,D03,V03,motorbike,Clear,2026-05-09 12:32:00,2026-05-09 17:29:03,25,25,0,25,100.0,46.9,48.1,2.6,6,1.21,39.8,2.16
R00711,2026-05-09,Sat,BK-03,Old Mill,D05,V05,motorbike,Clear,2026-05-09 07:34:00,2026-05-09 11:44:29,21,20,1,20,100.0,38.3,40.0,4.4,15,1.06,37.68,1.9
R00712,2026-05-09,Sat,BK-05,Northgate,D07,V07,motorbike,Clear,2026-05-09 07:40:00,2026-05-09 12:56:52,27,26,1,26,100.0,38.6,40.3,4.4,13,1.14,35.28,2.03
R00713,2026-05-09,Sat,BK-03,Old Mill,D09,V09,motorbike,Clear,2026-05-09 12:37:00,2026-05-09 17:27:17,24,22,2,21,95.5,43.8,45.0,2.7,33,1.32,34.06,2.38
R00714,2026-05-09,Sat,BK-06,Elm Park,D11,V11,motorbike,Clear,2026-05-09 07:40:00,2026-05-09 12:56:56,27,26,1,26,100.0,40.5,42.5,4.9,0,1.03,41.32,1.85
R00715,2026-05-09,Sat,BK-01,Harbor Row,D13,V13,motorbike,Clear,2026-05-09 07:34:00,2026-05-09 11:32:30,20,19,1,19,100.0,36.2,37.8,4.4,29,1.06,35.5,1.9
R00716,2026-05-09,Sat,VN-01,Cedar Point,D15,V15,van,Clear,2026-05-09 07:32:00,2026-05-09 12:11:45,15,14,1,13,92.9,70.3,72.6,3.3,25,7.02,10.35,11.64
R00717,2026-05-09,Sat,VN-01,Cedar Point,D17,V17,van,Clear,2026-05-09 07:33:00,2026-05-09 11:53:16,14,14,0,14,100.0,65.6,66.4,1.2,9,6.07,10.95,9.99
R00718,2026-05-09,Sat,VN-04,Lakeview,D19,V19,van,Clear,2026-05-09 07:30:00,2026-05-09 12:43:53,17,14,3,14,100.0,111.6,115.5,3.5,8,10.31,11.2,16.76
R00719,2026-05-09,Sat,TR-02,Westfield,D21,V21,truck,Clear,2026-05-09 06:10:00,2026-05-09 13:07:09,8,8,0,8,100.0,274.0,274.7,0.3,48,81.11,3.39,133.09
R00720,2026-05-09,Sat,TR-01,Foundry District,D23,V23,truck,Clear,2026-05-09 06:00:00,2026-05-09 13:48:29,9,8,1,7,87.5,300.4,314.2,4.6,39,82.88,3.79,135.75
R00721,2026-05-11,Mon,BK-03,Old Mill,D01,V01,motorbike,Clear,2026-05-11 12:31:00,2026-05-11 16:57:54,23,22,1,22,100.0,42.0,42.7,1.7,8,1.0,42.66,1.79
R00722,2026-05-11,Mon,BK-01,Harbor Row,D02,V02,motorbike,Clear,2026-05-11 12:32:00,2026-05-11 16:35:14,21,20,1,20,100.0,38.0,38.9,2.4,12,1.15,33.7,2.05
R00723,2026-05-11,Mon,BK-06,Elm Park,D03,V03,motorbike,Clear,2026-05-11 12:38:00,2026-05-11 17:45:56,26,25,1,22,88.0,39.0,40.7,4.4,23,1.08,37.56,1.93
R00724,2026-05-11,Mon,BK-01,Harbor Row,D04,V04,motorbike,Clear,2026-05-11 12:37:00,2026-05-11 16:54:05,22,21,1,21,100.0,39.8,41.3,3.8,7,1.13,36.53,2.02
R00725,2026-05-11,Mon,BK-05,Northgate,D05,V05,motorbike,Clear,2026-05-11 07:40:00,2026-05-11 12:41:27,26,26,0,26,100.0,37.1,38.8,4.6,0,0.96,40.62,1.71
R00726,2026-05-11,Mon,BK-02,Maple Heights,D06,V06,motorbike,Clear,2026-05-11 07:37:00,2026-05-11 12:03:29,22,21,1,21,100.0,41.2,42.3,2.7,31,1.33,31.76,2.41
R00727,2026-05-11,Mon,BK-02,Maple Heights,D07,V07,motorbike,Clear,2026-05-11 07:40:00,2026-05-11 12:51:32,26,25,1,25,100.0,48.8,48.8,0.0,17,1.37,35.69,2.43
R00728,2026-05-11,Mon,BK-04,Riverside,D08,V08,motorbike,Clear,2026-05-11 07:36:00,2026-05-11 11:34:02,20,20,0,20,100.0,56.2,59.7,6.2,17,1.71,35.0,3.07
R00729,2026-05-11,Mon,BK-06,Elm Park,D09,V09,motorbike,Clear,2026-05-11 12:32:00,2026-05-11 17:13:24,24,24,0,24,100.0,36.0,37.4,3.9,6,1.01,36.96,1.81
R00730,2026-05-11,Mon,BK-06,Elm Park,D10,V10,motorbike,Clear,2026-05-11 12:34:00,2026-05-11 17:29:08,25,23,2,23,100.0,37.5,37.4,-0.3,10,1.07,34.86,1.93
R00731,2026-05-11,Mon,BK-03,Old Mill,D11,V11,motorbike,Clear,2026-05-11 07:40:00,2026-05-11 11:51:02,21,19,2,19,100.0,38.3,39.9,4.2,24,1.06,37.47,1.92
R00732,2026-05-11,Mon,BK-02,Maple Heights,D12,V12,motorbike,Clear,2026-05-11 07:36:00,2026-05-11 12:09:42,23,23,0,23,100.0,43.1,48.2,11.8,51,1.64,29.32,2.95
R00733,2026-05-11,Mon,BK-06,Elm Park,D13,V13,motorbike,Clear,2026-05-11 07:40:00,2026-05-11 12:57:55,27,27,0,27,100.0,40.5,42.0,3.7,0,1.05,40.14,1.87
R00734,2026-05-11,Mon,BK-03,Old Mill,D14,V14,motorbike,Clear,2026-05-11 12:36:00,2026-05-11 17:17:33,24,24,0,23,95.8,43.8,45.7,4.3,13,1.25,36.69,2.23
R00735,2026-05-11,Mon,VN-04,Lakeview,D15,V15,van,Clear,2026-05-11 07:30:00,2026-05-11 12:32:19,16,15,1,14,93.3,105.0,108.4,3.2,54,10.55,10.28,17.24
R00736,2026-05-11,Mon,VN-01,Cedar Point,D16,V16,van,Clear,2026-05-11 07:30:00,2026-05-11 11:55:27,14,14,0,14,100.0,65.6,64.7,-1.4,8,5.78,11.19,9.42
R00737,2026-05-11,Mon,VN-03,Stonebridge,D17,V17,van,Clear,2026-05-11 07:38:00,2026-05-11 13:02:34,18,17,1,17,100.0,97.2,98.6,1.4,0,9.05,10.9,14.76
R00738,2026-05-11,Mon,VN-03,Stonebridge,D18,V18,van,Clear,2026-05-11 07:30:00,2026-05-11 13:12:14,19,17,2,17,100.0,102.6,105.6,2.9,9,9.66,10.93,15.82
R00739,2026-05-11,Mon,VN-04,Lakeview,D19,V19,van,Clear,2026-05-11 07:30:00,2026-05-11 12:15:28,15,15,0,14,93.3,98.4,101.5,3.2,16,9.26,10.97,15.16
R00740,2026-05-11,Mon,VN-01,Cedar Point,D20,V20,van,Clear,2026-05-11 07:38:00,2026-05-11 13:19:53,18,18,0,14,77.8,84.4,88.0,4.3,0,7.76,11.34,12.77
R00741,2026-05-11,Mon,TR-01,Foundry District,D21,V21,truck,Clear,2026-05-11 06:09:00,2026-05-11 13:52:44,9,7,2,6,85.7,300.4,313.0,4.2,19,87.55,3.58,143.95
R00742,2026-05-11,Mon,TR-02,Westfield,D22,V22,truck,Clear,2026-05-11 06:05:00,2026-05-11 14:36:10,10,9,1,9,100.0,342.5,359.0,4.8,41,108.87,3.3,178.88
R00743,2026-05-11,Mon,TR-01,Foundry District,D23,V23,truck,Clear,2026-05-11 06:03:00,2026-05-11 12:15:38,7,7,0,6,85.7,233.6,240.4,2.9,0,64.36,3.74,105.69
R00744,2026-05-11,Mon,TR-01,Foundry District,D24,V24,truck,Clear,2026-05-11 06:01:00,2026-05-11 13:40:54,9,8,1,8,100.0,300.4,302.1,0.6,28,82.13,3.68,136.54
R00745,2026-05-12,Tue,BK-03,Old Mill,D01,V01,motorbike,Clear,2026-05-12 12:30:00,2026-05-12 16:47:35,22,21,1,21,100.0,40.2,41.0,2.0,9,1.01,40.43,1.81
R00746,2026-05-12,Tue,BK-03,Old Mill,D02,V02,motorbike,Clear,2026-05-12 12:39:00,2026-05-12 17:40:12,25,24,1,24,100.0,45.7,47.8,4.6,34,1.55,30.85,2.8
R00747,2026-05-12,Tue,BK-06,Elm Park,D03,V03,motorbike,Clear,2026-05-12 12:32:00,2026-05-12 17:28:12,26,25,1,25,100.0,39.0,39.9,2.3,6,0.99,40.3,1.76
R00748,2026-05-12,Tue,BK-03,Old Mill,D04,V04,motorbike,Clear,2026-05-12 12:34:00,2026-05-12 16:46:46,21,20,1,20,100.0,38.3,39.4,2.9,29,1.22,32.34,2.17
R00749,2026-05-12,Tue,BK-01,Harbor Row,D05,V05,motorbike,Clear,2026-05-12 07:34:00,2026-05-12 12:01:12,23,21,2,21,100.0,41.6,42.9,3.1,0,1.07,39.98,1.93
R00750,2026-05-12,Tue,BK-04,Riverside,D06,V06,motorbike,Clear,2026-05-12 07:36:00,2026-05-12 11:50:26,20,19,1,13,68.4,56.2,56.8,1.1,7,1.62,35.08,2.87
R00751,2026-05-12,Tue,BK-05,Northgate,D07,V07,motorbike,Clear,2026-05-12 07:39:00,2026-05-12 13:21:52,30,30,0,30,100.0,42.9,43.4,1.2,19,1.26,34.53,2.24
R00752,2026-05-12,Tue,BK-04,Riverside,D08,V08,motorbike,Clear,2026-05-12 07:34:00,2026-05-12 11:19:23,19,19,0,19,100.0,53.4,56.9,6.6,0,1.51,37.57,2.7
R00753,2026-05-12,Tue,BK-05,Northgate,D09,V09,motorbike,Clear,2026-05-12 12:33:00,2026-05-12 18:25:52,30,30,0,28,93.3,42.9,45.2,5.4,0,1.18,38.17,2.13
R00754,2026-05-12,Tue,BK-06,Elm Park,D10,V10,motorbike,Clear,2026-05-12 12:38:00,2026-05-12 18:02:46,28,27,1,27,100.0,42.0,43.1,2.6,0,1.12,38.41,2.01
R00755,2026-05-12,Tue,BK-01,Harbor Row,D11,V11,motorbike,Clear,2026-05-12 07:33:00,2026-05-12 11:53:16,22,22,0,22,100.0,39.8,42.6,7.0,11,1.07,39.81,1.91
R00756,2026-05-12,Tue,BK-02,Maple Heights,D12,V12,motorbike,Clear,2026-05-12 07:38:00,2026-05-12 11:50:57,22,22,0,22,100.0,41.2,45.9,11.4,7,1.38,33.23,2.46
R00757,2026-05-12,Tue,BK-04,Riverside,D13,V13,motorbike,Clear,2026-05-12 07:32:00,2026-05-12 11:19:16,19,19,0,19,100.0,53.4,55.1,3.2,23,1.4,39.49,2.48
R00758,2026-05-12,Tue,BK-03,Old Mill,D14,V14,motorbike,Clear,2026-05-12 12:36:00,2026-05-12 17:02:27,22,22,0,18,81.8,40.2,42.8,6.5,12,1.16,36.94,2.07
R00759,2026-05-12,Tue,VN-04,Lakeview,D15,V15,van,Clear,2026-05-12 07:38:00,2026-05-12 12:13:22,15,15,0,15,100.0,98.4,102.0,3.7,19,9.38,10.88,15.42
R00760,2026-05-12,Tue,VN-03,Stonebridge,D16,V16,van,Clear,2026-05-12 07:33:00,2026-05-12 14:01:00,21,21,0,17,81.0,113.4,114.8,1.2,22,10.42,11.02,17.14
R00761,2026-05-12,Tue,VN-01,Cedar Point,D17,V17,van,Clear,2026-05-12 07:34:00,2026-05-12 12:41:54,17,17,0,17,100.0,79.7,82.6,3.6,11,7.56,10.92,12.48
R00762,2026-05-12,Tue,VN-03,Stonebridge,D18,V18,van,Clear,2026-05-12 07:35:00,2026-05-12 13:36:57,20,19,1,19,100.0,108.0,111.0,2.8,0,9.71,11.43,15.97
R00763,2026-05-12,Tue,VN-03,Stonebridge,D19,V19,van,Clear,2026-05-12 07:32:00,2026-05-12 13:49:42,21,21,0,21,100.0,113.4,115.4,1.8,0,9.99,11.56,16.44
R00764,2026-05-12,Tue,VN-03,Stonebridge,D20,V20,van,Clear,2026-05-12 07:32:00,2026-05-12 13:33:24,20,20,0,20,100.0,108.0,110.0,1.9,0,9.58,11.49,15.83
R00765,2026-05-12,Tue,TR-02,Westfield,D21,V21,truck,Clear,2026-05-12 06:09:00,2026-05-12 11:27:47,6,6,0,6,100.0,205.5,211.4,2.9,77,65.59,3.22,107.58
R00766,2026-05-12,Tue,TR-02,Westfield,D22,V22,truck,Clear,2026-05-12 06:06:00,2026-05-12 12:56:48,8,7,1,7,100.0,274.0,278.6,1.7,25,83.39,3.34,136.92
R00767,2026-05-12,Tue,TR-01,Foundry District,D23,V23,truck,Clear,2026-05-12 06:01:00,2026-05-12 13:40:44,9,8,1,8,100.0,300.4,307.3,2.3,0,82.17,3.74,135.44
R00768,2026-05-12,Tue,TR-01,Foundry District,D24,V24,truck,Clear,2026-05-12 06:04:00,2026-05-12 12:56:24,8,8,0,8,100.0,267.0,274.3,2.7,0,75.01,3.66,122.7
R00769,2026-05-13,Wed,BK-06,Elm Park,D01,V01,motorbike,Clear,2026-05-13 12:37:00,2026-05-13 17:59:10,28,28,0,28,100.0,42.0,43.5,3.6,0,1.07,40.57,1.89
R00770,2026-05-13,Wed,BK-01,Harbor Row,D02,V02,motorbike,Clear,2026-05-13 12:32:00,2026-05-13 16:40:56,20,20,0,20,100.0,36.2,36.4,0.6,11,1.07,34.11,1.9
R00771,2026-05-13,Wed,BK-02,Maple Heights,D03,V03,motorbike,Clear,2026-05-13 12:37:00,2026-05-13 17:09:07,23,23,0,21,91.3,43.1,44.0,2.1,0,1.08,40.84,1.94
R00772,2026-05-13,Wed,BK-05,Northgate,D04,V04,motorbike,Clear,2026-05-13 12:37:00,2026-05-13 18:30:26,30,29,1,26,89.7,42.9,45.7,6.5,7,1.22,37.5,2.17
R00773,2026-05-13,Wed,BK-02,Maple Heights,D05,V05,motorbike,Clear,2026-05-13 07:34:00,2026-05-13 11:54:07,23,23,0,23,100.0,43.1,44.3,2.8,24,1.22,36.4,2.17
R00774,2026-05-13,Wed,BK-05,Northgate,D06,V06,motorbike,Clear,2026-05-13 07:34:00,2026-05-13 12:52:21,27,26,1,25,96.2,38.6,40.0,3.6,31,1.32,30.26,2.36
R00775,2026-05-13,Wed,BK-01,Harbor Row,D07,V07,motorbike,Clear,2026-05-13 07:37:00,2026-05-13 11:56:42,22,22,0,22,100.0,39.8,40.6,2.0,24,1.21,33.46,2.18
R00776,2026-05-13,Wed,BK-02,Maple Heights,D08,V08,motorbike,Clear,2026-05-13 07:31:00,2026-05-13 11:45:42,22,22,0,22,100.0,41.2,42.3,2.7,6,1.16,36.53,2.08
R00777,2026-05-13,Wed,BK-06,Elm Park,D09,V09,motorbike,Clear,2026-05-13 12:39:00,2026-05-13 17:51:53,26,24,2,20,83.3,39.0,40.3,3.3,7,1.09,36.85,1.97
R00778,2026-05-13,Wed,BK-06,Elm Park,D10,V10,motorbike,Clear,2026-05-13 12:33:00,2026-05-13 17:24:29,25,25,0,25,100.0,37.5,38.0,1.3,0,1.0,37.89,1.81
R00779,2026-05-13,Wed,BK-02,Maple Heights,D11,V11,motorbike,Clear,2026-05-13 07:31:00,2026-05-13 12:05:20,23,22,1,17,77.3,43.1,44.1,2.3,12,1.15,38.29,2.05
R00780,2026-05-13,Wed,BK-04,Riverside,D12,V12,motorbike,Clear,2026-05-13 07:35:00,2026-05-13 12:09:57,23,22,1,18,81.8,64.6,70.9,9.8,12,2.15,33.04,3.83
R00781,2026-05-13,Wed,BK-02,Maple Heights,D13,V13,motorbike,Clear,2026-05-13 07:31:00,2026-05-13 12:27:36,25,25,0,18,72.0,46.9,49.6,5.8,28,1.4,35.54,2.49
R00782,2026-05-13,Wed,BK-02,Maple Heights,D14,V14,motorbike,Clear,2026-05-13 12:33:00,2026-05-13 17:13:00,25,24,1,24,100.0,46.9,48.8,4.1,0,1.27,38.49,2.27
R00783,2026-05-13,Wed,VN-01,Cedar Point,D15,V15,van,Clear,2026-05-13 07:34:00,2026-05-13 13:07:25,18,17,1,16,94.1,84.4,87.5,3.7,9,7.93,11.03,13.02
R00784,2026-05-13,Wed,VN-03,Stonebridge,D16,V16,van,Clear,2026-05-13 07:31:00,2026-05-13 13:50:46,21,21,0,21,100.0,113.4,114.8,1.2,24,10.3,11.14,17.07
R00785,2026-05-13,Wed,VN-02,Brookfield,D17,V17,van,Clear,2026-05-13 07:33:00,2026-05-13 12:55:37,18,17,1,16,94.1,88.9,90.0,1.2,0,8.0,11.25,13.15
R00786,2026-05-13,Wed,VN-02,Brookfield,D18,V18,van,Clear,2026-05-13 07:31:00,2026-05-13 12:57:34,18,18,0,18,100.0,88.9,91.9,3.4,16,8.48,10.84,13.93
R00787,2026-05-13,Wed,VN-02,Brookfield,D19,V19,van,Clear,2026-05-13 07:32:00,2026-05-13 13:03:35,18,17,1,16,94.1,88.9,93.0,4.6,18,8.35,11.14,13.66
R00788,2026-05-13,Wed,VN-01,Cedar Point,D20,V20,van,Clear,2026-05-13 07:31:00,2026-05-13 11:53:03,14,14,0,14,100.0,65.6,67.3,2.6,7,5.96,11.29,9.84
R00789,2026-05-13,Wed,TR-01,Foundry District,D21,V21,truck,Clear,2026-05-13 06:07:00,2026-05-13 13:08:19,8,8,0,6,75.0,267.0,267.6,0.2,66,76.7,3.49,125.93
R00790,2026-05-13,Wed,TR-01,Foundry District,D22,V22,truck,Clear,2026-05-13 06:00:00,2026-05-13 12:55:55,8,7,1,7,100.0,267.0,266.0,-0.4,35,81.36,3.27,133.62
R00791,2026-05-13,Wed,TR-01,Foundry District,D23,V23,truck,Clear,2026-05-13 06:00:00,2026-05-13 14:31:40,10,10,0,9,90.0,333.8,345.4,3.5,26,92.18,3.75,152.98
R00792,2026-05-13,Wed,TR-01,Foundry District,D24,V24,truck,Clear,2026-05-13 06:08:00,2026-05-13 14:34:37,10,10,0,10,100.0,333.8,352.6,5.6,40,98.51,3.58,161.31
R00793,2026-05-14,Thu,BK-05,Northgate,D02,V02,motorbike,Clear,2026-05-14 12:40:00,2026-05-14 17:57:18,26,26,0,14,53.8,37.1,37.7,1.6,0,1.07,35.16,1.93
R00794,2026-05-14,Thu,BK-02,Maple Heights,D03,V03,motorbike,Clear,2026-05-14 12:32:00,2026-05-14 17:37:15,26,24,2,20,83.3,48.8,50.6,3.7,9,1.27,39.79,2.27
R00795,2026-05-14,Thu,BK-02,Maple Heights,D04,V04,motorbike,Clear,2026-05-14 12:30:00,2026-05-14 17:07:33,24,23,1,23,100.0,45.0,48.1,6.9,40,1.5,32.1,2.7
R00796,2026-05-14,Thu,BK-05,Northgate,D06,V06,motorbike,Clear,2026-05-14 07:34:00,2026-05-14 13:31:47,30,30,0,28,93.3,42.9,45.0,4.9,24,1.4,32.25,2.52
R00797,2026-05-14,Thu,BK-05,Northgate,D07,V07,motorbike,Clear,2026-05-14 07:40:00,2026-05-14 12:48:34,26,26,0,23,88.5,37.1,38.3,3.2,43,1.22,31.35,2.18
R00798,2026-05-14,Thu,BK-04,Riverside,D08,V08,motorbike,Clear,2026-05-14 07:36:00,2026-05-14 11:57:08,22,22,0,22,100.0,61.8,62.0,0.3,0,1.57,39.49,2.86
R00799,2026-05-14,Thu,BK-01,Harbor Row,D09,V09,motorbike,Clear,2026-05-14 12:31:00,2026-05-14 17:06:19,23,20,3,17,85.0,41.6,41.8,0.5,0,1.1,38.17,1.95
R00800,2026-05-14,Thu,BK-01,Harbor Row,D10,V10,motorbike,Clear,2026-05-14 12:38:00,2026-05-14 17:03:48,23,21,2,21,100.0,41.6,43.4,4.3,41,1.38,31.43,2.48
R00801,2026-05-14,Thu,BK-03,Old Mill,D11,V11,motorbike,Clear,2026-05-14 07:35:00,2026-05-14 12:29:29,25,22,3,20,90.9,45.7,48.9,7.0,0,1.22,40.23,2.19
R00802,2026-05-14,Thu,BK-01,Harbor Row,D12,V12,motorbike,Clear,2026-05-14 07:35:00,2026-05-14 11:25:19,19,17,2,16,94.1,34.4,38.2,11.0,0,1.11,34.48,1.98
R00803,2026-05-14,Thu,BK-04,Riverside,D13,V13,motorbike,Clear,2026-05-14 07:39:00,2026-05-14 12:07:15,23,23,0,23,100.0,64.6,67.4,4.3,0,1.76,38.39,3.16
R00804,2026-05-14,Thu,BK-01,Harbor Row,D14,V14,motorbike,Clear,2026-05-14 12:31:00,2026-05-14 16:16:00,20,19,1,19,100.0,36.2,37.6,3.9,0,0.94,40.05,1.68
R00805,2026-05-14,Thu,VN-04,Lakeview,D15,V15,van,Clear,2026-05-14 07:33:00,2026-05-14 11:54:17,14,14,0,14,100.0,91.9,93.5,1.7,32,9.0,10.39,14.78
R00806,2026-05-14,Thu,VN-02,Brookfield,D16,V16,van,Clear,2026-05-14 07:39:00,2026-05-14 13:26:03,19,19,0,17,89.5,93.9,93.4,-0.5,0,7.9,11.83,13.03
R00807,2026-05-14,Thu,VN-02,Brookfield,D17,V17,van,Clear,2026-05-14 07:39:00,2026-05-14 12:34:12,16,15,1,15,100.0,79.1,79.1,0.0,0,6.59,12.0,10.75
R00808,2026-05-14,Thu,VN-02,Brookfield,D18,V18,van,Clear,2026-05-14 07:32:00,2026-05-14 13:06:12,18,17,1,16,94.1,88.9,93.4,5.1,44,9.12,10.24,14.91
R00809,2026-05-14,Thu,VN-03,Stonebridge,D19,V19,van,Clear,2026-05-14 07:35:00,2026-05-14 13:35:34,20,19,1,19,100.0,108.0,111.0,2.8,0,10.02,11.07,16.43
R00810,2026-05-14,Thu,VN-01,Cedar Point,D20,V20,van,Clear,2026-05-14 07:34:00,2026-05-14 12:38:41,16,15,1,14,93.3,75.0,75.5,0.7,27,6.88,10.98,11.43
R00811,2026-05-14,Thu,TR-01,Foundry District,D21,V21,truck,Clear,2026-05-14 06:07:00,2026-05-14 13:53:02,9,8,1,8,100.0,300.4,294.7,-1.9,39,84.93,3.47,139.58
R00812,2026-05-14,Thu,TR-03,Granite Hill,D22,V22,truck,Clear,2026-05-14 06:03:00,2026-05-14 13:45:18,9,9,0,8,88.9,189.0,197.8,4.7,9,59.97,3.3,98.51
R00813,2026-05-14,Thu,TR-03,Granite Hill,D23,V23,truck,Clear,2026-05-14 06:04:00,2026-05-14 15:23:35,11,11,0,9,81.8,231.0,240.8,4.2,13,61.03,3.95,100.8
R00814,2026-05-14,Thu,TR-03,Granite Hill,D24,V24,truck,Clear,2026-05-14 06:10:00,2026-05-14 15:30:07,11,10,1,9,90.0,231.0,237.5,2.8,0,65.14,3.65,106.28
R00815,2026-05-15,Fri,BK-01,Harbor Row,D01,V01,motorbike,Clear,2026-05-15 12:35:00,2026-05-15 17:05:55,23,20,3,20,100.0,41.6,42.2,1.4,13,1.08,38.99,1.92
R00816,2026-05-15,Fri,BK-03,Old Mill,D03,V03,motorbike,Clear,2026-05-15 12:38:00,2026-05-15 16:53:52,21,20,1,17,85.0,38.3,40.1,4.7,58,1.27,31.62,2.26
R00817,2026-05-15,Fri,BK-02,Maple Heights,D04,V04,motorbike,Clear,2026-05-15 12:32:00,2026-05-15 16:54:53,22,21,1,20,95.2,41.2,43.8,6.3,13,1.22,35.95,2.19
R00818,2026-05-15,Fri,BK-01,Harbor Row,D05,V05,motorbike,Clear,2026-05-15 07:37:00,2026-05-15 11:22:57,19,19,0,19,100.0,34.4,35.2,2.3,0,0.86,40.84,1.53
R00819,2026-05-15,Fri,BK-06,Elm Park,D06,V06,motorbike,Clear,2026-05-15 07:35:00,2026-05-15 12:30:14,25,23,2,23,100.0,37.5,38.3,2.1,0,1.07,35.63,1.91
R00820,2026-05-15,Fri,BK-05,Northgate,D07,V07,motorbike,Clear,2026-05-15 07:40:00,2026-05-15 12:45:10,26,25,1,25,100.0,37.1,38.0,2.4,6,1.07,35.47,1.93
R00821,2026-05-15,Fri,BK-01,Harbor Row,D08,V08,motorbike,Clear,2026-05-15 07:39:00,2026-05-15 11:22:09,19,17,2,17,100.0,34.4,36.1,4.9,16,1.06,34.13,1.89
R00822,2026-05-15,Fri,BK-04,Riverside,D09,V09,motorbike,Clear,2026-05-15 12:34:00,2026-05-15 17:10:51,23,23,0,21,91.3,64.6,65.0,0.6,24,1.79,36.36,3.18
R00823,2026-05-15,Fri,BK-02,Maple Heights,D10,V10,motorbike,Clear,2026-05-15 12:32:00,2026-05-15 17:04:28,23,22,1,22,100.0,43.1,43.9,1.9,11,1.19,36.95,2.11
R00824,2026-05-15,Fri,BK-04,Riverside,D11,V11,motorbike,Clear,2026-05-15 07:31:00,2026-05-15 11:20:51,20,19,1,19,100.0,56.2,59.3,5.5,23,1.57,37.67,2.82
R00825,2026-05-15,Fri,BK-04,Riverside,D12,V12,motorbike,Clear,2026-05-15 07:38:00,2026-05-15 12:00:08,22,21,1,19,90.5,61.8,66.6,7.8,25,2.13,31.3,3.8
R00826,2026-05-15,Fri,BK-05,Northgate,D13,V13,motorbike,Clear,2026-05-15 07:30:00,2026-05-15 13:22:17,30,30,0,26,86.7,42.9,44.7,4.2,12,1.1,40.58,1.98
R00827,2026-05-15,Fri,BK-05,Northgate,D14,V14,motorbike,Clear,2026-05-15 12:34:00,2026-05-15 18:26:08,30,30,0,30,100.0,42.9,44.5,3.7,48,1.38,32.18,2.48
R00828,2026-05-15,Fri,VN-01,Cedar Point,D15,V15,van,Clear,2026-05-15 07:37:00,2026-05-15 12:00:20,14,13,1,13,100.0,65.6,67.8,3.4,0,6.04,11.22,9.95
R00829,2026-05-15,Fri,VN-01,Cedar Point,D16,V16,van,Clear,2026-05-15 07:40:00,2026-05-15 12:18:34,15,15,0,15,100.0,70.3,72.2,2.7,25,6.65,10.85,10.96
R00830,2026-05-15,Fri,VN-03,Stonebridge,D17,V17,van,Clear,2026-05-15 07:38:00,2026-05-15 13:18:42,19,19,0,19,100.0,102.6,106.2,3.5,34,9.77,10.87,16.02
R00831,2026-05-15,Fri,VN-04,Lakeview,D18,V18,van,Clear,2026-05-15 07:40:00,2026-05-15 12:02:01,14,14,0,14,100.0,91.9,95.3,3.7,27,9.46,10.08,15.53
R00832,2026-05-15,Fri,VN-03,Stonebridge,D19,V19,van,Clear,2026-05-15 07:34:00,2026-05-15 13:24:13,19,18,1,17,94.4,102.6,107.6,4.9,11,9.77,11.01,15.92
R00833,2026-05-15,Fri,VN-03,Stonebridge,D20,V20,van,Clear,2026-05-15 07:40:00,2026-05-15 13:15:02,18,17,1,17,100.0,97.2,101.8,4.7,39,9.99,10.19,16.44
R00834,2026-05-15,Fri,TR-02,Westfield,D21,V21,truck,Clear,2026-05-15 06:02:00,2026-05-15 11:26:56,6,6,0,6,100.0,205.5,204.0,-0.7,31,57.37,3.56,94.37
R00835,2026-05-15,Fri,TR-01,Foundry District,D22,V22,truck,Clear,2026-05-15 06:07:00,2026-05-15 11:32:48,6,5,1,5,100.0,200.2,206.5,3.1,18,62.47,3.31,103.21
R00836,2026-05-15,Fri,TR-03,Granite Hill,D23,V23,truck,Clear,2026-05-15 06:07:00,2026-05-15 16:09:21,12,12,0,8,66.7,252.0,262.4,4.1,30,71.14,3.69,115.78
R00837,2026-05-15,Fri,TR-03,Granite Hill,D24,V24,truck,Clear,2026-05-15 06:08:00,2026-05-15 14:33:15,10,10,0,10,100.0,210.0,216.4,3.0,0,61.91,3.5,101.76
R00838,2026-05-16,Sat,BK-02,Maple Heights,D01,V01,motorbike,Clear,2026-05-16 12:31:00,2026-05-16 17:07:13,23,23,0,16,69.6,43.1,44.3,2.8,0,1.06,41.75,1.91
R00839,2026-05-16,Sat,BK-01,Harbor Row,D03,V03,motorbike,Clear,2026-05-16 12:38:00,2026-05-16 17:14:22,23,22,1,20,90.9,41.6,42.1,1.2,31,1.17,36.08,2.06
R00840,2026-05-16,Sat,BK-02,Maple Heights,D05,V05,motorbike,Clear,2026-05-16 07:39:00,2026-05-16 12:33:12,26,23,3,23,100.0,48.8,51.3,5.1,10,1.32,38.8,2.34
R00841,2026-05-16,Sat,BK-02,Maple Heights,D07,V07,motorbike,Clear,2026-05-16 07:38:00,2026-05-16 11:52:19,22,22,0,22,100.0,41.2,42.9,4.1,14,1.21,35.34,2.17
R00842,2026-05-16,Sat,BK-03,Old Mill,D09,V09,motorbike,Clear,2026-05-16 12:37:00,2026-05-16 17:08:10,22,21,1,20,95.2,40.2,40.9,1.7,17,1.19,34.31,2.11
R00843,2026-05-16,Sat,BK-05,Northgate,D11,V11,motorbike,Clear,2026-05-16 07:32:00,2026-05-16 13:25:41,30,29,1,27,93.1,42.9,44.6,4.0,0,1.1,40.67,1.97
R00844,2026-05-16,Sat,BK-01,Harbor Row,D13,V13,motorbike,Clear,2026-05-16 07:35:00,2026-05-16 11:52:49,22,22,0,22,100.0,39.8,41.1,3.3,16,1.07,38.31,1.92
R00845,2026-05-16,Sat,VN-01,Cedar Point,D15,V15,van,Clear,2026-05-16 07:30:00,2026-05-16 11:54:17,14,14,0,14,100.0,65.6,66.6,1.5,5,6.11,10.9,10.07
R00846,2026-05-16,Sat,VN-01,Cedar Point,D17,V17,van,Clear,2026-05-16 07:34:00,2026-05-16 12:17:01,15,15,0,15,100.0,70.3,73.2,4.1,0,6.4,11.43,10.52
R00847,2026-05-16,Sat,VN-03,Stonebridge,D19,V19,van,Clear,2026-05-16 07:39:00,2026-05-16 13:11:01,18,16,2,16,100.0,97.2,100.4,3.3,23,9.26,10.85,15.27
R00848,2026-05-16,Sat,TR-02,Westfield,D21,V21,truck,Clear,2026-05-16 06:04:00,2026-05-16 12:20:05,7,6,1,6,100.0,239.8,241.0,0.5,82,70.62,3.41,115.23
R00849,2026-05-18,Mon,BK-03,Old Mill,D01,V01,motorbike,Clear,2026-05-18 12:39:00,2026-05-18 17:20:55,24,23,1,23,100.0,43.8,45.3,3.4,0,1.07,42.22,1.94
R00850,2026-05-18,Mon,BK-03,Old Mill,D02,V02,motorbike,Clear,2026-05-18 12:40:00,2026-05-18 16:52:18,21,19,2,19,100.0,38.3,39.4,2.9,0,1.07,36.95,1.91
R00851,2026-05-18,Mon,BK-02,Maple Heights,D03,V03,motorbike,Clear,2026-05-18 12:33:00,2026-05-18 17:32:56,25,23,2,21,91.3,46.9,48.5,3.4,44,1.42,34.2,2.54
R00852,2026-05-18,Mon,BK-03,Old Mill,D04,V04,motorbike,Clear,2026-05-18 12:34:00,2026-05-18 16:50:23,22,20,2,20,100.0,40.2,41.9,4.2,24,1.3,32.24,2.33
R00853,2026-05-18,Mon,BK-03,Old Mill,D05,V05,motorbike,Clear,2026-05-18 07:38:00,2026-05-18 11:52:37,21,21,0,20,95.2,38.3,40.0,4.4,23,1.12,35.6,2.0
R00854,2026-05-18,Mon,BK-06,Elm Park,D08,V08,motorbike,Clear,2026-05-18 07:32:00,2026-05-18 12:45:19,27,27,0,27,100.0,40.5,43.2,6.7,0,1.16,37.1,2.09
R00855,2026-05-18,Mon,BK-05,Northgate,D09,V09,motorbike,Clear,2026-05-18 12:32:00,2026-05-18 17:50:51,26,26,0,21,80.8,37.1,37.4,0.8,28,1.15,32.63,2.07
R00856,2026-05-18,Mon,BK-04,Riverside,D10,V10,motorbike,Clear,2026-05-18 12:32:00,2026-05-18 16:23:25,19,18,1,18,100.0,53.4,53.8,0.7,0,1.38,39.08,2.45
R00857,2026-05-18,Mon,BK-06,Elm Park,D12,V12,motorbike,Clear,2026-05-18 07:31:00,2026-05-18 12:30:11,25,23,2,20,87.0,37.5,41.1,9.6,12,1.26,32.56,2.25
R00858,2026-05-18,Mon,BK-02,Maple Heights,D13,V13,motorbike,Clear,2026-05-18 07:36:00,2026-05-18 11:55:46,23,23,0,23,100.0,43.1,44.7,3.7,11,1.19,37.66,2.11
R00859,2026-05-18,Mon,BK-01,Harbor Row,D14,V14,motorbike,Clear,2026-05-18 12:38:00,2026-05-18 17:10:06,23,22,1,16,72.7,41.6,43.5,4.6,0,1.13,38.66,1.98
R00860,2026-05-18,Mon,VN-03,Stonebridge,D15,V15,van,Clear,2026-05-18 07:36:00,2026-05-18 13:37:57,20,20,0,20,100.0,108.0,112.5,4.2,40,10.85,10.37,17.61
R00861,2026-05-18,Mon,VN-03,Stonebridge,D16,V16,van,Clear,2026-05-18 07:35:00,2026-05-18 13:44:41,20,20,0,19,95.0,108.0,106.9,-1.0,16,9.16,11.67,15.18
R00862,2026-05-18,Mon,VN-03,Stonebridge,D17,V17,van,Clear,2026-05-18 07:37:00,2026-05-18 12:59:55,18,17,1,17,100.0,97.2,98.3,1.1,7,8.71,11.29,14.23
R00863,2026-05-18,Mon,VN-01,Cedar Point,D18,V18,van,Clear,2026-05-18 07:30:00,2026-05-18 11:51:42,14,14,0,14,100.0,65.6,67.7,3.2,7,6.17,10.96,10.1
R00864,2026-05-18,Mon,VN-03,Stonebridge,D19,V19,van,Clear,2026-05-18 07:34:00,2026-05-18 14:15:22,22,21,1,19,90.5,118.8,124.3,4.6,0,10.88,11.43,17.94
R00865,2026-05-18,Mon,VN-02,Brookfield,D20,V20,van,Clear,2026-05-18 07:30:00,2026-05-18 13:06:56,18,16,2,16,100.0,88.9,88.6,-0.3,9,8.29,10.69,13.65
R00866,2026-05-18,Mon,TR-01,Foundry District,D21,V21,truck,Clear,2026-05-18 06:04:00,2026-05-18 13:42:29,9,9,0,9,100.0,300.4,302.1,0.6,44,86.01,3.51,141.39
R00867,2026-05-18,Mon,TR-03,Granite Hill,D22,V22,truck,Clear,2026-05-18 06:06:00,2026-05-18 16:50:29,13,12,1,10,83.3,273.0,279.5,2.4,73,83.55,3.35,138.49
R00868,2026-05-18,Mon,TR-02,Westfield,D23,V23,truck,Clear,2026-05-18 06:04:00,2026-05-18 13:47:27,9,9,0,9,100.0,308.2,316.2,2.6,11,84.33,3.75,139.08
R00869,2026-05-18,Mon,TR-03,Granite Hill,D24,V24,truck,Clear,2026-05-18 06:04:00,2026-05-18 16:50:37,13,13,0,12,92.3,273.0,285.5,4.6,0,76.43,3.74,124.47
R00870,2026-05-19,Tue,BK-04,Riverside,D01,V01,motorbike,Clear,2026-05-19 12:33:00,2026-05-19 16:36:37,21,20,1,20,100.0,59.0,61.6,4.4,10,1.58,39.06,2.81
R00871,2026-05-19,Tue,BK-03,Old Mill,D02,V02,motorbike,Clear,2026-05-19 12:40:00,2026-05-19 16:52:43,21,20,1,20,100.0,38.3,39.0,1.8,0,1.12,34.97,1.97
R00872,2026-05-19,Tue,BK-05,Northgate,D03,V03,motorbike,Clear,2026-05-19 12:34:00,2026-05-19 17:53:58,27,27,0,27,100.0,38.6,40.2,4.1,11,1.02,39.32,1.83
R00873,2026-05-19,Tue,BK-06,Elm Park,D04,V04,motorbike,Clear,2026-05-19 12:33:00,2026-05-19 17:51:47,28,28,0,28,100.0,42.0,43.2,2.9,0,1.11,38.94,1.98
R00874,2026-05-19,Tue,BK-03,Old Mill,D05,V05,motorbike,Clear,2026-05-19 07:30:00,2026-05-19 11:27:47,21,20,1,20,100.0,38.3,39.9,4.2,17,1.03,38.59,1.85
R00875,2026-05-19,Tue,BK-02,Maple Heights,D06,V06,motorbike,Clear,2026-05-19 07:36:00,2026-05-19 12:36:19,25,24,1,23,95.8,46.9,47.7,1.7,60,1.59,29.91,2.82
R00876,2026-05-19,Tue,BK-05,Northgate,D08,V08,motorbike,Clear,2026-05-19 07:38:00,2026-05-19 12:41:37,26,24,2,23,95.8,37.1,38.8,4.6,18,1.16,33.5,2.05
R00877,2026-05-19,Tue,BK-04,Riverside,D09,V09,motorbike,Clear,2026-05-19 12:35:00,2026-05-19 17:14:25,23,21,2,18,85.7,64.6,65.5,1.4,0,1.64,40.05,2.93
R00878,2026-05-19,Tue,BK-03,Old Mill,D10,V10,motorbike,Clear,2026-05-19 12:37:00,2026-05-19 17:22:06,24,24,0,23,95.8,43.8,45.7,4.3,5,1.17,38.91,2.1
R00879,2026-05-19,Tue,BK-01,Harbor Row,D11,V11,motorbike,Clear,2026-05-19 07:39:00,2026-05-19 12:01:21,22,21,1,19,90.5,39.8,42.5,6.8,21,1.16,36.65,2.07
R00880,2026-05-19,Tue,BK-06,Elm Park,D12,V12,motorbike,Clear,2026-05-19 07:39:00,2026-05-19 13:04:09,28,28,0,28,100.0,42.0,45.9,9.3,0,1.35,33.99,2.41
R00881,2026-05-19,Tue,BK-06,Elm Park,D13,V13,motorbike,Clear,2026-05-19 07:36:00,2026-05-19 13:02:52,28,26,2,26,100.0,42.0,45.2,7.6,16,1.19,37.97,2.14
R00882,2026-05-19,Tue,BK-05,Northgate,D14,V14,motorbike,Clear,2026-05-19 12:36:00,2026-05-19 17:53:37,27,27,0,26,96.3,38.6,39.6,2.6,0,0.98,40.53,1.72
R00883,2026-05-19,Tue,VN-01,Cedar Point,D15,V15,van,Clear,2026-05-19 07:38:00,2026-05-19 12:41:20,16,16,0,14,87.5,75.0,76.4,1.9,42,7.58,10.08,12.42
R00884,2026-05-19,Tue,VN-04,Lakeview,D17,V17,van,Clear,2026-05-19 07:32:00,2026-05-19 12:05:52,15,15,0,15,100.0,98.4,100.2,1.8,15,9.34,10.73,15.31
R00885,2026-05-19,Tue,VN-01,Cedar Point,D18,V18,van,Clear,2026-05-19 07:35:00,2026-05-19 11:48:25,14,14,0,14,100.0,65.6,67.5,2.9,24,6.43,10.5,10.54
R00886,2026-05-19,Tue,VN-01,Cedar Point,D19,V19,van,Clear,2026-05-19 07:32:00,2026-05-19 12:46:03,17,17,0,15,88.2,79.7,82.0,2.9,10,7.12,11.52,11.8
R00887,2026-05-19,Tue,VN-02,Brookfield,D20,V20,van,Clear,2026-05-19 07:40:00,2026-05-19 12:17:01,15,15,0,15,100.0,74.1,73.6,-0.7,10,6.64,11.08,10.92
R00888,2026-05-19,Tue,TR-03,Granite Hill,D21,V21,truck,Clear,2026-05-19 06:08:00,2026-05-19 15:30:43,11,11,0,8,72.7,231.0,238.0,3.0,23,64.6,3.68,105.72
R00889,2026-05-19,Tue,TR-02,Westfield,D22,V22,truck,Clear,2026-05-19 06:07:00,2026-05-19 13:00:28,8,7,1,7,100.0,274.0,276.9,1.1,0,81.18,3.41,133.87
R00890,2026-05-19,Tue,TR-01,Foundry District,D23,V23,truck,Clear,2026-05-19 06:10:00,2026-05-19 13:12:21,8,8,0,6,75.0,267.0,272.2,1.9,29,74.22,3.67,121.41
R00891,2026-05-19,Tue,TR-01,Foundry District,D24,V24,truck,Clear,2026-05-19 06:06:00,2026-05-19 12:24:36,7,7,0,5,71.4,233.6,242.0,3.6,76,67.73,3.57,111.82
R00892,2026-05-20,Wed,BK-01,Harbor Row,D01,V01,motorbike,Clear,2026-05-20 12:35:00,2026-05-20 16:41:35,21,20,1,20,100.0,38.0,39.5,3.9,25,1.05,37.69,1.89
R00893,2026-05-20,Wed,BK-06,Elm Park,D02,V02,motorbike,Clear,2026-05-20 12:30:00,2026-05-20 17:30:06,25,22,3,21,95.5,37.5,38.9,3.7,0,1.11,34.91,1.97
R00894,2026-05-20,Wed,BK-04,Riverside,D03,V03,motorbike,Clear,2026-05-20 12:33:00,2026-05-20 16:48:00,22,22,0,20,90.9,61.8,62.4,1.0,9,1.59,39.31,2.84
R00895,2026-05-20,Wed,BK-04,Riverside,D04,V04,motorbike,Clear,2026-05-20 12:35:00,2026-05-20 16:16:05,19,18,1,18,100.0,53.4,57.4,7.5,0,1.5,38.39,2.69
R00896,2026-05-20,Wed,BK-01,Harbor Row,D05,V05,motorbike,Clear,2026-05-20 07:34:00,2026-05-20 11:55:11,23,23,0,23,100.0,41.6,43.8,5.3,25,1.18,37.17,2.09
R00897,2026-05-20,Wed,BK-03,Old Mill,D06,V06,motorbike,Clear,2026-05-20 07:38:00,2026-05-20 12:30:52,25,24,1,24,100.0,45.7,46.6,2.0,0,1.24,37.53,2.21
R00898,2026-05-20,Wed,BK-03,Old Mill,D07,V07,motorbike,Clear,2026-05-20 07:33:00,2026-05-20 11:54:26,22,20,2,20,100.0,40.2,41.3,2.7,0,1.09,37.93,1.94
R00899,2026-05-20,Wed,BK-01,Harbor Row,D08,V08,motorbike,Clear,2026-05-20 07:31:00,2026-05-20 11:15:04,19,19,0,19,100.0,34.4,35.3,2.6,0,0.93,37.94,1.65
R00900,2026-05-20,Wed,BK-03,Old Mill,D09,V09,motorbike,Clear,2026-05-20 12:32:00,2026-05-20 16:56:55,22,20,2,19,95.0,40.2,41.1,2.2,0,1.05,39.04,1.88
R00901,2026-05-20,Wed,BK-02,Maple Heights,D10,V10,motorbike,Clear,2026-05-20 12:38:00,2026-05-20 17:42:11,26,24,2,23,95.8,48.8,50.9,4.3,20,1.37,37.23,2.47
R00902,2026-05-20,Wed,BK-04,Riverside,D11,V11,motorbike,Clear,2026-05-20 07:37:00,2026-05-20 11:18:49,19,17,2,17,100.0,53.4,54.7,2.4,0,1.34,40.79,2.39
R00903,2026-05-20,Wed,BK-02,Maple Heights,D12,V12,motorbike,Clear,2026-05-20 07:36:00,2026-05-20 12:31:55,25,25,0,24,96.0,46.9,52.3,11.5,0,1.58,33.05,2.84
R00904,2026-05-20,Wed,BK-05,Northgate,D13,V13,motorbike,Clear,2026-05-20 07:36:00,2026-05-20 13:07:00,28,27,1,25,92.6,40.0,41.1,2.8,27,1.21,33.91,2.17
R00905,2026-05-20,Wed,BK-02,Maple Heights,D14,V14,motorbike,Clear,2026-05-20 12:30:00,2026-05-20 16:55:08,22,20,2,17,85.0,41.2,43.9,6.6,40,1.33,33.13,2.36
R00906,2026-05-20,Wed,VN-03,Stonebridge,D15,V15,van,Clear,2026-05-20 07:34:00,2026-05-20 13:40:50,20,20,0,20,100.0,108.0,109.0,0.9,18,10.16,10.73,16.69
R00907,2026-05-20,Wed,VN-04,Lakeview,D16,V16,van,Clear,2026-05-20 07:32:00,2026-05-20 13:00:39,18,18,0,18,100.0,118.1,122.8,4.0,0,10.8,11.37,17.78
R00908,2026-05-20,Wed,VN-02,Brookfield,D17,V17,van,Clear,2026-05-20 07:32:00,2026-05-20 12:42:03,17,16,1,16,100.0,84.0,85.4,1.7,0,7.52,11.36,12.26
R00909,2026-05-20,Wed,VN-04,Lakeview,D19,V19,van,Clear,2026-05-20 07:33:00,2026-05-20 11:53:27,14,13,1,13,100.0,91.9,96.1,4.6,0,8.35,11.5,13.72
R00910,2026-05-20,Wed,VN-04,Lakeview,D20,V20,van,Clear,2026-05-20 07:31:00,2026-05-20 11:51:40,14,14,0,14,100.0,91.9,94.1,2.4,20,8.48,11.1,13.79
R00911,2026-05-20,Wed,TR-03,Granite Hill,D21,V21,truck,Clear,2026-05-20 06:03:00,2026-05-20 13:45:22,9,9,0,8,88.9,189.0,189.2,0.1,77,57.13,3.31,94.6
R00912,2026-05-20,Wed,TR-01,Foundry District,D22,V22,truck,Clear,2026-05-20 06:10:00,2026-05-20 13:04:51,8,8,0,8,100.0,267.0,275.3,3.1,12,80.09,3.44,133.34
R00913,2026-05-20,Wed,TR-01,Foundry District,D23,V23,truck,Clear,2026-05-20 06:08:00,2026-05-20 13:03:44,8,8,0,8,100.0,267.0,277.0,3.7,23,77.21,3.59,125.1
R00914,2026-05-20,Wed,TR-02,Westfield,D24,V24,truck,Clear,2026-05-20 06:06:00,2026-05-20 13:11:25,8,8,0,7,87.5,274.0,280.2,2.3,64,80.32,3.49,132.38
R00915,2026-05-21,Thu,BK-03,Old Mill,D01,V01,motorbike,Clear,2026-05-21 12:33:00,2026-05-21 16:52:22,23,23,0,23,100.0,42.0,43.4,3.3,26,1.16,37.35,2.08
R00916,2026-05-21,Thu,BK-02,Maple Heights,D02,V02,motorbike,Clear,2026-05-21 12:31:00,2026-05-21 17:14:30,24,24,0,23,95.8,45.0,46.3,2.9,21,1.42,32.69,2.55
R00917,2026-05-21,Thu,BK-02,Maple Heights,D03,V03,motorbike,Clear,2026-05-21 12:33:00,2026-05-21 17:21:39,24,23,1,22,95.7,45.0,46.4,3.1,0,1.11,41.89,1.98
R00918,2026-05-21,Thu,BK-02,Maple Heights,D04,V04,motorbike,Clear,2026-05-21 12:32:00,2026-05-21 16:56:43,22,20,2,20,100.0,41.2,43.5,5.6,0,1.16,37.35,2.07
R00919,2026-05-21,Thu,BK-05,Northgate,D05,V05,motorbike,Clear,2026-05-21 07:37:00,2026-05-21 12:41:54,26,26,0,26,100.0,37.1,38.1,2.7,40,1.16,32.74,2.09
R00920,2026-05-21,Thu,BK-03,Old Mill,D06,V06,motorbike,Clear,2026-05-21 07:35:00,2026-05-21 12:05:03,22,22,0,16,72.7,40.2,41.0,2.0,10,1.19,34.48,2.12
R00921,2026-05-21,Thu,BK-03,Old Mill,D07,V07,motorbike,Clear,2026-05-21 07:38:00,2026-05-21 11:50:14,22,21,1,21,100.0,40.2,40.3,0.2,0,1.09,36.86,1.97
R00922,2026-05-21,Thu,BK-04,Riverside,D08,V08,motorbike,Clear,2026-05-21 07:30:00,2026-05-21 12:07:16,23,22,1,21,95.5,64.6,65.0,0.6,44,1.92,33.79,3.47
R00923,2026-05-21,Thu,BK-04,Riverside,D09,V09,motorbike,Clear,2026-05-21 12:40:00,2026-05-21 16:29:57,19,18,1,16,88.9,53.4,53.4,0.0,0,1.37,38.89,2.44
R00924,2026-05-21,Thu,BK-02,Maple Heights,D10,V10,motorbike,Clear,2026-05-21 12:33:00,2026-05-21 17:13:36,24,24,0,24,100.0,45.0,45.9,2.0,16,1.28,35.98,2.28
R00925,2026-05-21,Thu,BK-02,Maple Heights,D11,V11,motorbike,Clear,2026-05-21 07:39:00,2026-05-21 12:02:39,22,21,1,21,100.0,41.2,42.3,2.7,0,1.05,40.22,1.88
R00926,2026-05-21,Thu,BK-04,Riverside,D12,V12,motorbike,Clear,2026-05-21 07:39:00,2026-05-21 12:02:16,22,21,1,21,100.0,61.8,69.0,11.7,0,1.99,34.67,3.56
R00927,2026-05-21,Thu,BK-05,Northgate,D13,V13,motorbike,Clear,2026-05-21 07:37:00,2026-05-21 12:46:12,27,27,0,26,96.3,38.6,39.7,2.8,25,1.12,35.58,2.0
R00928,2026-05-21,Thu,BK-06,Elm Park,D14,V14,motorbike,Clear,2026-05-21 12:34:00,2026-05-21 18:06:12,28,28,0,28,100.0,42.0,43.6,3.8,0,1.17,37.35,2.09
R00929,2026-05-21,Thu,VN-04,Lakeview,D15,V15,van,Clear,2026-05-21 07:40:00,2026-05-21 12:39:32,16,15,1,13,86.7,105.0,110.9,5.6,0,10.22,10.85,16.8
R00930,2026-05-21,Thu,VN-03,Stonebridge,D16,V16,van,Clear,2026-05-21 07:34:00,2026-05-21 14:13:15,22,19,3,17,89.5,118.8,122.7,3.3,0,10.63,11.54,17.32
R00931,2026-05-21,Thu,VN-01,Cedar Point,D17,V17,van,Clear,2026-05-21 07:36:00,2026-05-21 12:42:11,17,17,0,17,100.0,79.7,80.1,0.5,0,7.18,11.16,11.71
R00932,2026-05-21,Thu,VN-03,Stonebridge,D18,V18,van,Clear,2026-05-21 07:34:00,2026-05-21 13:49:49,20,20,0,19,95.0,108.0,113.3,4.9,59,11.27,10.05,18.65
R00933,2026-05-21,Thu,VN-03,Stonebridge,D19,V19,van,Clear,2026-05-21 07:37:00,2026-05-21 14:18:34,22,21,1,19,90.5,118.8,123.4,3.9,6,10.7,11.54,17.66
R00934,2026-05-21,Thu,VN-01,Cedar Point,D20,V20,van,Clear,2026-05-21 07:30:00,2026-05-21 11:58:14,14,14,0,13,92.9,65.6,66.2,0.9,0,5.85,11.31,9.48
R00935,2026-05-21,Thu,TR-03,Granite Hill,D21,V21,truck,Clear,2026-05-21 06:01:00,2026-05-21 16:04:29,12,12,0,10,83.3,252.0,253.2,0.5,90,71.89,3.52,117.76
R00936,2026-05-21,Thu,TR-01,Foundry District,D22,V22,truck,Clear,2026-05-21 06:07:00,2026-05-21 14:37:10,10,10,0,6,60.0,333.8,348.7,4.5,48,104.88,3.32,171.29
R00937,2026-05-21,Thu,TR-02,Westfield,D23,V23,truck,Clear,2026-05-21 06:10:00,2026-05-21 12:21:23,7,6,1,6,100.0,239.8,238.4,-0.6,0,63.57,3.75,104.37
R00938,2026-05-21,Thu,TR-01,Foundry District,D24,V24,truck,Clear,2026-05-21 06:08:00,2026-05-21 13:54:55,9,9,0,9,100.0,300.4,305.7,1.8,35,82.9,3.69,136.43
R00939,2026-05-22,Fri,BK-03,Old Mill,D01,V01,motorbike,Clear,2026-05-22 12:38:00,2026-05-22 16:45:25,21,21,0,21,100.0,38.3,39.2,2.3,14,1.02,38.4,1.81
R00940,2026-05-22,Fri,BK-04,Riverside,D02,V02,motorbike,Clear,2026-05-22 12:34:00,2026-05-22 16:19:12,19,16,3,15,93.8,53.4,54.5,2.1,0,1.55,35.07,2.79
R00941,2026-05-22,Fri,BK-06,Elm Park,D03,V03,motorbike,Clear,2026-05-22 12:36:00,2026-05-22 17:38:07,25,24,1,21,87.5,37.5,38.8,3.5,0,0.93,41.84,1.64
R00942,2026-05-22,Fri,BK-04,Riverside,D04,V04,motorbike,Clear,2026-05-22 12:40:00,2026-05-22 16:14:00,19,19,0,19,100.0,53.4,56.7,6.2,12,1.56,36.33,2.8
R00943,2026-05-22,Fri,BK-04,Riverside,D05,V05,motorbike,Clear,2026-05-22 07:35:00,2026-05-22 11:27:32,20,18,2,18,100.0,56.2,59.2,5.3,27,1.59,37.26,2.86
R00944,2026-05-22,Fri,BK-03,Old Mill,D06,V06,motorbike,Clear,2026-05-22 07:39:00,2026-05-22 11:49:50,21,20,1,20,100.0,38.3,40.0,4.4,17,1.14,35.02,2.02
R00945,2026-05-22,Fri,BK-05,Northgate,D07,V07,motorbike,Clear,2026-05-22 07:33:00,2026-05-22 13:19:24,30,29,1,29,100.0,42.9,44.0,2.6,0,1.19,36.96,2.15
R00946,2026-05-22,Fri,BK-04,Riverside,D08,V08,motorbike,Clear,2026-05-22 07:30:00,2026-05-22 11:15:20,19,17,2,17,100.0,53.4,55.4,3.7,18,1.53,36.25,2.71
R00947,2026-05-22,Fri,BK-05,Northgate,D09,V09,motorbike,Clear,2026-05-22 12:40:00,2026-05-22 18:06:36,27,27,0,19,70.4,38.6,39.3,1.8,21,1.08,36.36,1.94
R00948,2026-05-22,Fri,BK-01,Harbor Row,D10,V10,motorbike,Clear,2026-05-22 12:34:00,2026-05-22 16:55:47,22,21,1,21,100.0,39.8,40.5,1.8,0,1.07,37.76,1.91
R00949,2026-05-22,Fri,BK-06,Elm Park,D11,V11,motorbike,Clear,2026-05-22 07:35:00,2026-05-22 12:28:06,25,24,1,23,95.8,37.5,39.3,4.8,8,1.03,38.06,1.85
R00950,2026-05-22,Fri,BK-01,Harbor Row,D12,V12,motorbike,Clear,2026-05-22 07:36:00,2026-05-22 11:28:05,20,20,0,20,100.0,36.2,40.0,10.5,12,1.24,32.2,2.22
R00951,2026-05-22,Fri,BK-05,Northgate,D13,V13,motorbike,Clear,2026-05-22 07:31:00,2026-05-22 12:43:14,27,25,2,25,100.0,38.6,39.0,1.0,13,1.07,36.54,1.9
R00952,2026-05-22,Fri,BK-02,Maple Heights,D14,V14,motorbike,Clear,2026-05-22 12:34:00,2026-05-22 17:14:16,25,24,1,24,100.0,46.9,48.3,3.0,0,1.21,40.06,2.16
R00953,2026-05-22,Fri,VN-02,Brookfield,D15,V15,van,Clear,2026-05-22 07:35:00,2026-05-22 13:09:40,18,16,2,16,100.0,88.9,91.5,2.9,18,8.61,10.63,14.06
R00954,2026-05-22,Fri,VN-04,Lakeview,D16,V16,van,Clear,2026-05-22 07:35:00,2026-05-22 12:18:57,15,15,0,14,93.3,98.4,98.1,-0.3,24,8.89,11.03,14.52
R00955,2026-05-22,Fri,VN-02,Brookfield,D17,V17,van,Clear,2026-05-22 07:31:00,2026-05-22 12:40:54,17,17,0,17,100.0,84.0,83.8,-0.2,16,7.68,10.92,12.67
R00956,2026-05-22,Fri,VN-04,Lakeview,D19,V19,van,Clear,2026-05-22 07:33:00,2026-05-22 12:05:44,15,14,1,14,100.0,98.4,100.4,2.0,16,9.48,10.59,15.58
R00957,2026-05-22,Fri,VN-02,Brookfield,D20,V20,van,Clear,2026-05-22 07:36:00,2026-05-22 13:21:13,19,18,1,18,100.0,93.9,93.4,-0.5,0,8.29,11.26,13.67
R00958,2026-05-22,Fri,TR-03,Granite Hill,D21,V21,truck,Clear,2026-05-22 06:07:00,2026-05-22 14:38:30,10,7,3,5,71.4,210.0,213.1,1.5,23,58.93,3.62,96.7
R00959,2026-05-22,Fri,TR-03,Granite Hill,D22,V22,truck,Clear,2026-05-22 06:00:00,2026-05-22 13:51:32,9,9,0,6,66.7,189.0,197.2,4.3,25,59.19,3.33,96.56
R00960,2026-05-22,Fri,TR-03,Granite Hill,D23,V23,truck,Clear,2026-05-22 06:10:00,2026-05-22 16:02:03,12,11,1,11,100.0,252.0,262.5,4.2,16,72.12,3.64,119.03
R00961,2026-05-22,Fri,TR-02,Westfield,D24,V24,truck,Clear,2026-05-22 06:01:00,2026-05-22 14:29:16,10,9,1,7,77.8,342.5,347.7,1.5,0,95.1,3.66,156.47
R00962,2026-05-23,Sat,BK-03,Old Mill,D01,V01,motorbike,Clear,2026-05-23 12:38:00,2026-05-23 17:00:29,22,21,1,21,100.0,40.2,41.1,2.2,0,0.98,42.08,1.75
R00963,2026-05-23,Sat,BK-02,Maple Heights,D05,V05,motorbike,Clear,2026-05-23 07:36:00,2026-05-23 12:37:10,26,26,0,26,100.0,48.8,50.9,4.3,10,1.28,39.64,2.3
R00964,2026-05-23,Sat,BK-03,Old Mill,D07,V07,motorbike,Clear,2026-05-23 07:33:00,2026-05-23 12:09:40,23,21,2,18,85.7,42.0,42.5,1.2,23,1.25,34.12,2.23
R00965,2026-05-23,Sat,BK-03,Old Mill,D09,V09,motorbike,Clear,2026-05-23 12:34:00,2026-05-23 17:05:51,23,23,0,21,91.3,42.0,42.7,1.7,31,1.22,34.94,2.19
R00966,2026-05-23,Sat,BK-04,Riverside,D11,V11,motorbike,Clear,2026-05-23 07:32:00,2026-05-23 11:24:00,20,20,0,20,100.0,56.2,59.1,5.2,13,1.52,38.8,2.73
R00967,2026-05-23,Sat,BK-01,Harbor Row,D13,V13,motorbike,Clear,2026-05-23 07:34:00,2026-05-23 11:29:57,20,19,1,19,100.0,36.2,38.0,5.0,7,0.98,38.74,1.76
R00968,2026-05-23,Sat,VN-02,Brookfield,D15,V15,van,Clear,2026-05-23 07:39:00,2026-05-23 12:41:57,16,15,1,13,86.7,79.1,81.9,3.5,16,7.95,10.3,13.17
R00969,2026-05-23,Sat,VN-02,Brookfield,D17,V17,van,Clear,2026-05-23 07:31:00,2026-05-23 13:11:16,19,17,2,17,100.0,93.9,94.3,0.4,7,8.65,10.9,14.05
R00970,2026-05-23,Sat,VN-04,Lakeview,D19,V19,van,Clear,2026-05-23 07:31:00,2026-05-23 12:28:02,16,14,2,14,100.0,105.0,107.5,2.4,23,9.62,11.17,15.83
R00971,2026-05-23,Sat,TR-02,Westfield,D21,V21,truck,Clear,2026-05-23 06:02:00,2026-05-23 11:21:52,6,6,0,6,100.0,205.5,210.4,2.4,91,65.14,3.23,105.84
R00972,2026-05-23,Sat,TR-02,Westfield,D23,V23,truck,Clear,2026-05-23 06:08:00,2026-05-23 11:33:08,6,5,1,5,100.0,205.5,207.4,0.9,0,55.93,3.71,92.91
R00973,2026-05-25,Mon,BK-02,Maple Heights,D01,V01,motorbike,Clear,2026-05-25 12:35:00,2026-05-25 16:58:36,22,20,2,20,100.0,41.2,42.5,3.2,0,0.97,43.94,1.71
R00974,2026-05-25,Mon,BK-06,Elm Park,D02,V02,motorbike,Clear,2026-05-25 12:38:00,2026-05-25 17:55:02,28,27,1,27,100.0,42.0,43.2,2.9,11,1.27,34.12,2.27
R00975,2026-05-25,Mon,BK-05,Northgate,D03,V03,motorbike,Clear,2026-05-25 12:40:00,2026-05-25 18:42:23,30,29,1,23,79.3,42.9,44.8,4.4,16,1.16,38.47,2.06
R00976,2026-05-25,Mon,BK-04,Riverside,D04,V04,motorbike,Clear,2026-05-25 12:33:00,2026-05-25 16:32:19,20,20,0,20,100.0,56.2,57.9,3.0,0,1.51,38.38,2.71
R00977,2026-05-25,Mon,BK-03,Old Mill,D05,V05,motorbike,Clear,2026-05-25 07:30:00,2026-05-25 11:34:40,21,20,1,20,100.0,38.3,39.7,3.7,13,1.03,38.36,1.85
R00978,2026-05-25,Mon,BK-04,Riverside,D06,V06,motorbike,Clear,2026-05-25 07:33:00,2026-05-25 11:35:30,20,20,0,20,100.0,56.2,56.6,0.7,5,1.52,37.27,2.73
R00979,2026-05-25,Mon,BK-02,Maple Heights,D07,V07,motorbike,Clear,2026-05-25 07:31:00,2026-05-25 12:34:00,26,25,1,25,100.0,48.8,50.3,3.1,13,1.4,35.94,2.51
R00980,2026-05-25,Mon,BK-02,Maple Heights,D08,V08,motorbike,Clear,2026-05-25 07:34:00,2026-05-25 12:02:51,23,23,0,22,95.7,43.1,45.2,4.9,11,1.29,35.12,2.3
R00981,2026-05-25,Mon,BK-03,Old Mill,D09,V09,motorbike,Clear,2026-05-25 12:33:00,2026-05-25 16:43:05,21,21,0,21,100.0,38.3,39.4,2.9,10,1.1,35.75,1.99
R00982,2026-05-25,Mon,BK-04,Riverside,D10,V10,motorbike,Clear,2026-05-25 12:40:00,2026-05-25 16:25:23,19,18,1,18,100.0,53.4,55.6,4.1,16,1.59,35.0,2.85
R00983,2026-05-25,Mon,BK-04,Riverside,D11,V11,motorbike,Clear,2026-05-25 07:35:00,2026-05-25 12:08:30,23,22,1,22,100.0,64.6,66.6,3.1,6,1.65,40.36,2.94
R00984,2026-05-25,Mon,BK-01,Harbor Row,D12,V12,motorbike,Clear,2026-05-25 07:37:00,2026-05-25 11:23:28,19,18,1,18,100.0,34.4,37.6,9.3,19,1.19,31.7,2.12
R00985,2026-05-25,Mon,BK-04,Riverside,D13,V13,motorbike,Clear,2026-05-25 07:37:00,2026-05-25 11:28:15,20,20,0,20,100.0,56.2,59.1,5.2,14,1.52,38.94,2.72
R00986,2026-05-25,Mon,BK-02,Maple Heights,D14,V14,motorbike,Clear,2026-05-25 12:36:00,2026-05-25 17:19:57,24,23,1,22,95.7,45.0,46.6,3.6,6,1.25,37.31,2.24
R00987,2026-05-25,Mon,VN-02,Brookfield,D15,V15,van,Clear,2026-05-25 07:37:00,2026-05-25 12:59:45,17,15,2,14,93.3,84.0,87.2,3.8,0,8.0,10.9,13.17
R00988,2026-05-25,Mon,VN-03,Stonebridge,D16,V16,van,Clear,2026-05-25 07:33:00,2026-05-25 14:01:11,21,18,3,17,94.4,113.4,116.6,2.8,0,10.46,11.15,17.13
R00989,2026-05-25,Mon,VN-02,Brookfield,D17,V17,van,Clear,2026-05-25 07:39:00,2026-05-25 13:04:23,18,18,0,18,100.0,88.9,89.2,0.3,0,7.99,11.16,13.11
R00990,2026-05-25,Mon,VN-01,Cedar Point,D18,V18,van,Clear,2026-05-25 07:35:00,2026-05-25 12:01:32,14,14,0,13,92.9,65.6,68.6,4.6,0,6.11,11.22,9.99
R00991,2026-05-25,Mon,VN-02,Brookfield,D19,V19,van,Clear,2026-05-25 07:39:00,2026-05-25 12:55:41,17,16,1,16,100.0,84.0,85.9,2.3,22,7.79,11.03,12.68
R00992,2026-05-25,Mon,VN-02,Brookfield,D20,V20,van,Clear,2026-05-25 07:31:00,2026-05-25 13:01:18,18,18,0,18,100.0,88.9,87.3,-1.8,0,7.7,11.34,12.66
R00993,2026-05-25,Mon,TR-03,Granite Hill,D21,V21,truck,Clear,2026-05-25 06:08:00,2026-05-25 13:49:00,9,8,1,8,100.0,189.0,190.5,0.8,51,57.68,3.3,94.69
R00994,2026-05-25,Mon,TR-03,Granite Hill,D22,V22,truck,Clear,2026-05-25 06:04:00,2026-05-25 15:22:47,11,11,0,9,81.8,231.0,239.7,3.8,0,71.39,3.36,117.6
R00995,2026-05-25,Mon,TR-03,Granite Hill,D23,V23,truck,Clear,2026-05-25 06:09:00,2026-05-25 16:13:19,12,12,0,9,75.0,252.0,259.7,3.1,0,67.49,3.85,111.02
R00996,2026-05-25,Mon,TR-01,Foundry District,D24,V24,truck,Clear,2026-05-25 06:07:00,2026-05-25 11:30:43,6,5,1,5,100.0,200.2,207.7,3.7,43,59.0,3.52,96.39
R00997,2026-05-26,Tue,BK-02,Maple Heights,D01,V01,motorbike,Clear,2026-05-26 12:32:00,2026-05-26 17:19:31,25,25,0,25,100.0,46.9,49.1,4.7,8,1.23,40.07,2.19
R00998,2026-05-26,Tue,BK-05,Northgate,D02,V02,motorbike,Clear,2026-05-26 12:38:00,2026-05-26 18:25:54,30,29,1,29,100.0,42.9,44.7,4.2,0,1.21,37.0,2.16
R00999,2026-05-26,Tue,BK-03,Old Mill,D03,V03,motorbike,Clear,2026-05-26 12:36:00,2026-05-26 16:51:06,21,21,0,20,95.2,38.3,39.6,3.4,11,0.97,40.9,1.73
R01000,2026-05-26,Tue,BK-02,Maple Heights,D04,V04,motorbike,Clear,2026-05-26 12:34:00,2026-05-26 17:26:12,25,23,2,23,100.0,46.9,49.2,4.9,0,1.28,38.56,2.29
R01001,2026-05-26,Tue,BK-03,Old Mill,D05,V05,motorbike,Clear,2026-05-26 07:35:00,2026-05-26 12:22:27,25,25,0,25,100.0,45.7,48.2,5.5,32,1.36,35.5,2.43
R01002,2026-05-26,Tue,BK-02,Maple Heights,D07,V07,motorbike,Clear,2026-05-26 07:38:00,2026-05-26 12:41:11,26,23,3,23,100.0,48.8,49.8,2.0,0,1.32,37.72,2.36
R01003,2026-05-26,Tue,BK-06,Elm Park,D08,V08,motorbike,Clear,2026-05-26 07:30:00,2026-05-26 12:12:52,24,23,1,23,100.0,36.0,38.2,6.1,17,1.08,35.51,1.93
R01004,2026-05-26,Tue,BK-03,Old Mill,D09,V09,motorbike,Clear,2026-05-26 12:38:00,2026-05-26 17:28:56,25,23,2,22,95.7,45.7,45.9,0.4,10,1.23,37.37,2.18
R01005,2026-05-26,Tue,BK-06,Elm Park,D10,V10,motorbike,Clear,2026-05-26 12:31:00,2026-05-26 17:11:10,24,24,0,23,95.8,36.0,38.0,5.6,11,1.05,36.33,1.88
R01006,2026-05-26,Tue,BK-02,Maple Heights,D12,V12,motorbike,Clear,2026-05-26 07:40:00,2026-05-26 12:43:16,26,25,1,23,92.0,48.8,54.4,11.5,18,1.69,32.11,3.03
R01007,2026-05-26,Tue,BK-02,Maple Heights,D13,V13,motorbike,Clear,2026-05-26 07:39:00,2026-05-26 12:13:36,23,22,1,20,90.9,43.1,44.3,2.8,7,1.11,39.76,1.98
R01008,2026-05-26,Tue,BK-03,Old Mill,D14,V14,motorbike,Clear,2026-05-26 12:30:00,2026-05-26 16:42:30,21,20,1,20,100.0,38.3,40.7,6.3,0,1.03,39.38,1.85
R01009,2026-05-26,Tue,VN-02,Brookfield,D15,V15,van,Clear,2026-05-26 07:32:00,2026-05-26 12:22:42,15,15,0,13,86.7,74.1,77.4,4.5,90,8.28,9.35,13.62
R01010,2026-05-26,Tue,VN-03,Stonebridge,D16,V16,van,Clear,2026-05-26 07:36:00,2026-05-26 13:38:46,20,18,2,18,100.0,108.0,110.1,1.9,18,9.6,11.46,15.86
R01011,2026-05-26,Tue,VN-03,Stonebridge,D17,V17,van,Clear,2026-05-26 07:32:00,2026-05-26 13:29:45,20,19,1,19,100.0,108.0,110.6,2.4,24,9.92,11.15,16.11
R01012,2026-05-26,Tue,VN-03,Stonebridge,D18,V18,van,Clear,2026-05-26 07:36:00,2026-05-26 14:20:36,22,20,2,20,100.0,118.8,120.7,1.6,21,11.19,10.78,18.08
R01013,2026-05-26,Tue,VN-03,Stonebridge,D19,V19,van,Clear,2026-05-26 07:31:00,2026-05-26 14:12:48,22,22,0,19,86.4,118.8,123.7,4.1,12,11.36,10.88,18.64
R01014,2026-05-26,Tue,TR-02,Westfield,D21,V21,truck,Clear,2026-05-26 06:00:00,2026-05-26 12:15:36,7,7,0,7,100.0,239.8,242.5,1.1,30,66.52,3.65,107.58
R01015,2026-05-26,Tue,TR-02,Westfield,D22,V22,truck,Clear,2026-05-26 06:06:00,2026-05-26 13:15:13,8,8,0,5,62.5,274.0,283.2,3.4,8,85.48,3.31,139.92
R01016,2026-05-26,Tue,TR-03,Granite Hill,D23,V23,truck,Clear,2026-05-26 06:06:00,2026-05-26 14:33:50,10,9,1,8,88.9,210.0,220.8,5.1,8,62.02,3.56,102.2
R01017,2026-05-26,Tue,TR-03,Granite Hill,D24,V24,truck,Clear,2026-05-26 06:00:00,2026-05-26 16:43:50,13,13,0,11,84.6,273.0,277.0,1.5,0,74.79,3.7,122.72
R01018,2026-05-27,Wed,BK-06,Elm Park,D01,V01,motorbike,Clear,2026-05-27 12:38:00,2026-05-27 17:19:47,24,24,0,22,91.7,36.0,37.5,4.2,24,1.04,36.22,1.85
R01019,2026-05-27,Wed,BK-01,Harbor Row,D02,V02,motorbike,Clear,2026-05-27 12:31:00,2026-05-27 16:56:11,23,21,2,20,95.2,41.6,43.0,3.4,28,1.4,30.82,2.47
R01020,2026-05-27,Wed,BK-05,Northgate,D03,V03,motorbike,Clear,2026-05-27 12:39:00,2026-05-27 18:38:18,30,29,1,26,89.7,42.9,43.9,2.3,11,1.12,39.17,2.01
R01021,2026-05-27,Wed,BK-03,Old Mill,D04,V04,motorbike,Clear,2026-05-27 12:39:00,2026-05-27 17:15:09,24,23,1,23,100.0,43.8,45.2,3.2,26,1.28,35.21,2.29
R01022,2026-05-27,Wed,BK-03,Old Mill,D05,V05,motorbike,Clear,2026-05-27 07:36:00,2026-05-27 12:12:07,24,24,0,24,100.0,43.8,45.3,3.4,30,1.21,37.48,2.16
R01023,2026-05-27,Wed,BK-01,Harbor Row,D06,V06,motorbike,Clear,2026-05-27 07:34:00,2026-05-27 11:37:38,20,20,0,20,100.0,36.2,37.7,4.1,17,1.11,33.89,1.99
R01024,2026-05-27,Wed,BK-04,Riverside,D07,V07,motorbike,Clear,2026-05-27 07:37:00,2026-05-27 11:25:40,20,20,0,20,100.0,56.2,58.0,3.2,0,1.55,37.4,2.75
R01025,2026-05-27,Wed,BK-02,Maple Heights,D08,V08,motorbike,Clear,2026-05-27 07:39:00,2026-05-27 12:14:39,23,22,1,21,95.5,43.1,45.2,4.9,6,1.21,37.28,2.14
R01026,2026-05-27,Wed,BK-04,Riverside,D09,V09,motorbike,Clear,2026-05-27 12:30:00,2026-05-27 16:41:49,21,19,2,18,94.7,59.0,59.9,1.5,24,1.63,36.69,2.9
R01027,2026-05-27,Wed,BK-05,Northgate,D10,V10,motorbike,Clear,2026-05-27 12:30:00,2026-05-27 18:10:49,28,28,0,21,75.0,40.0,41.3,3.2,15,1.13,36.65,2.0
R01028,2026-05-27,Wed,BK-04,Riverside,D11,V11,motorbike,Clear,2026-05-27 07:40:00,2026-05-27 12:00:22,22,21,1,18,85.7,61.8,65.1,5.3,16,1.69,38.48,3.0
R01029,2026-05-27,Wed,BK-03,Old Mill,D12,V12,motorbike,Clear,2026-05-27 07:36:00,2026-05-27 12:36:54,25,24,1,21,87.5,45.7,51.0,11.6,17,1.56,32.74,2.78
R01030,2026-05-27,Wed,BK-01,Harbor Row,D13,V13,motorbike,Clear,2026-05-27 07:39:00,2026-05-27 11:21:56,19,19,0,19,100.0,34.4,35.9,4.4,12,0.94,38.3,1.66
R01031,2026-05-27,Wed,BK-06,Elm Park,D14,V14,motorbike,Clear,2026-05-27 12:36:00,2026-05-27 17:44:49,27,27,0,27,100.0,40.5,42.8,5.7,0,1.13,37.76,2.01
R01032,2026-05-27,Wed,VN-04,Lakeview,D15,V15,van,Clear,2026-05-27 07:39:00,2026-05-27 12:58:08,17,17,0,17,100.0,111.6,117.2,5.0,28,10.88,10.77,17.74
R01033,2026-05-27,Wed,VN-04,Lakeview,D16,V16,van,Clear,2026-05-27 07:30:00,2026-05-27 11:55:27,14,14,0,13,92.9,91.9,92.5,0.7,5,8.44,10.97,13.76
R01034,2026-05-27,Wed,VN-01,Cedar Point,D17,V17,van,Clear,2026-05-27 07:30:00,2026-05-27 11:50:26,14,14,0,14,100.0,65.6,68.2,4.0,12,6.13,11.12,10.08
R01035,2026-05-27,Wed,VN-02,Brookfield,D19,V19,van,Clear,2026-05-27 07:40:00,2026-05-27 13:29:14,19,19,0,19,100.0,93.9,96.6,2.9,26,9.27,10.42,15.24
R01036,2026-05-27,Wed,VN-04,Lakeview,D20,V20,van,Clear,2026-05-27 07:36:00,2026-05-27 12:42:03,16,16,0,15,93.8,105.0,107.9,2.8,0,9.39,11.49,15.41
R01037,2026-05-27,Wed,TR-02,Westfield,D21,V21,truck,Clear,2026-05-27 06:09:00,2026-05-27 13:57:14,9,9,0,8,88.9,308.2,313.4,1.7,18,88.87,3.53,143.95
R01038,2026-05-27,Wed,TR-02,Westfield,D22,V22,truck,Clear,2026-05-27 06:02:00,2026-05-27 12:59:49,8,8,0,8,100.0,274.0,272.3,-0.6,49,85.58,3.18,140.73
R01039,2026-05-27,Wed,TR-02,Westfield,D23,V23,truck,Clear,2026-05-27 06:03:00,2026-05-27 14:27:06,10,9,1,9,100.0,342.5,359.6,5.0,0,97.53,3.69,160.03
R01040,2026-05-27,Wed,TR-01,Foundry District,D24,V24,truck,Clear,2026-05-27 06:03:00,2026-05-27 13:46:07,9,8,1,6,75.0,300.4,315.9,5.2,40,84.91,3.72,139.16
R01041,2026-05-28,Thu,BK-06,Elm Park,D01,V01,motorbike,Clear,2026-05-28 12:33:00,2026-05-28 17:16:32,24,24,0,24,100.0,36.0,37.9,5.3,0,0.91,41.7,1.62
R01042,2026-05-28,Thu,BK-02,Maple Heights,D02,V02,motorbike,Clear,2026-05-28 12:33:00,2026-05-28 17:24:15,25,25,0,25,100.0,46.9,49.0,4.5,33,1.59,30.73,2.86
R01043,2026-05-28,Thu,BK-03,Old Mill,D03,V03,motorbike,Clear,2026-05-28 12:33:00,2026-05-28 17:22:57,24,24,0,21,87.5,43.8,44.5,1.6,9,1.08,41.34,1.9
R01044,2026-05-28,Thu,BK-03,Old Mill,D04,V04,motorbike,Clear,2026-05-28 12:40:00,2026-05-28 17:21:21,24,23,1,23,100.0,43.8,46.4,5.9,0,1.22,37.99,2.17
R01045,2026-05-28,Thu,BK-03,Old Mill,D05,V05,motorbike,Clear,2026-05-28 07:35:00,2026-05-28 11:54:23,23,20,3,20,100.0,42.0,42.7,1.7,0,1.06,40.42,1.9
R01046,2026-05-28,Thu,BK-06,Elm Park,D06,V06,motorbike,Clear,2026-05-28 07:34:00,2026-05-28 12:40:47,26,24,2,24,100.0,39.0,38.6,-1.0,11,1.12,34.57,1.99
R01047,2026-05-28,Thu,BK-03,Old Mill,D07,V07,motorbike,Clear,2026-05-28 07:31:00,2026-05-28 12:11:46,24,24,0,24,100.0,43.8,45.0,2.7,30,1.35,33.32,2.42
R01048,2026-05-28,Thu,BK-02,Maple Heights,D08,V08,motorbike,Clear,2026-05-28 07:37:00,2026-05-28 12:19:50,24,23,1,23,100.0,45.0,47.0,4.4,24,1.4,33.51,2.54
R01049,2026-05-28,Thu,BK-03,Old Mill,D09,V09,motorbike,Clear,2026-05-28 12:35:00,2026-05-28 16:56:55,21,21,0,18,85.7,38.3,38.7,1.0,14,1.08,35.97,1.91
R01050,2026-05-28,Thu,BK-04,Riverside,D10,V10,motorbike,Clear,2026-05-28 12:31:00,2026-05-28 16:18:51,19,19,0,19,100.0,53.4,54.1,1.3,13,1.51,35.91,2.7
R01051,2026-05-28,Thu,BK-01,Harbor Row,D11,V11,motorbike,Clear,2026-05-28 07:37:00,2026-05-28 11:32:39,20,20,0,20,100.0,36.2,37.9,4.7,14,1.01,37.68,1.8
R01052,2026-05-28,Thu,BK-04,Riverside,D12,V12,motorbike,Clear,2026-05-28 07:37:00,2026-05-28 11:45:03,21,21,0,21,100.0,59.0,65.9,11.7,0,1.94,34.04,3.42
R01053,2026-05-28,Thu,BK-04,Riverside,D13,V13,motorbike,Clear,2026-05-28 07:30:00,2026-05-28 12:00:26,23,22,1,22,100.0,64.6,64.6,0.0,38,1.83,35.39,3.26
R01054,2026-05-28,Thu,BK-05,Northgate,D14,V14,motorbike,Clear,2026-05-28 12:37:00,2026-05-28 18:07:09,28,24,4,22,91.7,40.0,41.1,2.8,6,1.07,38.49,1.9
R01055,2026-05-28,Thu,VN-01,Cedar Point,D15,V15,van,Clear,2026-05-28 07:37:00,2026-05-28 13:17:13,18,17,1,15,88.2,84.4,88.5,4.9,26,8.2,10.8,13.42
R01056,2026-05-28,Thu,VN-01,Cedar Point,D16,V16,van,Clear,2026-05-28 07:34:00,2026-05-28 12:53:15,18,18,0,18,100.0,84.4,84.2,-0.2,0,7.55,11.15,12.52
R01057,2026-05-28,Thu,VN-03,Stonebridge,D17,V17,van,Clear,2026-05-28 07:34:00,2026-05-28 13:13:50,19,19,0,19,100.0,102.6,104.5,1.9,30,9.62,10.86,15.71
R01058,2026-05-28,Thu,VN-03,Stonebridge,D18,V18,van,Clear,2026-05-28 07:38:00,2026-05-28 13:56:27,21,20,1,20,100.0,113.4,118.3,4.3,10,10.71,11.05,17.51
R01059,2026-05-28,Thu,VN-03,Stonebridge,D19,V19,van,Clear,2026-05-28 07:39:00,2026-05-28 13:42:37,20,19,1,18,94.7,108.0,111.1,2.9,32,10.2,10.9,16.56
R01060,2026-05-28,Thu,VN-04,Lakeview,D20,V20,van,Clear,2026-05-28 07:34:00,2026-05-28 12:01:59,14,14,0,14,100.0,91.9,93.3,1.5,7,8.44,11.06,13.64
R01061,2026-05-28,Thu,TR-01,Foundry District,D21,V21,truck,Clear,2026-05-28 06:00:00,2026-05-28 14:32:24,10,9,1,9,100.0,333.8,346.3,3.7,69,102.47,3.38,168.03
R01062,2026-05-28,Thu,TR-01,Foundry District,D22,V22,truck,Clear,2026-05-28 06:00:00,2026-05-28 11:26:22,6,5,1,4,80.0,200.2,202.3,1.0,27,61.4,3.29,100.05
R01063,2026-05-28,Thu,TR-02,Westfield,D23,V23,truck,Clear,2026-05-28 06:02:00,2026-05-28 13:46:32,9,7,2,5,71.4,308.2,322.1,4.5,55,88.97,3.62,144.71
R01064,2026-05-28,Thu,TR-02,Westfield,D24,V24,truck,Clear,2026-05-28 06:06:00,2026-05-28 11:29:00,6,6,0,6,100.0,205.5,211.5,2.9,10,61.06,3.46,100.48
R01065,2026-05-29,Fri,BK-06,Elm Park,D01,V01,motorbike,Clear,2026-05-29 12:33:00,2026-05-29 17:31:19,25,23,2,22,95.7,37.5,39.5,5.3,8,0.99,39.9,1.76
R01066,2026-05-29,Fri,BK-03,Old Mill,D02,V02,motorbike,Clear,2026-05-29 12:33:00,2026-05-29 17:04:37,22,20,2,20,100.0,40.2,41.0,2.0,0,1.16,35.45,2.08
R01067,2026-05-29,Fri,BK-02,Maple Heights,D03,V03,motorbike,Clear,2026-05-29 12:35:00,2026-05-29 17:08:45,23,23,0,22,95.7,43.1,43.8,1.6,30,1.22,36.0,2.16
R01068,2026-05-29,Fri,BK-05,Northgate,D04,V04,motorbike,Clear,2026-05-29 12:33:00,2026-05-29 18:11:36,29,28,1,28,100.0,41.4,43.1,4.1,0,1.11,38.74,1.98
R01069,2026-05-29,Fri,BK-02,Maple Heights,D06,V06,motorbike,Clear,2026-05-29 07:35:00,2026-05-29 12:25:18,25,24,1,24,100.0,46.9,48.4,3.2,26,1.48,32.76,2.62
R01070,2026-05-29,Fri,BK-04,Riverside,D07,V07,motorbike,Clear,2026-05-29 07:32:00,2026-05-29 11:31:36,20,19,1,17,89.5,56.2,57.9,3.0,11,1.65,35.13,2.95
R01071,2026-05-29,Fri,BK-02,Maple Heights,D08,V08,motorbike,Clear,2026-05-29 07:32:00,2026-05-29 11:51:54,23,23,0,23,100.0,43.1,45.5,5.6,0,1.24,36.8,2.17
R01072,2026-05-29,Fri,BK-02,Maple Heights,D09,V09,motorbike,Clear,2026-05-29 12:30:00,2026-05-29 16:52:13,22,22,0,20,90.9,41.2,42.2,2.4,20,1.2,35.27,2.14
R01073,2026-05-29,Fri,BK-03,Old Mill,D10,V10,motorbike,Clear,2026-05-29 12:39:00,2026-05-29 17:32:59,25,22,3,22,100.0,45.7,46.7,2.2,33,1.4,33.38,2.48
R01074,2026-05-29,Fri,BK-05,Northgate,D11,V11,motorbike,Clear,2026-05-29 07:30:00,2026-05-29 13:11:08,29,29,0,25,86.2,41.4,42.8,3.4,12,1.08,39.48,1.93
R01075,2026-05-29,Fri,BK-04,Riverside,D12,V12,motorbike,Clear,2026-05-29 07:34:00,2026-05-29 11:28:42,20,20,0,20,100.0,56.2,61.0,8.5,12,1.83,33.36,3.24
R01076,2026-05-29,Fri,BK-02,Maple Heights,D13,V13,motorbike,Clear,2026-05-29 07:39:00,2026-05-29 12:31:50,26,26,0,26,100.0,48.8,49.7,1.8,0,1.26,39.33,2.25
R01077,2026-05-29,Fri,BK-04,Riverside,D14,V14,motorbike,Clear,2026-05-29 12:31:00,2026-05-29 16:40:12,21,20,1,20,100.0,59.0,62.0,5.1,0,1.67,37.15,2.98
R01078,2026-05-29,Fri,VN-02,Brookfield,D15,V15,van,Clear,2026-05-29 07:37:00,2026-05-29 13:04:26,18,16,2,16,100.0,88.9,93.6,5.3,7,8.58,10.9,13.99
R01079,2026-05-29,Fri,VN-04,Lakeview,D16,V16,van,Clear,2026-05-29 07:33:00,2026-05-29 12:17:25,15,14,1,11,78.6,98.4,98.7,0.3,0,8.49,11.62,13.97
R01080,2026-05-29,Fri,VN-03,Stonebridge,D17,V17,van,Clear,2026-05-29 07:30:00,2026-05-29 13:46:10,21,20,1,18,90.0,113.4,113.6,0.2,8,10.14,11.21,16.64
R01081,2026-05-29,Fri,VN-01,Cedar Point,D18,V18,van,Clear,2026-05-29 07:40:00,2026-05-29 12:14:22,15,14,1,14,100.0,70.3,70.3,0.0,0,6.54,10.74,10.72
R01082,2026-05-29,Fri,VN-01,Cedar Point,D19,V19,van,Clear,2026-05-29 07:37:00,2026-05-29 13:01:05,18,17,1,17,100.0,84.4,87.7,3.9,16,8.04,10.91,13.03
R01083,2026-05-29,Fri,VN-04,Lakeview,D20,V20,van,Clear,2026-05-29 07:39:00,2026-05-29 12:30:16,16,16,0,16,100.0,105.0,107.0,1.9,20,10.01,10.69,16.19
R01084,2026-05-29,Fri,TR-02,Westfield,D21,V21,truck,Clear,2026-05-29 06:07:00,2026-05-29 14:35:56,10,9,1,8,88.9,342.5,349.4,2.0,103,102.94,3.39,166.86
R01085,2026-05-29,Fri,TR-01,Foundry District,D22,V22,truck,Clear,2026-05-29 06:02:00,2026-05-29 12:14:02,7,7,0,6,85.7,233.6,240.3,2.9,19,71.26,3.37,116.67
R01086,2026-05-29,Fri,TR-03,Granite Hill,D23,V23,truck,Clear,2026-05-29 06:04:00,2026-05-29 15:22:45,11,11,0,11,100.0,231.0,233.8,1.2,51,62.9,3.72,102.79
R01087,2026-05-29,Fri,TR-03,Granite Hill,D24,V24,truck,Clear,2026-05-29 06:06:00,2026-05-29 14:35:29,10,10,0,8,80.0,210.0,213.5,1.7,0,58.51,3.65,95.56
R01088,2026-05-30,Sat,BK-06,Elm Park,D01,V01,motorbike,Clear,2026-05-30 12:39:00,2026-05-30 17:24:11,24,24,0,23,95.8,36.0,37.7,4.7,12,0.94,40.03,1.68
R01089,2026-05-30,Sat,BK-02,Maple Heights,D03,V03,motorbike,Clear,2026-05-30 12:36:00,2026-05-30 17:09:27,23,22,1,22,100.0,43.1,45.0,4.4,13,1.2,37.51,2.14
R01090,2026-05-30,Sat,BK-01,Harbor Row,D05,V05,motorbike,Clear,2026-05-30 07:36:00,2026-05-30 11:31:42,20,20,0,20,100.0,36.2,37.7,4.1,26,1.07,35.31,1.9
R01091,2026-05-30,Sat,BK-01,Harbor Row,D07,V07,motorbike,Clear,2026-05-30 07:39:00,2026-05-30 11:24:55,19,19,0,19,100.0,34.4,35.6,3.5,11,1.01,35.08,1.82
R01092,2026-05-30,Sat,BK-05,Northgate,D09,V09,motorbike,Clear,2026-05-30 12:32:00,2026-05-30 17:43:00,26,26,0,20,76.9,37.1,37.8,1.9,0,0.99,37.99,1.78
R01093,2026-05-30,Sat,BK-04,Riverside,D11,V11,motorbike,Clear,2026-05-30 07:37:00,2026-05-30 12:08:31,23,23,0,22,95.7,64.6,66.6,3.1,0,1.63,40.8,2.89
R01094,2026-05-30,Sat,BK-03,Old Mill,D13,V13,motorbike,Clear,2026-05-30 07:30:00,2026-05-30 11:55:20,23,23,0,23,100.0,42.0,43.4,3.3,29,1.24,34.9,2.21
R01095,2026-05-30,Sat,VN-03,Stonebridge,D15,V15,van,Clear,2026-05-30 07:36:00,2026-05-30 14:03:49,21,20,1,14,70.0,113.4,115.8,2.1,22,10.55,10.98,17.3
R01096,2026-05-30,Sat,VN-04,Lakeview,D17,V17,van,Clear,2026-05-30 07:35:00,2026-05-30 11:58:26,14,14,0,14,100.0,91.9,92.2,0.3,0,7.93,11.63,12.94
R01097,2026-05-30,Sat,VN-02,Brookfield,D19,V19,van,Clear,2026-05-30 07:34:00,2026-05-30 13:01:43,18,18,0,17,94.4,88.9,91.1,2.5,0,7.79,11.7,12.77
R01098,2026-05-30,Sat,TR-01,Foundry District,D23,V23,truck,Clear,2026-05-30 06:02:00,2026-05-30 12:17:50,7,7,0,7,100.0,233.6,242.4,3.8,0,64.38,3.76,105.16
R01099,2026-06-01,Mon,BK-03,Old Mill,D01,V01,motorbike,Clear,2026-06-01 12:31:00,2026-06-01 17:18:08,25,23,2,20,87.0,45.7,47.7,4.4,10,1.2,39.69,2.13
R01100,2026-06-01,Mon,BK-03,Old Mill,D02,V02,motorbike,Clear,2026-06-01 12:31:00,2026-06-01 17:04:34,23,21,2,21,100.0,42.0,42.9,2.1,10,1.27,33.8,2.24
R01101,2026-06-01,Mon,BK-06,Elm Park,D03,V03,motorbike,Clear,2026-06-01 12:30:00,2026-06-01 17:16:01,24,24,0,20,83.3,36.0,37.2,3.3,9,0.95,39.35,1.68
R01102,2026-06-01,Mon,BK-06,Elm Park,D04,V04,motorbike,Clear,2026-06-01 12:40:00,2026-06-01 17:44:26,26,25,1,25,100.0,39.0,40.5,3.8,22,1.19,33.99,2.12
R01103,2026-06-01,Mon,BK-04,Riverside,D05,V05,motorbike,Clear,2026-06-01 07:31:00,2026-06-01 11:55:16,23,23,0,23,100.0,64.6,67.1,3.9,53,1.97,34.06,3.5
R01104,2026-06-01,Mon,BK-05,Northgate,D06,V06,motorbike,Clear,2026-06-01 07:33:00,2026-06-01 12:46:05,27,27,0,27,100.0,38.6,38.5,-0.3,11,1.13,33.96,2.0
R01105,2026-06-01,Mon,BK-04,Riverside,D07,V07,motorbike,Clear,2026-06-01 07:32:00,2026-06-01 11:52:09,22,22,0,20,90.9,61.8,63.0,1.9,40,1.78,35.41,3.18
R01106,2026-06-01,Mon,BK-05,Northgate,D08,V08,motorbike,Clear,2026-06-01 07:31:00,2026-06-01 13:16:09,29,29,0,26,89.7,41.4,42.9,3.6,14,1.22,35.28,2.16
R01107,2026-06-01,Mon,BK-03,Old Mill,D09,V09,motorbike,Clear,2026-06-01 12:32:00,2026-06-01 17:25:22,25,24,1,24,100.0,45.7,46.5,1.8,17,1.34,34.59,2.4
R01108,2026-06-01,Mon,BK-01,Harbor Row,D10,V10,motorbike,Clear,2026-06-01 12:31:00,2026-06-01 16:27:00,21,19,2,19,100.0,38.0,38.7,1.8,9,1.07,36.24,1.89
R01109,2026-06-01,Mon,BK-01,Harbor Row,D11,V11,motorbike,Clear,2026-06-01 07:33:00,2026-06-01 12:14:24,23,22,1,22,100.0,41.6,43.6,4.8,0,1.08,40.49,1.92
R01110,2026-06-01,Mon,BK-01,Harbor Row,D12,V12,motorbike,Clear,2026-06-01 07:37:00,2026-06-01 11:55:18,22,21,1,21,100.0,39.8,44.2,11.1,16,1.44,30.64,2.57
R01111,2026-06-01,Mon,BK-04,Riverside,D13,V13,motorbike,Clear,2026-06-01 07:38:00,2026-06-01 11:45:00,22,21,1,21,100.0,61.8,63.3,2.4,0,1.6,39.48,2.84
R01112,2026-06-01,Mon,BK-06,Elm Park,D14,V14,motorbike,Clear,2026-06-01 12:39:00,2026-06-01 17:49:50,27,26,1,26,100.0,40.5,42.4,4.7,9,1.17,36.24,2.07
R01113,2026-06-01,Mon,VN-02,Brookfield,D15,V15,van,Clear,2026-06-01 07:31:00,2026-06-01 12:14:04,15,15,0,14,93.3,74.1,76.7,3.5,11,7.08,10.83,11.48
R01114,2026-06-01,Mon,VN-03,Stonebridge,D16,V16,van,Clear,2026-06-01 07:35:00,2026-06-01 13:02:36,18,18,0,18,100.0,97.2,99.8,2.7,26,8.98,11.12,14.49
R01115,2026-06-01,Mon,VN-03,Stonebridge,D17,V17,van,Clear,2026-06-01 07:31:00,2026-06-01 13:20:32,19,18,1,16,88.9,102.6,104.8,2.1,0,9.42,11.12,15.28
R01116,2026-06-01,Mon,VN-02,Brookfield,D18,V18,van,Clear,2026-06-01 07:40:00,2026-06-01 12:21:00,15,14,1,13,92.9,74.1,76.3,3.0,36,7.82,9.76,12.79
R01117,2026-06-01,Mon,VN-01,Cedar Point,D19,V19,van,Clear,2026-06-01 07:31:00,2026-06-01 11:54:40,14,14,0,14,100.0,65.6,69.2,5.5,0,5.98,11.58,9.8
R01118,2026-06-01,Mon,VN-04,Lakeview,D20,V20,van,Clear,2026-06-01 07:36:00,2026-06-01 12:55:02,17,16,1,14,87.5,111.6,115.4,3.4,11,10.4,11.1,17.11
R01119,2026-06-01,Mon,TR-02,Westfield,D21,V21,truck,Clear,2026-06-01 06:04:00,2026-06-01 13:49:07,9,9,0,8,88.9,308.2,319.7,3.7,77,92.91,3.44,152.11
R01120,2026-06-01,Mon,TR-02,Westfield,D22,V22,truck,Clear,2026-06-01 06:07:00,2026-06-01 12:23:22,7,6,1,5,83.3,239.8,248.9,3.8,37,75.53,3.3,123.59
R01121,2026-06-01,Mon,TR-01,Foundry District,D23,V23,truck,Clear,2026-06-01 06:05:00,2026-06-01 11:33:52,6,5,1,5,100.0,200.2,204.4,2.1,63,55.25,3.7,89.93
R01122,2026-06-01,Mon,TR-02,Westfield,D24,V24,truck,Clear,2026-06-01 06:04:00,2026-06-01 13:47:09,9,8,1,7,87.5,308.2,315.2,2.3,18,88.17,3.57,144.1
R01123,2026-06-02,Tue,BK-01,Harbor Row,D01,V01,motorbike,Clear,2026-06-02 12:30:00,2026-06-02 16:44:08,21,20,1,20,100.0,38.0,39.9,5.0,0,0.95,42.18,1.68
R01124,2026-06-02,Tue,BK-02,Maple Heights,D02,V02,motorbike,Clear,2026-06-02 12:32:00,2026-06-02 17:34:57,26,25,1,25,100.0,48.8,49.4,1.2,0,1.39,35.65,2.45
R01125,2026-06-02,Tue,BK-02,Maple Heights,D03,V03,motorbike,Clear,2026-06-02 12:38:00,2026-06-02 17:08:15,22,21,1,17,81.0,41.2,42.5,3.2,12,1.14,37.13,2.03
R01126,2026-06-02,Tue,BK-03,Old Mill,D04,V04,motorbike,Clear,2026-06-02 12:35:00,2026-06-02 17:13:12,23,23,0,19,82.6,42.0,44.5,6.0,30,1.34,33.23,2.38
R01127,2026-06-02,Tue,BK-03,Old Mill,D05,V05,motorbike,Clear,2026-06-02 07:36:00,2026-06-02 12:20:38,25,23,2,23,100.0,45.7,47.2,3.3,28,1.35,34.85,2.43
R01128,2026-06-02,Tue,BK-04,Riverside,D06,V06,motorbike,Clear,2026-06-02 07:33:00,2026-06-02 11:21:04,19,19,0,18,94.7,53.4,55.1,3.2,13,1.57,34.99,2.79
R01129,2026-06-02,Tue,BK-06,Elm Park,D07,V07,motorbike,Clear,2026-06-02 07:31:00,2026-06-02 12:20:14,24,24,0,22,91.7,36.0,36.8,2.2,46,1.21,30.49,2.14
R01130,2026-06-02,Tue,BK-02,Maple Heights,D08,V08,motorbike,Clear,2026-06-02 07:32:00,2026-06-02 12:37:31,26,26,0,26,100.0,48.8,50.9,4.3,7,1.39,36.7,2.48
R01131,2026-06-02,Tue,BK-06,Elm Park,D09,V09,motorbike,Clear,2026-06-02 12:30:00,2026-06-02 17:11:36,24,23,1,22,95.7,36.0,36.7,1.9,0,0.95,38.6,1.68
R01132,2026-06-02,Tue,BK-05,Northgate,D10,V10,motorbike,Clear,2026-06-02 12:33:00,2026-06-02 18:20:25,29,28,1,23,82.1,41.4,43.2,4.3,12,1.2,35.85,2.13
R01133,2026-06-02,Tue,BK-06,Elm Park,D11,V11,motorbike,Clear,2026-06-02 07:37:00,2026-06-02 12:30:24,25,24,1,24,100.0,37.5,39.2,4.5,0,0.97,40.33,1.7
R01134,2026-06-02,Tue,BK-06,Elm Park,D12,V12,motorbike,Clear,2026-06-02 07:31:00,2026-06-02 12:58:35,28,28,0,27,96.4,42.0,46.7,11.2,25,1.5,31.07,2.65
R01135,2026-06-02,Tue,BK-01,Harbor Row,D13,V13,motorbike,Clear,2026-06-02 07:32:00,2026-06-02 11:53:43,22,22,0,22,100.0,39.8,41.6,4.5,25,1.16,35.96,2.07
R01136,2026-06-02,Tue,BK-02,Maple Heights,D14,V14,motorbike,Clear,2026-06-02 12:34:00,2026-06-02 17:17:49,24,22,2,20,90.9,45.0,47.5,5.6,0,1.25,37.99,2.21
R01137,2026-06-02,Tue,VN-04,Lakeview,D15,V15,van,Clear,2026-06-02 07:34:00,2026-06-02 12:04:38,14,14,0,13,92.9,91.9,94.3,2.6,9,8.9,10.6,14.64
R01138,2026-06-02,Tue,VN-02,Brookfield,D16,V16,van,Clear,2026-06-02 07:31:00,2026-06-02 12:06:36,15,13,2,13,100.0,74.1,74.7,0.8,0,6.69,11.16,11.04
R01139,2026-06-02,Tue,VN-01,Cedar Point,D17,V17,van,Clear,2026-06-02 07:33:00,2026-06-02 12:27:23,16,16,0,16,100.0,75.0,75.0,0.0,37,7.02,10.68,11.49
R01140,2026-06-02,Tue,VN-02,Brookfield,D18,V18,van,Clear,2026-06-02 07:36:00,2026-06-02 12:29:04,16,16,0,16,100.0,79.1,81.4,2.9,25,7.62,10.68,12.43
R01141,2026-06-02,Tue,VN-03,Stonebridge,D19,V19,van,Clear,2026-06-02 07:38:00,2026-06-02 13:10:31,18,17,1,16,94.1,97.2,99.3,2.2,0,8.6,11.55,14.09
R01142,2026-06-02,Tue,VN-01,Cedar Point,D20,V20,van,Clear,2026-06-02 07:32:00,2026-06-02 12:12:15,15,15,0,15,100.0,70.3,72.6,3.3,0,6.37,11.41,10.36
R01143,2026-06-02,Tue,TR-03,Granite Hill,D21,V21,truck,Clear,2026-06-02 06:10:00,2026-06-02 16:58:32,13,13,0,9,69.2,273.0,279.6,2.4,0,77.97,3.59,127.26
R01144,2026-06-02,Tue,TR-03,Granite Hill,D22,V22,truck,Clear,2026-06-02 06:06:00,2026-06-02 15:23:17,11,11,0,9,81.8,231.0,234.6,1.6,67,72.23,3.25,117.26
R01145,2026-06-02,Tue,TR-01,Foundry District,D23,V23,truck,Clear,2026-06-02 06:00:00,2026-06-02 13:51:11,9,8,1,7,87.5,300.4,314.9,4.8,34,86.5,3.64,139.98
R01146,2026-06-02,Tue,TR-01,Foundry District,D24,V24,truck,Clear,2026-06-02 06:06:00,2026-06-02 13:07:55,8,8,0,8,100.0,267.0,276.8,3.7,32,75.49,3.67,122.32
R01147,2026-06-03,Wed,BK-04,Riverside,D01,V01,motorbike,Clear,2026-06-03 12:34:00,2026-06-03 17:08:42,23,21,2,20,95.2,64.6,68.1,5.4,22,1.67,40.68,2.99
R01148,2026-06-03,Wed,BK-02,Maple Heights,D02,V02,motorbike,Clear,2026-06-03 12:36:00,2026-06-03 17:43:05,26,26,0,25,96.2,48.8,48.4,-0.8,35,1.56,31.1,2.76
R01149,2026-06-03,Wed,BK-06,Elm Park,D03,V03,motorbike,Clear,2026-06-03 12:34:00,2026-06-03 17:32:49,25,22,3,17,77.3,37.5,38.9,3.7,0,0.9,43.34,1.57
R01150,2026-06-03,Wed,BK-02,Maple Heights,D04,V04,motorbike,Clear,2026-06-03 12:34:00,2026-06-03 16:53:47,22,21,1,21,100.0,41.2,43.5,5.6,13,1.22,35.59,2.17
R01151,2026-06-03,Wed,BK-06,Elm Park,D05,V05,motorbike,Clear,2026-06-03 07:31:00,2026-06-03 12:48:23,28,25,3,25,100.0,42.0,42.3,0.7,24,1.19,35.62,2.12
R01152,2026-06-03,Wed,BK-03,Old Mill,D06,V06,motorbike,Clear,2026-06-03 07:40:00,2026-06-03 12:17:03,23,23,0,21,91.3,42.0,42.3,0.7,29,1.28,33.11,2.25
R01153,2026-06-03,Wed,BK-06,Elm Park,D07,V07,motorbike,Clear,2026-06-03 07:33:00,2026-06-03 13:01:17,28,27,1,25,92.6,42.0,44.4,5.7,0,1.18,37.48,2.11
R01154,2026-06-03,Wed,BK-01,Harbor Row,D08,V08,motorbike,Clear,2026-06-03 07:32:00,2026-06-03 11:43:41,21,19,2,18,94.7,38.0,39.6,4.2,45,1.22,32.33,2.17
R01155,2026-06-03,Wed,BK-01,Harbor Row,D09,V09,motorbike,Clear,2026-06-03 12:32:00,2026-06-03 16:54:11,21,18,3,12,66.7,38.0,38.9,2.4,12,1.05,37.11,1.86
R01156,2026-06-03,Wed,BK-04,Riverside,D10,V10,motorbike,Clear,2026-06-03 12:33:00,2026-06-03 16:53:14,22,22,0,20,90.9,61.8,61.1,-1.1,15,1.65,36.94,2.94
R01157,2026-06-03,Wed,BK-03,Old Mill,D11,V11,motorbike,Clear,2026-06-03 07:36:00,2026-06-03 12:26:28,25,24,1,23,95.8,45.7,47.6,4.2,10,1.21,39.2,2.14
R01158,2026-06-03,Wed,BK-01,Harbor Row,D12,V12,motorbike,Clear,2026-06-03 07:33:00,2026-06-03 11:20:53,19,19,0,19,100.0,34.4,37.6,9.3,19,1.15,32.62,2.02
R01159,2026-06-03,Wed,BK-01,Harbor Row,D13,V13,motorbike,Clear,2026-06-03 07:35:00,2026-06-03 11:34:06,20,20,0,20,100.0,36.2,37.2,2.8,35,1.07,34.62,1.9
R01160,2026-06-03,Wed,BK-01,Harbor Row,D14,V14,motorbike,Clear,2026-06-03 12:32:00,2026-06-03 16:19:41,19,18,1,16,88.9,34.4,36.4,5.8,0,0.96,37.88,1.7
R01161,2026-06-03,Wed,VN-04,Lakeview,D15,V15,van,Clear,2026-06-03 07:36:00,2026-06-03 12:39:10,16,15,1,13,86.7,105.0,111.4,6.1,17,9.96,11.19,16.31
R01162,2026-06-03,Wed,VN-03,Stonebridge,D16,V16,van,Clear,2026-06-03 07:31:00,2026-06-03 13:21:14,19,18,1,18,100.0,102.6,104.5,1.9,8,9.32,11.22,15.08
R01163,2026-06-03,Wed,VN-02,Brookfield,D17,V17,van,Clear,2026-06-03 07:38:00,2026-06-03 12:09:57,15,13,2,13,100.0,74.1,73.3,-1.1,17,6.89,10.64,11.21
R01164,2026-06-03,Wed,VN-04,Lakeview,D18,V18,van,Clear,2026-06-03 07:32:00,2026-06-03 12:27:36,16,15,1,14,93.3,105.0,109.6,4.4,0,9.89,11.08,16.15
R01165,2026-06-03,Wed,VN-03,Stonebridge,D19,V19,van,Clear,2026-06-03 07:35:00,2026-06-03 13:43:19,20,20,0,20,100.0,108.0,111.2,3.0,17,10.03,11.08,16.27
R01166,2026-06-03,Wed,VN-02,Brookfield,D20,V20,van,Clear,2026-06-03 07:37:00,2026-06-03 13:25:58,19,16,3,16,100.0,93.9,98.4,4.8,0,8.31,11.84,13.46
R01167,2026-06-03,Wed,TR-03,Granite Hill,D22,V22,truck,Clear,2026-06-03 06:00:00,2026-06-03 13:43:10,9,9,0,8,88.9,189.0,194.6,3.0,42,58.38,3.33,94.51
R01168,2026-06-03,Wed,TR-03,Granite Hill,D23,V23,truck,Clear,2026-06-03 06:02:00,2026-06-03 13:47:13,9,9,0,9,100.0,189.0,193.5,2.4,0,49.1,3.94,80.19
R01169,2026-06-03,Wed,TR-02,Westfield,D24,V24,truck,Clear,2026-06-03 06:10:00,2026-06-03 14:35:45,10,10,0,9,90.0,342.5,350.6,2.4,0,93.53,3.75,151.51
R01170,2026-06-04,Thu,BK-04,Riverside,D01,V01,motorbike,Clear,2026-06-04 12:34:00,2026-06-04 16:29:36,20,20,0,20,100.0,56.2,59.3,5.5,0,1.42,41.64,2.52
R01171,2026-06-04,Thu,BK-06,Elm Park,D02,V02,motorbike,Clear,2026-06-04 12:40:00,2026-06-04 18:03:45,27,26,1,23,88.5,40.5,43.0,6.2,16,1.29,33.39,2.26
R01172,2026-06-04,Thu,BK-01,Harbor Row,D03,V03,motorbike,Clear,2026-06-04 12:31:00,2026-06-04 16:39:44,20,18,2,17,94.4,36.2,37.2,2.8,0,0.92,40.41,1.63
R01173,2026-06-04,Thu,BK-05,Northgate,D04,V04,motorbike,Clear,2026-06-04 12:32:00,2026-06-04 17:43:32,27,24,3,24,100.0,38.6,40.7,5.4,17,1.15,35.41,2.03
R01174,2026-06-04,Thu,BK-01,Harbor Row,D05,V05,motorbike,Clear,2026-06-04 07:35:00,2026-06-04 11:42:40,21,21,0,21,100.0,38.0,38.9,2.4,0,0.94,41.45,1.65
R01175,2026-06-04,Thu,BK-01,Harbor Row,D06,V06,motorbike,Clear,2026-06-04 07:37:00,2026-06-04 11:45:55,21,20,1,20,100.0,38.0,38.5,1.3,15,1.14,33.79,2.02
R01176,2026-06-04,Thu,BK-03,Old Mill,D07,V07,motorbike,Clear,2026-06-04 07:35:00,2026-06-04 12:11:58,24,24,0,24,100.0,43.8,46.4,5.9,0,1.25,37.09,2.23
R01177,2026-06-04,Thu,BK-03,Old Mill,D08,V08,motorbike,Clear,2026-06-04 07:32:00,2026-06-04 12:04:36,23,21,2,21,100.0,42.0,43.6,3.8,5,1.15,37.79,2.05
R01178,2026-06-04,Thu,BK-03,Old Mill,D09,V09,motorbike,Clear,2026-06-04 12:40:00,2026-06-04 16:52:27,21,19,2,19,100.0,38.3,39.1,2.1,16,1.11,35.31,1.98
R01179,2026-06-04,Thu,BK-01,Harbor Row,D10,V10,motorbike,Clear,2026-06-04 12:37:00,2026-06-04 16:48:40,21,19,2,19,100.0,38.0,39.7,4.5,21,1.15,34.52,2.02
R01180,2026-06-04,Thu,BK-01,Harbor Row,D11,V11,motorbike,Clear,2026-06-04 07:37:00,2026-06-04 11:45:21,21,19,2,19,100.0,38.0,38.7,1.8,32,1.11,34.78,1.97
R01181,2026-06-04,Thu,BK-02,Maple Heights,D12,V12,motorbike,Clear,2026-06-04 07:38:00,2026-06-04 12:30:02,25,25,0,24,96.0,46.9,52.3,11.5,33,1.72,30.48,3.04
R01182,2026-06-04,Thu,BK-04,Riverside,D13,V13,motorbike,Clear,2026-06-04 07:33:00,2026-06-04 11:35:44,21,21,0,21,100.0,59.0,59.4,0.7,50,1.71,34.71,3.02
R01183,2026-06-04,Thu,BK-01,Harbor Row,D14,V14,motorbike,Clear,2026-06-04 12:38:00,2026-06-04 16:49:22,21,20,1,20,100.0,38.0,39.6,4.2,0,1.01,39.12,1.79
R01184,2026-06-04,Thu,VN-01,Cedar Point,D15,V15,van,Clear,2026-06-04 07:37:00,2026-06-04 12:28:31,16,16,0,16,100.0,75.0,76.7,2.3,13,7.23,10.61,11.83
R01185,2026-06-04,Thu,VN-03,Stonebridge,D16,V16,van,Clear,2026-06-04 07:30:00,2026-06-04 14:09:10,22,21,1,20,95.2,118.8,118.5,-0.3,0,10.5,11.28,17.08
R01186,2026-06-04,Thu,VN-01,Cedar Point,D17,V17,van,Clear,2026-06-04 07:37:00,2026-06-04 12:46:30,17,17,0,17,100.0,79.7,82.6,3.6,15,7.91,10.44,12.83
R01187,2026-06-04,Thu,VN-01,Cedar Point,D18,V18,van,Clear,2026-06-04 07:32:00,2026-06-04 12:29:28,16,15,1,14,93.3,75.0,78.1,4.1,47,7.79,10.02,12.7
R01188,2026-06-04,Thu,VN-01,Cedar Point,D19,V19,van,Clear,2026-06-04 07:30:00,2026-06-04 12:37:53,17,16,1,16,100.0,79.7,80.9,1.5,15,7.35,11.01,12.04
R01189,2026-06-04,Thu,VN-01,Cedar Point,D20,V20,van,Clear,2026-06-04 07:36:00,2026-06-04 12:25:15,16,16,0,16,100.0,75.0,78.0,4.0,0,6.95,11.22,11.37
R01190,2026-06-04,Thu,TR-03,Granite Hill,D21,V21,truck,Clear,2026-06-04 06:06:00,2026-06-04 14:32:27,10,9,1,8,88.9,210.0,213.1,1.5,39,61.39,3.47,100.05
R01191,2026-06-04,Thu,TR-03,Granite Hill,D22,V22,truck,Clear,2026-06-04 06:07:00,2026-06-04 16:52:22,13,13,0,11,84.6,273.0,275.8,1.0,49,84.79,3.25,138.4
R01192,2026-06-04,Thu,TR-02,Westfield,D23,V23,truck,Clear,2026-06-04 06:10:00,2026-06-04 13:08:14,8,7,1,7,100.0,274.0,284.7,3.9,0,72.27,3.94,119.03
R01193,2026-06-04,Thu,TR-01,Foundry District,D24,V24,truck,Clear,2026-06-04 06:09:00,2026-06-04 12:26:32,7,7,0,7,100.0,233.6,237.9,1.8,15,64.59,3.68,103.76
R01194,2026-06-05,Fri,BK-05,Northgate,D01,V01,motorbike,Clear,2026-06-05 12:37:00,2026-06-05 18:20:53,29,28,1,25,89.3,41.4,42.8,3.4,20,1.09,39.25,1.92
R01195,2026-06-05,Fri,BK-02,Maple Heights,D02,V02,motorbike,Clear,2026-06-05 12:39:00,2026-06-05 17:14:09,23,22,1,20,90.9,43.1,44.6,3.5,42,1.5,29.66,2.64
R01196,2026-06-05,Fri,BK-04,Riverside,D03,V03,motorbike,Clear,2026-06-05 12:38:00,2026-06-05 16:54:26,20,20,0,15,75.0,56.2,58.6,4.3,29,1.54,38.17,2.73
R01197,2026-06-05,Fri,BK-04,Riverside,D04,V04,motorbike,Clear,2026-06-05 12:31:00,2026-06-05 16:10:44,19,19,0,19,100.0,53.4,55.8,4.5,21,1.58,35.39,2.8
R01198,2026-06-05,Fri,BK-01,Harbor Row,D05,V05,motorbike,Clear,2026-06-05 07:32:00,2026-06-05 11:16:11,19,19,0,19,100.0,34.4,35.7,3.8,20,0.96,37.16,1.71
R01199,2026-06-05,Fri,BK-06,Elm Park,D06,V06,motorbike,Clear,2026-06-05 07:32:00,2026-06-05 12:27:06,25,23,2,23,100.0,37.5,38.3,2.1,0,1.03,37.01,1.84
R01200,2026-06-05,Fri,BK-01,Harbor Row,D07,V07,motorbike,Clear,2026-06-05 07:39:00,2026-06-05 11:53:40,22,21,1,21,100.0,39.8,41.5,4.3,29,1.28,32.42,2.26
R01201,2026-06-05,Fri,BK-03,Old Mill,D08,V08,motorbike,Clear,2026-06-05 07:34:00,2026-06-05 11:37:11,21,20,1,20,100.0,38.3,38.9,1.6,29,1.2,32.4,2.12
R01202,2026-06-05,Fri,BK-02,Maple Heights,D09,V09,motorbike,Clear,2026-06-05 12:30:00,2026-06-05 16:55:51,22,21,1,19,90.5,41.2,43.6,5.8,0,1.15,37.89,2.02
R01203,2026-06-05,Fri,BK-06,Elm Park,D10,V10,motorbike,Clear,2026-06-05 12:34:00,2026-06-05 18:03:58,28,25,3,24,96.0,42.0,42.6,1.4,22,1.21,35.18,2.14
R01204,2026-06-05,Fri,BK-05,Northgate,D11,V11,motorbike,Clear,2026-06-05 07:38:00,2026-06-05 13:24:25,29,28,1,26,92.9,41.4,43.3,4.6,12,1.14,38.06,2.0
R01205,2026-06-05,Fri,BK-03,Old Mill,D12,V12,motorbike,Clear,2026-06-05 07:30:00,2026-06-05 12:21:38,25,25,0,25,100.0,45.7,49.8,9.0,29,1.62,30.83,2.85
R01206,2026-06-05,Fri,BK-02,Maple Heights,D13,V13,motorbike,Clear,2026-06-05 07:35:00,2026-06-05 12:04:52,23,23,0,22,95.7,43.1,43.1,0.0,17,1.13,38.26,1.99
R01207,2026-06-05,Fri,BK-05,Northgate,D14,V14,motorbike,Clear,2026-06-05 12:34:00,2026-06-05 18:09:53,28,27,1,24,88.9,40.0,41.3,3.2,0,1.03,40.22,1.82
R01208,2026-06-05,Fri,VN-01,Cedar Point,D15,V15,van,Clear,2026-06-05 07:34:00,2026-06-05 12:18:57,15,15,0,12,80.0,70.3,72.9,3.7,7,6.79,10.74,11.09
R01209,2026-06-05,Fri,VN-04,Lakeview,D17,V17,van,Clear,2026-06-05 07:39:00,2026-06-05 13:04:56,18,16,2,16,100.0,118.1,120.1,1.7,36,11.15,10.78,18.06
R01210,2026-06-05,Fri,VN-04,Lakeview,D18,V18,van,Clear,2026-06-05 07:34:00,2026-06-05 12:59:53,18,18,0,18,100.0,118.1,119.4,1.1,22,10.96,10.89,17.87
R01211,2026-06-05,Fri,VN-03,Stonebridge,D19,V19,van,Clear,2026-06-05 07:38:00,2026-06-05 13:42:30,20,19,1,19,100.0,108.0,112.2,3.9,16,9.93,11.29,16.13
R01212,2026-06-05,Fri,VN-03,Stonebridge,D20,V20,van,Clear,2026-06-05 07:39:00,2026-06-05 14:08:04,21,20,1,18,90.0,113.4,117.2,3.4,7,10.32,11.36,16.76
R01213,2026-06-05,Fri,TR-02,Westfield,D21,V21,truck,Clear,2026-06-05 06:04:00,2026-06-05 11:34:19,6,6,0,6,100.0,205.5,209.3,1.8,25,58.17,3.6,94.26
R01214,2026-06-05,Fri,TR-02,Westfield,D22,V22,truck,Clear,2026-06-05 06:00:00,2026-06-05 13:38:21,9,9,0,9,100.0,308.2,312.6,1.4,30,98.25,3.18,160.14
R01215,2026-06-05,Fri,TR-01,Foundry District,D23,V23,truck,Clear,2026-06-05 06:02:00,2026-06-05 11:26:46,6,6,0,6,100.0,200.2,208.1,3.9,23,58.14,3.58,94.43
R01216,2026-06-05,Fri,TR-02,Westfield,D24,V24,truck,Clear,2026-06-05 06:03:00,2026-06-05 13:02:13,8,8,0,7,87.5,274.0,284.3,3.8,0,79.98,3.55,131.63
R01217,2026-06-06,Sat,BK-03,Old Mill,D01,V01,motorbike,Clear,2026-06-06 12:39:00,2026-06-06 16:54:36,22,22,0,22,100.0,40.2,41.0,2.0,29,1.14,36.07,2.02
R01218,2026-06-06,Sat,BK-01,Harbor Row,D03,V03,motorbike,Clear,2026-06-06 12:32:00,2026-06-06 16:50:43,22,20,2,19,95.0,39.8,41.4,4.0,0,1.01,41.17,1.78
R01219,2026-06-06,Sat,BK-01,Harbor Row,D05,V05,motorbike,Clear,2026-06-06 07:36:00,2026-06-06 11:29:08,20,20,0,20,100.0,36.2,38.0,5.0,27,1.09,34.75,1.93
R01220,2026-06-06,Sat,BK-03,Old Mill,D07,V07,motorbike,Clear,2026-06-06 07:36:00,2026-06-06 11:50:02,22,21,1,21,100.0,40.2,41.1,2.2,0,1.17,35.17,2.07
R01221,2026-06-06,Sat,BK-01,Harbor Row,D09,V09,motorbike,Clear,2026-06-06 12:30:00,2026-06-06 17:02:25,23,23,0,23,100.0,41.6,42.3,1.7,0,1.09,38.76,1.94
R01222,2026-06-06,Sat,BK-06,Elm Park,D11,V11,motorbike,Clear,2026-06-06 07:31:00,2026-06-06 12:32:48,26,25,1,25,100.0,39.0,42.0,7.7,0,1.06,39.69,1.88
R01223,2026-06-06,Sat,BK-05,Northgate,D13,V13,motorbike,Clear,2026-06-06 07:38:00,2026-06-06 12:51:02,27,24,3,23,95.8,38.6,40.6,5.2,40,1.18,34.45,2.09
R01224,2026-06-06,Sat,VN-03,Stonebridge,D17,V17,van,Clear,2026-06-06 07:33:00,2026-06-06 14:01:54,22,21,1,21,100.0,118.8,123.3,3.8,0,10.56,11.67,17.14
R01225,2026-06-06,Sat,VN-04,Lakeview,D19,V19,van,Clear,2026-06-06 07:38:00,2026-06-06 12:28:00,16,15,1,15,100.0,105.0,107.3,2.2,14,9.27,11.58,15.07
R01226,2026-06-06,Sat,TR-01,Foundry District,D21,V21,truck,Clear,2026-06-06 06:06:00,2026-06-06 12:24:45,7,5,2,4,80.0,233.6,240.8,3.1,73,71.8,3.35,116.52
R01227,2026-06-06,Sat,TR-02,Westfield,D23,V23,truck,Clear,2026-06-06 06:07:00,2026-06-06 14:37:42,10,10,0,10,100.0,342.5,345.7,0.9,0,93.29,3.71,154.12
R01228,2026-06-08,Mon,BK-05,Northgate,D01,V01,motorbike,Rain,2026-06-08 12:40:00,2026-06-08 18:22:48,29,25,4,25,100.0,41.4,43.8,5.8,31,1.27,34.42,2.23
R01229,2026-06-08,Mon,BK-04,Riverside,D02,V02,motorbike,Rain,2026-06-08 12:39:00,2026-06-08 17:17:40,23,21,2,19,90.5,64.6,69.4,7.4,8,2.08,33.34,3.68
R01230,2026-06-08,Mon,BK-02,Maple Heights,D03,V03,motorbike,Rain,2026-06-08 12:38:00,2026-06-08 17:08:59,23,23,0,23,100.0,43.1,44.6,3.5,0,1.14,39.07,2.04
R01231,2026-06-08,Mon,BK-03,Old Mill,D04,V04,motorbike,Rain,2026-06-08 12:38:00,2026-06-08 17:21:03,23,22,1,20,90.9,42.0,44.8,6.7,0,1.23,36.49,2.17
R01232,2026-06-08,Mon,BK-02,Maple Heights,D06,V06,motorbike,Rain,2026-06-08 07:34:00,2026-06-08 12:27:59,25,21,4,20,95.2,46.9,50.0,6.6,5,1.43,34.95,2.51
R01233,2026-06-08,Mon,BK-04,Riverside,D07,V07,motorbike,Rain,2026-06-08 07:38:00,2026-06-08 11:49:32,21,17,4,16,94.1,59.0,61.9,4.9,16,1.79,34.57,3.2
R01234,2026-06-08,Mon,BK-04,Riverside,D08,V08,motorbike,Rain,2026-06-08 07:33:00,2026-06-08 11:59:47,23,20,3,20,100.0,64.6,68.4,5.9,14,2.0,34.27,3.53
R01235,2026-06-08,Mon,BK-02,Maple Heights,D09,V09,motorbike,Rain,2026-06-08 12:31:00,2026-06-08 17:37:49,25,25,0,16,64.0,46.9,49.5,5.5,10,1.42,34.86,2.51
R01236,2026-06-08,Mon,BK-06,Elm Park,D10,V10,motorbike,Rain,2026-06-08 12:31:00,2026-06-08 17:47:10,27,25,2,24,96.0,40.5,42.6,5.2,10,1.28,33.19,2.27
R01237,2026-06-08,Mon,BK-02,Maple Heights,D11,V11,motorbike,Rain,2026-06-08 07:32:00,2026-06-08 12:31:38,25,25,0,22,88.0,46.9,50.4,7.5,28,1.35,37.35,2.39
R01238,2026-06-08,Mon,BK-06,Elm Park,D12,V12,motorbike,Rain,2026-06-08 07:40:00,2026-06-08 12:30:28,24,22,2,20,90.9,36.0,40.5,12.5,24,1.36,29.68,2.41
R01239,2026-06-08,Mon,BK-06,Elm Park,D13,V13,motorbike,Rain,2026-06-08 07:32:00,2026-06-08 12:47:36,27,27,0,27,100.0,40.5,42.9,5.9,12,1.18,36.45,2.07
R01240,2026-06-08,Mon,BK-04,Riverside,D14,V14,motorbike,Rain,2026-06-08 12:40:00,2026-06-08 16:23:11,19,19,0,19,100.0,53.4,58.3,9.2,12,1.63,35.67,2.9
R01241,2026-06-08,Mon,VN-02,Brookfield,D15,V15,van,Rain,2026-06-08 07:39:00,2026-06-08 12:20:54,15,15,0,15,100.0,74.1,79.8,7.7,34,8.12,9.82,13.22
R01242,2026-06-08,Mon,VN-01,Cedar Point,D16,V16,van,Rain,2026-06-08 07:31:00,2026-06-08 11:59:58,14,13,1,12,92.3,65.6,69.1,5.3,31,6.67,10.36,10.77
R01243,2026-06-08,Mon,VN-04,Lakeview,D17,V17,van,Rain,2026-06-08 07:32:00,2026-06-08 12:52:18,17,16,1,15,93.8,111.6,116.0,3.9,17,10.73,10.81,17.58
R01244,2026-06-08,Mon,VN-03,Stonebridge,D18,V18,van,Rain,2026-06-08 07:31:00,2026-06-08 13:30:27,20,19,1,19,100.0,108.0,115.3,6.8,7,10.9,10.58,17.66
R01245,2026-06-08,Mon,VN-01,Cedar Point,D19,V19,van,Rain,2026-06-08 07:37:00,2026-06-08 13:04:16,18,17,1,17,100.0,84.4,92.6,9.7,34,8.95,10.34,14.53
R01246,2026-06-08,Mon,TR-02,Westfield,D21,V21,truck,Rain,2026-06-08 06:09:00,2026-06-08 13:03:02,8,8,0,8,100.0,274.0,293.2,7.0,40,85.18,3.44,136.96
R01247,2026-06-08,Mon,TR-01,Foundry District,D22,V22,truck,Rain,2026-06-08 06:10:00,2026-06-08 11:33:05,6,6,0,6,100.0,200.2,212.5,6.1,22,68.1,3.12,110.56
R01248,2026-06-08,Mon,TR-02,Westfield,D23,V23,truck,Rain,2026-06-08 06:02:00,2026-06-08 12:12:40,7,7,0,7,100.0,239.8,251.2,4.8,62,71.8,3.5,115.28
R01249,2026-06-08,Mon,TR-02,Westfield,D24,V24,truck,Rain,2026-06-08 06:02:00,2026-06-08 14:32:45,10,10,0,9,90.0,342.5,368.9,7.7,8,102.29,3.61,166.79
R01250,2026-06-09,Tue,BK-06,Elm Park,D01,V01,motorbike,Clear,2026-06-09 12:39:00,2026-06-09 17:47:33,26,26,0,26,100.0,39.0,41.3,5.9,14,1.03,40.04,1.83
R01251,2026-06-09,Tue,BK-05,Northgate,D02,V02,motorbike,Clear,2026-06-09 12:37:00,2026-06-09 18:29:58,30,30,0,26,86.7,42.9,43.5,1.4,35,1.38,31.61,2.43
R01252,2026-06-09,Tue,BK-05,Northgate,D03,V03,motorbike,Clear,2026-06-09 12:35:00,2026-06-09 18:03:05,27,27,0,23,85.2,38.6,39.6,2.6,8,0.98,40.53,1.74
R01253,2026-06-09,Tue,BK-06,Elm Park,D04,V04,motorbike,Clear,2026-06-09 12:33:00,2026-06-09 17:09:32,24,24,0,24,100.0,36.0,37.4,3.9,25,1.12,33.39,1.97
R01254,2026-06-09,Tue,BK-02,Maple Heights,D05,V05,motorbike,Clear,2026-06-09 07:40:00,2026-06-09 12:29:18,25,25,0,25,100.0,46.9,48.4,3.2,0,1.23,39.29,2.19
R01255,2026-06-09,Tue,BK-02,Maple Heights,D06,V06,motorbike,Clear,2026-06-09 07:37:00,2026-06-09 12:17:44,24,24,0,24,100.0,45.0,45.3,0.7,16,1.32,34.39,2.33
R01256,2026-06-09,Tue,BK-03,Old Mill,D07,V07,motorbike,Clear,2026-06-09 07:31:00,2026-06-09 12:16:52,24,22,2,19,86.4,43.8,44.3,1.1,0,1.18,37.54,2.08
R01257,2026-06-09,Tue,BK-02,Maple Heights,D08,V08,motorbike,Clear,2026-06-09 07:32:00,2026-06-09 11:49:36,22,22,0,22,100.0,41.2,43.3,5.1,33,1.33,32.46,2.34
R01258,2026-06-09,Tue,BK-04,Riverside,D09,V09,motorbike,Clear,2026-06-09 12:38:00,2026-06-09 16:44:02,21,19,2,19,100.0,59.0,59.6,1.0,0,1.64,36.44,2.88
R01259,2026-06-09,Tue,BK-04,Riverside,D10,V10,motorbike,Clear,2026-06-09 12:34:00,2026-06-09 16:20:01,19,18,1,18,100.0,53.4,55.4,3.7,22,1.6,34.56,2.81
R01260,2026-06-09,Tue,BK-01,Harbor Row,D11,V11,motorbike,Clear,2026-06-09 07:33:00,2026-06-09 11:27:39,20,19,1,19,100.0,36.2,38.1,5.2,8,0.98,39.07,1.72
R01261,2026-06-09,Tue,BK-05,Northgate,D12,V12,motorbike,Clear,2026-06-09 07:36:00,2026-06-09 13:13:41,29,27,2,26,96.3,41.4,45.0,8.7,0,1.3,34.63,2.3
R01262,2026-06-09,Tue,BK-04,Riverside,D13,V13,motorbike,Clear,2026-06-09 07:36:00,2026-06-09 12:11:34,23,21,2,21,100.0,64.6,67.6,4.6,10,1.69,39.98,2.97
R01263,2026-06-09,Tue,BK-04,Riverside,D14,V14,motorbike,Clear,2026-06-09 12:30:00,2026-06-09 16:19:05,19,19,0,19,100.0,53.4,55.1,3.2,34,1.56,35.34,2.73
R01264,2026-06-09,Tue,VN-03,Stonebridge,D15,V15,van,Clear,2026-06-09 07:32:00,2026-06-09 12:59:30,18,17,1,17,100.0,97.2,100.7,3.6,8,9.46,10.64,15.4
R01265,2026-06-09,Tue,VN-03,Stonebridge,D16,V16,van,Clear,2026-06-09 07:35:00,2026-06-09 13:16:58,19,18,1,18,100.0,102.6,102.7,0.1,11,9.34,11.0,15.11
R01266,2026-06-09,Tue,VN-03,Stonebridge,D17,V17,van,Clear,2026-06-09 07:34:00,2026-06-09 13:04:37,18,17,1,17,100.0,97.2,95.7,-1.5,40,9.2,10.4,14.85
R01267,2026-06-09,Tue,VN-01,Cedar Point,D18,V18,van,Clear,2026-06-09 07:36:00,2026-06-09 12:27:28,16,16,0,16,100.0,75.0,76.7,2.3,7,7.1,10.81,11.5
R01268,2026-06-09,Tue,VN-03,Stonebridge,D19,V19,van,Clear,2026-06-09 07:34:00,2026-06-09 13:35:33,20,19,1,19,100.0,108.0,110.6,2.4,22,10.09,10.96,16.46
R01269,2026-06-09,Tue,VN-04,Lakeview,D20,V20,van,Clear,2026-06-09 07:39:00,2026-06-09 12:54:34,17,17,0,16,94.1,111.6,114.2,2.3,0,10.22,11.17,16.46
R01270,2026-06-09,Tue,TR-03,Granite Hill,D21,V21,truck,Clear,2026-06-09 06:04:00,2026-06-09 13:52:11,9,8,1,8,100.0,189.0,192.1,1.6,37,54.34,3.53,87.77
R01271,2026-06-09,Tue,TR-01,Foundry District,D22,V22,truck,Clear,2026-06-09 06:09:00,2026-06-09 11:35:14,6,6,0,5,83.3,200.2,206.2,3.0,22,63.49,3.25,102.78
R01272,2026-06-09,Tue,TR-01,Foundry District,D23,V23,truck,Clear,2026-06-09 06:07:00,2026-06-09 12:21:59,7,7,0,6,85.7,233.6,243.9,4.4,43,67.0,3.64,107.91
R01273,2026-06-09,Tue,TR-02,Westfield,D24,V24,truck,Clear,2026-06-09 06:06:00,2026-06-09 12:13:21,7,7,0,7,100.0,239.8,245.4,2.3,25,67.07,3.66,108.25
R01274,2026-06-10,Wed,BK-04,Riverside,D01,V01,motorbike,Rain,2026-06-10 12:31:00,2026-06-10 16:58:31,23,22,1,22,100.0,64.6,68.8,6.5,20,1.8,38.2,3.18
R01275,2026-06-10,Wed,BK-01,Harbor Row,D02,V02,motorbike,Rain,2026-06-10 12:35:00,2026-06-10 17:07:13,23,23,0,21,91.3,41.6,43.5,4.6,17,1.37,31.8,2.4
R01276,2026-06-10,Wed,BK-06,Elm Park,D03,V03,motorbike,Rain,2026-06-10 12:38:00,2026-06-10 17:49:24,26,26,0,24,92.3,39.0,41.9,7.4,34,1.24,33.67,2.2
R01277,2026-06-10,Wed,BK-05,Northgate,D04,V04,motorbike,Rain,2026-06-10 12:31:00,2026-06-10 17:45:33,26,26,0,24,92.3,37.1,39.8,7.3,37,1.24,32.05,2.2
R01278,2026-06-10,Wed,BK-01,Harbor Row,D05,V05,motorbike,Rain,2026-06-10 07:40:00,2026-06-10 11:15:44,19,18,1,18,100.0,34.4,37.1,7.8,42,1.17,31.64,2.06
R01279,2026-06-10,Wed,BK-04,Riverside,D06,V06,motorbike,Rain,2026-06-10 07:32:00,2026-06-10 11:35:40,20,18,2,17,94.4,56.2,59.5,5.9,54,1.94,30.71,3.41
R01280,2026-06-10,Wed,BK-01,Harbor Row,D07,V07,motorbike,Rain,2026-06-10 07:33:00,2026-06-10 11:55:00,22,20,2,15,75.0,39.8,41.4,4.0,16,1.29,32.12,2.25
R01281,2026-06-10,Wed,BK-04,Riverside,D08,V08,motorbike,Rain,2026-06-10 07:38:00,2026-06-10 11:25:43,19,18,1,18,100.0,53.4,57.3,7.3,30,1.82,31.5,3.16
R01282,2026-06-10,Wed,BK-03,Old Mill,D09,V09,motorbike,Rain,2026-06-10 12:37:00,2026-06-10 16:53:34,21,19,2,13,68.4,38.3,40.3,5.2,0,1.08,37.27,1.89
R01283,2026-06-10,Wed,BK-04,Riverside,D10,V10,motorbike,Rain,2026-06-10 12:38:00,2026-06-10 16:46:13,21,18,3,18,100.0,59.0,64.0,8.5,6,1.73,36.92,3.04
R01284,2026-06-10,Wed,BK-06,Elm Park,D11,V11,motorbike,Rain,2026-06-10 07:40:00,2026-06-10 12:42:13,26,26,0,26,100.0,39.0,41.7,6.9,7,1.08,38.53,1.91
R01285,2026-06-10,Wed,BK-05,Northgate,D12,V12,motorbike,Rain,2026-06-10 07:32:00,2026-06-10 13:08:26,28,26,2,23,88.5,40.0,45.0,12.5,41,1.67,26.91,2.91
R01286,2026-06-10,Wed,BK-04,Riverside,D13,V13,motorbike,Rain,2026-06-10 07:37:00,2026-06-10 11:46:40,21,19,2,19,100.0,59.0,63.5,7.6,10,1.76,36.06,3.09
R01287,2026-06-10,Wed,BK-01,Harbor Row,D14,V14,motorbike,Rain,2026-06-10 12:36:00,2026-06-10 17:12:04,23,23,0,20,87.0,41.6,44.2,6.3,7,1.22,36.19,2.15
R01288,2026-06-10,Wed,VN-01,Cedar Point,D15,V15,van,Rain,2026-06-10 07:35:00,2026-06-10 13:08:42,18,16,2,14,87.5,84.4,89.0,5.5,46,9.33,9.54,15.02
R01289,2026-06-10,Wed,VN-03,Stonebridge,D16,V16,van,Rain,2026-06-10 07:30:00,2026-06-10 13:31:38,20,19,1,17,89.5,108.0,110.7,2.5,0,9.99,11.08,16.14
R01290,2026-06-10,Wed,VN-02,Brookfield,D17,V17,van,Rain,2026-06-10 07:40:00,2026-06-10 13:00:13,17,16,1,15,93.8,84.0,87.5,4.2,9,8.16,10.72,13.24
R01291,2026-06-10,Wed,VN-02,Brookfield,D18,V18,van,Rain,2026-06-10 07:39:00,2026-06-10 12:18:47,15,15,0,15,100.0,74.1,80.0,8.0,11,7.73,10.35,12.44
R01292,2026-06-10,Wed,VN-01,Cedar Point,D20,V20,van,Rain,2026-06-10 07:31:00,2026-06-10 12:14:39,15,14,1,14,100.0,70.3,71.2,1.3,0,6.67,10.67,10.87
R01293,2026-06-10,Wed,TR-03,Granite Hill,D21,V21,truck,Rain,2026-06-10 06:08:00,2026-06-10 16:11:14,12,12,0,11,91.7,252.0,266.1,5.6,69,78.88,3.37,127.57
R01294,2026-06-10,Wed,TR-03,Granite Hill,D22,V22,truck,Rain,2026-06-10 06:04:00,2026-06-10 14:36:10,10,9,1,7,77.8,210.0,219.1,4.3,0,67.01,3.27,109.61
R01295,2026-06-10,Wed,TR-02,Westfield,D23,V23,truck,Rain,2026-06-10 06:03:00,2026-06-10 11:29:35,6,5,1,5,100.0,205.5,216.6,5.4,0,61.62,3.52,100.18
R01296,2026-06-10,Wed,TR-02,Westfield,D24,V24,truck,Rain,2026-06-10 06:02:00,2026-06-10 13:50:44,9,9,0,8,88.9,308.2,323.8,5.1,28,95.3,3.4,154.23
R01297,2026-06-11,Thu,BK-05,Northgate,D01,V01,motorbike,Clear,2026-06-11 12:37:00,2026-06-11 18:30:36,30,28,2,25,89.3,42.9,44.6,4.0,25,1.22,36.44,2.15
R01298,2026-06-11,Thu,BK-02,Maple Heights,D02,V02,motorbike,Clear,2026-06-11 12:31:00,2026-06-11 16:58:28,23,22,1,22,100.0,43.1,44.4,3.0,18,1.36,32.71,2.37
R01299,2026-06-11,Thu,BK-02,Maple Heights,D03,V03,motorbike,Clear,2026-06-11 12:30:00,2026-06-11 17:33:17,26,26,0,26,100.0,48.8,50.1,2.7,16,1.22,40.99,2.14
R01300,2026-06-11,Thu,BK-05,Northgate,D05,V05,motorbike,Clear,2026-06-11 07:32:00,2026-06-11 12:32:25,26,26,0,26,100.0,37.1,39.3,5.9,8,1.05,37.38,1.85
R01301,2026-06-11,Thu,BK-03,Old Mill,D06,V06,motorbike,Clear,2026-06-11 07:39:00,2026-06-11 12:26:11,24,24,0,22,91.7,43.8,44.4,1.4,17,1.32,33.52,2.32
R01302,2026-06-11,Thu,BK-04,Riverside,D07,V07,motorbike,Clear,2026-06-11 07:36:00,2026-06-11 11:32:08,20,19,1,19,100.0,56.2,58.4,3.9,14,1.65,35.34,2.92
R01303,2026-06-11,Thu,BK-05,Northgate,D08,V08,motorbike,Clear,2026-06-11 07:39:00,2026-06-11 13:01:46,28,26,2,24,92.3,40.0,41.7,4.3,52,1.35,30.83,2.38
R01304,2026-06-11,Thu,BK-01,Harbor Row,D09,V09,motorbike,Clear,2026-06-11 12:36:00,2026-06-11 16:55:40,22,22,0,22,100.0,39.8,41.2,3.5,0,1.07,38.39,1.89
R01305,2026-06-11,Thu,BK-06,Elm Park,D10,V10,motorbike,Clear,2026-06-11 12:32:00,2026-06-11 17:16:32,24,22,2,22,100.0,36.0,37.1,3.1,32,1.14,32.67,2.0
R01306,2026-06-11,Thu,BK-06,Elm Park,D11,V11,motorbike,Clear,2026-06-11 07:38:00,2026-06-11 12:32:31,25,23,2,22,95.7,37.5,39.7,5.9,28,1.07,37.07,1.9
R01307,2026-06-11,Thu,BK-01,Harbor Row,D12,V12,motorbike,Clear,2026-06-11 07:40:00,2026-06-11 11:33:07,20,19,1,19,100.0,36.2,39.8,9.9,8,1.21,32.91,2.1
R01308,2026-06-11,Thu,BK-01,Harbor Row,D13,V13,motorbike,Clear,2026-06-11 07:34:00,2026-06-11 11:35:23,21,21,0,21,100.0,38.0,39.4,3.7,17,1.07,36.86,1.89
R01309,2026-06-11,Thu,BK-04,Riverside,D14,V14,motorbike,Clear,2026-06-11 12:38:00,2026-06-11 16:49:54,21,21,0,18,85.7,59.0,60.8,3.1,0,1.55,39.32,2.73
R01310,2026-06-11,Thu,VN-02,Brookfield,D15,V15,van,Clear,2026-06-11 07:34:00,2026-06-11 12:36:23,16,15,1,11,73.3,79.1,81.3,2.8,0,7.16,11.35,11.52
R01311,2026-06-11,Thu,VN-01,Cedar Point,D16,V16,van,Clear,2026-06-11 07:31:00,2026-06-11 12:23:27,16,14,2,14,100.0,75.0,76.9,2.5,11,6.81,11.29,10.92
R01312,2026-06-11,Thu,VN-02,Brookfield,D17,V17,van,Clear,2026-06-11 07:40:00,2026-06-11 13:09:25,18,18,0,18,100.0,88.9,89.5,0.7,0,7.84,11.41,12.59
R01313,2026-06-11,Thu,VN-04,Lakeview,D18,V18,van,Clear,2026-06-11 07:30:00,2026-06-11 12:19:40,16,16,0,16,100.0,105.0,105.9,0.9,16,9.67,10.96,15.82
R01314,2026-06-11,Thu,VN-01,Cedar Point,D19,V19,van,Clear,2026-06-11 07:34:00,2026-06-11 13:03:04,18,17,1,17,100.0,84.4,88.9,5.3,0,8.02,11.08,12.97
R01315,2026-06-11,Thu,VN-03,Stonebridge,D20,V20,van,Clear,2026-06-11 07:37:00,2026-06-11 13:36:22,20,18,2,18,100.0,108.0,108.6,0.6,33,10.24,10.61,16.36
R01316,2026-06-11,Thu,TR-03,Granite Hill,D21,V21,truck,Clear,2026-06-11 06:03:00,2026-06-11 16:09:43,12,12,0,9,75.0,252.0,256.8,1.9,17,69.8,3.68,111.94
R01317,2026-06-11,Thu,TR-01,Foundry District,D23,V23,truck,Clear,2026-06-11 06:10:00,2026-06-11 13:09:31,8,7,1,4,57.1,267.0,277.7,4.0,56,78.97,3.52,128.08
R01318,2026-06-11,Thu,TR-01,Foundry District,D24,V24,truck,Clear,2026-06-11 06:02:00,2026-06-11 14:32:52,10,10,0,9,90.0,333.8,343.4,2.9,43,97.34,3.53,155.99
R01319,2026-06-12,Fri,BK-02,Maple Heights,D01,V01,motorbike,Clear,2026-06-12 12:32:00,2026-06-12 17:35:01,26,25,1,25,100.0,48.8,50.2,2.9,19,1.3,38.57,2.28
R01320,2026-06-12,Fri,BK-06,Elm Park,D02,V02,motorbike,Clear,2026-06-12 12:34:00,2026-06-12 17:37:10,26,26,0,25,96.2,39.0,39.8,2.1,23,1.22,32.67,2.14
R01321,2026-06-12,Fri,BK-01,Harbor Row,D03,V03,motorbike,Clear,2026-06-12 12:33:00,2026-06-12 16:28:26,19,18,1,15,83.3,34.4,35.5,3.2,16,0.94,37.95,1.64
R01322,2026-06-12,Fri,BK-01,Harbor Row,D04,V04,motorbike,Clear,2026-06-12 12:38:00,2026-06-12 17:17:04,23,23,0,23,100.0,41.6,43.7,5.0,5,1.17,37.26,2.06
R01323,2026-06-12,Fri,BK-05,Northgate,D05,V05,motorbike,Clear,2026-06-12 07:33:00,2026-06-12 12:33:00,26,25,1,25,100.0,37.1,38.4,3.5,45,1.18,32.41,2.08
R01324,2026-06-12,Fri,BK-06,Elm Park,D06,V06,motorbike,Clear,2026-06-12 07:31:00,2026-06-12 12:24:40,25,22,3,22,100.0,37.5,38.3,2.1,16,1.18,32.53,2.07
R01325,2026-06-12,Fri,BK-06,Elm Park,D07,V07,motorbike,Clear,2026-06-12 07:35:00,2026-06-12 12:46:21,27,25,2,25,100.0,40.5,41.6,2.7,23,1.23,33.89,2.16
R01326,2026-06-12,Fri,BK-02,Maple Heights,D08,V08,motorbike,Clear,2026-06-12 07:39:00,2026-06-12 12:18:22,24,23,1,23,100.0,45.0,46.7,3.8,62,1.53,30.53,2.68
R01327,2026-06-12,Fri,BK-03,Old Mill,D09,V09,motorbike,Clear,2026-06-12 12:37:00,2026-06-12 16:47:30,21,19,2,19,100.0,38.3,39.2,2.3,0,1.05,37.31,1.86
R01328,2026-06-12,Fri,BK-01,Harbor Row,D10,V10,motorbike,Clear,2026-06-12 12:31:00,2026-06-12 16:36:48,21,21,0,21,100.0,38.0,38.8,2.1,0,0.98,39.46,1.73
R01329,2026-06-12,Fri,BK-06,Elm Park,D11,V11,motorbike,Clear,2026-06-12 07:39:00,2026-06-12 13:02:16,28,26,2,26,100.0,42.0,43.7,4.0,16,1.19,36.63,2.08
R01330,2026-06-12,Fri,BK-05,Northgate,D12,V12,motorbike,Clear,2026-06-12 07:31:00,2026-06-12 12:57:34,28,27,1,22,81.5,40.0,44.8,12.0,18,1.41,31.81,2.47
R01331,2026-06-12,Fri,BK-02,Maple Heights,D13,V13,motorbike,Clear,2026-06-12 07:40:00,2026-06-12 12:18:13,24,20,4,20,100.0,45.0,46.7,3.8,0,1.13,41.29,1.99
R01332,2026-06-12,Fri,VN-03,Stonebridge,D15,V15,van,Clear,2026-06-12 07:39:00,2026-06-12 13:48:26,20,20,0,19,95.0,108.0,113.0,4.6,14,10.16,11.12,16.41
R01333,2026-06-12,Fri,VN-04,Lakeview,D16,V16,van,Clear,2026-06-12 07:31:00,2026-06-12 11:53:18,14,14,0,14,100.0,91.9,92.3,0.4,28,8.65,10.67,13.95
R01334,2026-06-12,Fri,VN-04,Lakeview,D17,V17,van,Clear,2026-06-12 07:30:00,2026-06-12 12:42:15,17,17,0,17,100.0,111.6,114.1,2.2,16,10.39,10.98,16.84
R01335,2026-06-12,Fri,VN-04,Lakeview,D18,V18,van,Clear,2026-06-12 07:33:00,2026-06-12 12:30:55,16,16,0,14,87.5,105.0,108.1,3.0,0,9.31,11.61,15.01
R01336,2026-06-12,Fri,VN-01,Cedar Point,D19,V19,van,Clear,2026-06-12 07:40:00,2026-06-12 12:11:03,15,14,1,14,100.0,70.3,72.3,2.8,18,6.6,10.96,10.54
R01337,2026-06-12,Fri,VN-02,Brookfield,D20,V20,van,Clear,2026-06-12 07:31:00,2026-06-12 13:25:04,19,18,1,18,100.0,93.9,98.0,4.4,15,8.51,11.51,13.86
R01338,2026-06-12,Fri,TR-03,Granite Hill,D21,V21,truck,Clear,2026-06-12 06:05:00,2026-06-12 14:31:49,10,9,1,9,100.0,210.0,218.0,3.8,29,61.23,3.56,100.73
R01339,2026-06-12,Fri,TR-03,Granite Hill,D22,V22,truck,Clear,2026-06-12 06:06:00,2026-06-12 16:07:42,12,12,0,11,91.7,252.0,260.3,3.3,30,78.58,3.31,127.23
R01340,2026-06-12,Fri,TR-02,Westfield,D23,V23,truck,Clear,2026-06-12 06:00:00,2026-06-12 12:10:33,7,7,0,6,85.7,239.8,250.2,4.3,33,68.26,3.67,111.23
R01341,2026-06-12,Fri,TR-02,Westfield,D24,V24,truck,Clear,2026-06-12 06:00:00,2026-06-12 13:02:29,8,8,0,5,62.5,274.0,293.6,7.2,22,81.75,3.59,131.03
R01342,2026-06-13,Sat,BK-01,Harbor Row,D01,V01,motorbike,Rain,2026-06-13 12:37:00,2026-06-13 16:56:11,22,19,3,19,100.0,39.8,41.7,4.8,44,1.25,33.45,2.19
R01343,2026-06-13,Sat,BK-05,Northgate,D03,V03,motorbike,Rain,2026-06-13 12:40:00,2026-06-13 17:53:37,26,26,0,16,61.5,37.1,39.3,5.9,9,1.06,37.11,1.85
R01344,2026-06-13,Sat,BK-06,Elm Park,D05,V05,motorbike,Rain,2026-06-13 07:32:00,2026-06-13 12:48:01,28,27,1,27,100.0,42.0,44.8,6.7,41,1.39,32.18,2.44
R01345,2026-06-13,Sat,BK-01,Harbor Row,D07,V07,motorbike,Rain,2026-06-13 07:32:00,2026-06-13 12:02:13,22,20,2,16,80.0,39.8,42.0,5.5,0,1.13,37.33,1.97
R01346,2026-06-13,Sat,BK-02,Maple Heights,D09,V09,motorbike,Rain,2026-06-13 12:39:00,2026-06-13 17:25:17,24,24,0,23,95.8,45.0,47.2,4.9,0,1.27,37.18,2.22
R01347,2026-06-13,Sat,BK-02,Maple Heights,D11,V11,motorbike,Rain,2026-06-13 07:37:00,2026-06-13 12:20:44,24,23,1,23,100.0,45.0,48.0,6.7,23,1.31,36.57,2.31
R01348,2026-06-13,Sat,BK-02,Maple Heights,D13,V13,motorbike,Rain,2026-06-13 07:35:00,2026-06-13 12:30:22,24,20,4,15,75.0,45.0,47.5,5.6,14,1.34,35.53,2.34
R01349,2026-06-13,Sat,VN-02,Brookfield,D15,V15,van,Rain,2026-06-13 07:40:00,2026-06-13 12:44:59,16,15,1,13,86.7,79.1,84.8,7.2,34,8.49,9.98,13.66
R01350,2026-06-13,Sat,VN-01,Cedar Point,D17,V17,van,Rain,2026-06-13 07:39:00,2026-06-13 12:55:15,17,15,2,15,100.0,79.7,84.6,6.1,10,8.05,10.51,12.86
R01351,2026-06-13,Sat,VN-03,Stonebridge,D19,V19,van,Rain,2026-06-13 07:30:00,2026-06-13 13:32:13,20,17,3,16,94.1,108.0,114.7,6.2,41,11.23,10.22,18.14
R01352,2026-06-13,Sat,TR-01,Foundry District,D21,V21,truck,Rain,2026-06-13 06:04:00,2026-06-13 13:04:19,8,8,0,7,87.5,267.0,283.9,6.3,61,85.93,3.3,137.93
R01353,2026-06-13,Sat,TR-03,Granite Hill,D23,V23,truck,Rain,2026-06-13 06:03:00,2026-06-13 14:37:05,10,9,1,9,100.0,210.0,224.7,7.0,31,62.96,3.57,100.49
R01354,2026-06-15,Mon,BK-03,Old Mill,D01,V01,motorbike,Clear,2026-06-15 12:40:00,2026-06-15 16:45:23,21,21,0,21,100.0,38.3,39.1,2.1,11,1.03,37.78,1.8
R01355,2026-06-15,Mon,BK-01,Harbor Row,D02,V02,motorbike,Clear,2026-06-15 12:38:00,2026-06-15 16:43:05,21,20,1,20,100.0,38.0,39.3,3.4,0,1.11,35.42,1.95
R01356,2026-06-15,Mon,BK-03,Old Mill,D03,V03,motorbike,Clear,2026-06-15 12:33:00,2026-06-15 17:13:06,23,23,0,21,91.3,42.0,43.5,3.6,0,0.99,43.98,1.73
R01357,2026-06-15,Mon,BK-02,Maple Heights,D04,V04,motorbike,Clear,2026-06-15 12:31:00,2026-06-15 17:24:05,25,23,2,22,95.7,46.9,48.5,3.4,29,1.37,35.38,2.4
R01358,2026-06-15,Mon,BK-05,Northgate,D05,V05,motorbike,Clear,2026-06-15 07:40:00,2026-06-15 13:31:42,30,29,1,29,100.0,42.9,44.1,2.8,41,1.29,34.22,2.26
R01359,2026-06-15,Mon,BK-05,Northgate,D06,V06,motorbike,Clear,2026-06-15 07:34:00,2026-06-15 13:28:26,30,28,2,26,92.9,42.9,43.5,1.4,29,1.35,32.13,2.38
R01360,2026-06-15,Mon,BK-06,Elm Park,D07,V07,motorbike,Clear,2026-06-15 07:33:00,2026-06-15 12:13:15,24,22,2,22,100.0,36.0,37.3,3.6,23,1.13,32.96,1.97
R01361,2026-06-15,Mon,BK-01,Harbor Row,D08,V08,motorbike,Clear,2026-06-15 07:38:00,2026-06-15 11:25:39,19,19,0,19,100.0,34.4,35.8,4.1,24,1.06,33.93,1.85
R01362,2026-06-15,Mon,BK-06,Elm Park,D10,V10,motorbike,Clear,2026-06-15 12:30:00,2026-06-15 17:07:40,24,23,1,23,100.0,36.0,36.8,2.2,0,0.96,38.19,1.69
R01363,2026-06-15,Mon,BK-01,Harbor Row,D11,V11,motorbike,Clear,2026-06-15 07:31:00,2026-06-15 11:29:07,20,19,1,19,100.0,36.2,38.2,5.5,0,0.93,40.9,1.64
R01364,2026-06-15,Mon,BK-01,Harbor Row,D12,V12,motorbike,Clear,2026-06-15 07:37:00,2026-06-15 11:44:22,21,20,1,20,100.0,38.0,41.7,9.7,17,1.35,30.94,2.38
R01365,2026-06-15,Mon,BK-04,Riverside,D13,V13,motorbike,Clear,2026-06-15 07:35:00,2026-06-15 11:18:09,19,17,2,17,100.0,53.4,53.8,0.7,0,1.34,40.24,2.35
R01366,2026-06-15,Mon,BK-03,Old Mill,D14,V14,motorbike,Clear,2026-06-15 12:32:00,2026-06-15 16:46:18,22,22,0,22,100.0,40.2,41.9,4.2,0,1.1,38.18,1.9
R01367,2026-06-15,Mon,VN-03,Stonebridge,D15,V15,van,Clear,2026-06-15 07:30:00,2026-06-15 14:11:53,22,22,0,22,100.0,118.8,127.4,7.2,44,12.28,10.37,19.91
R01368,2026-06-15,Mon,VN-04,Lakeview,D16,V16,van,Clear,2026-06-15 07:40:00,2026-06-15 12:22:36,15,14,1,13,92.9,98.4,102.0,3.7,29,9.42,10.83,15.17
R01369,2026-06-15,Mon,VN-03,Stonebridge,D17,V17,van,Clear,2026-06-15 07:30:00,2026-06-15 13:45:23,21,20,1,20,100.0,113.4,116.2,2.5,0,10.38,11.19,16.47
R01370,2026-06-15,Mon,VN-04,Lakeview,D18,V18,van,Clear,2026-06-15 07:32:00,2026-06-15 11:49:17,14,14,0,14,100.0,91.9,95.7,4.1,13,8.74,10.96,14.09
R01371,2026-06-15,Mon,VN-02,Brookfield,D19,V19,van,Clear,2026-06-15 07:40:00,2026-06-15 12:34:43,16,15,1,14,93.3,79.1,80.8,2.1,0,7.03,11.5,11.31
R01372,2026-06-15,Mon,VN-03,Stonebridge,D20,V20,van,Clear,2026-06-15 07:32:00,2026-06-15 13:53:18,21,21,0,21,100.0,113.4,115.7,2.0,10,10.53,10.98,16.71
R01373,2026-06-15,Mon,TR-03,Granite Hill,D21,V21,truck,Clear,2026-06-15 06:04:00,2026-06-15 14:33:01,10,9,1,9,100.0,210.0,214.7,2.2,59,60.71,3.54,96.79
R01374,2026-06-15,Mon,TR-03,Granite Hill,D23,V23,truck,Clear,2026-06-15 06:00:00,2026-06-15 13:42:50,9,9,0,9,100.0,189.0,196.7,4.1,12,54.5,3.61,86.98
R01375,2026-06-15,Mon,TR-02,Westfield,D24,V24,truck,Clear,2026-06-15 06:08:00,2026-06-15 12:16:54,7,6,1,6,100.0,239.8,244.5,2.0,0,65.82,3.71,104.27
R01376,2026-06-16,Tue,BK-05,Northgate,D01,V01,motorbike,Clear,2026-06-16 12:35:00,2026-06-16 17:43:04,26,25,1,23,92.0,37.1,40.1,8.1,0,0.97,41.29,1.7
R01377,2026-06-16,Tue,BK-06,Elm Park,D02,V02,motorbike,Clear,2026-06-16 12:40:00,2026-06-16 18:03:58,28,25,3,24,96.0,42.0,42.7,1.7,34,1.47,29.12,2.56
R01378,2026-06-16,Tue,BK-04,Riverside,D03,V03,motorbike,Clear,2026-06-16 12:36:00,2026-06-16 16:56:54,22,22,0,22,100.0,61.8,64.5,4.4,34,1.77,36.51,3.06
R01379,2026-06-16,Tue,BK-06,Elm Park,D04,V04,motorbike,Clear,2026-06-16 12:40:00,2026-06-16 17:37:02,25,23,2,21,91.3,37.5,39.0,4.0,0,0.98,39.68,1.7
R01380,2026-06-16,Tue,BK-04,Riverside,D05,V05,motorbike,Clear,2026-06-16 07:34:00,2026-06-16 11:45:53,22,22,0,22,100.0,61.8,64.2,3.9,0,1.67,38.33,2.93
R01381,2026-06-16,Tue,BK-05,Northgate,D06,V06,motorbike,Clear,2026-06-16 07:30:00,2026-06-16 13:12:33,29,29,0,25,86.2,41.4,42.2,1.9,14,1.25,33.85,2.18
R01382,2026-06-16,Tue,BK-01,Harbor Row,D07,V07,motorbike,Clear,2026-06-16 07:35:00,2026-06-16 11:47:17,21,19,2,19,100.0,38.0,38.8,2.1,15,1.11,35.05,1.93
R01383,2026-06-16,Tue,BK-04,Riverside,D08,V08,motorbike,Clear,2026-06-16 07:39:00,2026-06-16 11:45:53,20,19,1,17,89.5,56.2,56.2,0.0,5,1.49,37.63,2.61
R01384,2026-06-16,Tue,BK-03,Old Mill,D09,V09,motorbike,Clear,2026-06-16 12:38:00,2026-06-16 16:46:21,21,20,1,20,100.0,38.3,39.9,4.2,0,1.06,37.79,1.85
R01385,2026-06-16,Tue,BK-05,Northgate,D10,V10,motorbike,Clear,2026-06-16 12:37:00,2026-06-16 18:08:36,28,25,3,22,88.0,40.0,40.9,2.2,15,1.13,36.24,1.96
R01386,2026-06-16,Tue,BK-01,Harbor Row,D11,V11,motorbike,Clear,2026-06-16 07:35:00,2026-06-16 11:26:22,19,19,0,16,84.2,34.4,36.7,6.7,14,0.96,38.03,1.69
R01387,2026-06-16,Tue,BK-04,Riverside,D12,V12,motorbike,Clear,2026-06-16 07:30:00,2026-06-16 11:47:28,22,22,0,22,100.0,61.8,67.4,9.1,23,2.05,32.88,3.59
R01388,2026-06-16,Tue,BK-06,Elm Park,D13,V13,motorbike,Clear,2026-06-16 07:39:00,2026-06-16 12:48:55,26,26,0,26,100.0,39.0,40.1,2.8,35,1.15,34.9,1.99
R01389,2026-06-16,Tue,BK-02,Maple Heights,D14,V14,motorbike,Clear,2026-06-16 12:37:00,2026-06-16 17:08:38,23,23,0,23,100.0,43.1,45.1,4.6,7,1.19,38.03,2.07
R01390,2026-06-16,Tue,VN-01,Cedar Point,D15,V15,van,Clear,2026-06-16 07:39:00,2026-06-16 12:53:28,17,17,0,17,100.0,79.7,82.6,3.6,0,7.67,10.78,12.26
R01391,2026-06-16,Tue,VN-03,Stonebridge,D16,V16,van,Clear,2026-06-16 07:36:00,2026-06-16 13:41:28,20,20,0,20,100.0,108.0,108.6,0.6,36,10.4,10.44,16.51
R01392,2026-06-16,Tue,VN-04,Lakeview,D17,V17,van,Clear,2026-06-16 07:37:00,2026-06-16 12:09:52,15,14,1,14,100.0,98.4,100.2,1.8,0,8.86,11.31,14.24
R01393,2026-06-16,Tue,VN-03,Stonebridge,D18,V18,van,Clear,2026-06-16 07:30:00,2026-06-16 13:40:25,21,20,1,20,100.0,113.4,116.7,2.9,29,10.98,10.63,17.66
R01394,2026-06-16,Tue,VN-01,Cedar Point,D20,V20,van,Clear,2026-06-16 07:33:00,2026-06-16 13:08:34,18,18,0,17,94.4,84.4,86.3,2.3,0,7.42,11.64,11.94
R01395,2026-06-16,Tue,TR-02,Westfield,D21,V21,truck,Clear,2026-06-16 06:07:00,2026-06-16 11:38:37,6,6,0,6,100.0,205.5,212.1,3.2,65,59.61,3.56,95.18
R01396,2026-06-16,Tue,TR-02,Westfield,D22,V22,truck,Clear,2026-06-16 06:09:00,2026-06-16 13:56:01,9,8,1,7,87.5,308.2,314.1,1.9,0,90.02,3.49,145.8
R01397,2026-06-16,Tue,TR-02,Westfield,D23,V23,truck,Clear,2026-06-16 06:06:00,2026-06-16 13:04:10,8,8,0,8,100.0,274.0,281.2,2.6,12,76.71,3.67,121.8
R01398,2026-06-16,Tue,TR-03,Granite Hill,D24,V24,truck,Clear,2026-06-16 06:01:00,2026-06-16 14:38:40,10,10,0,8,80.0,210.0,219.3,4.4,10,60.48,3.63,97.0
R01399,2026-06-17,Wed,BK-06,Elm Park,D01,V01,motorbike,Clear,2026-06-17 12:32:00,2026-06-17 17:39:15,26,25,1,25,100.0,39.0,39.8,2.1,10,1.03,38.64,1.82
R01400,2026-06-17,Wed,BK-02,Maple Heights,D03,V03,motorbike,Clear,2026-06-17 12:38:00,2026-06-17 17:22:46,24,21,3,21,100.0,45.0,46.7,3.8,12,1.17,40.06,2.03
R01401,2026-06-17,Wed,BK-01,Harbor Row,D04,V04,motorbike,Clear,2026-06-17 12:37:00,2026-06-17 17:09:42,23,23,0,23,100.0,41.6,44.0,5.8,0,1.2,36.68,2.1
R01402,2026-06-17,Wed,BK-04,Riverside,D05,V05,motorbike,Clear,2026-06-17 07:37:00,2026-06-17 12:02:06,23,23,0,23,100.0,64.6,66.8,3.4,17,1.71,39.03,2.98
R01403,2026-06-17,Wed,BK-02,Maple Heights,D06,V06,motorbike,Clear,2026-06-17 07:38:00,2026-06-17 12:36:32,25,22,3,18,81.8,46.9,48.0,2.3,7,1.29,37.08,2.28
R01404,2026-06-17,Wed,BK-03,Old Mill,D07,V07,motorbike,Clear,2026-06-17 07:40:00,2026-06-17 12:41:09,25,25,0,20,80.0,45.7,46.7,2.2,0,1.24,37.7,2.18
R01405,2026-06-17,Wed,BK-04,Riverside,D08,V08,motorbike,Clear,2026-06-17 07:35:00,2026-06-17 11:15:02,19,19,0,19,100.0,53.4,54.4,1.9,35,1.59,34.25,2.81
R01406,2026-06-17,Wed,BK-06,Elm Park,D09,V09,motorbike,Clear,2026-06-17 12:35:00,2026-06-17 17:52:34,27,25,2,23,92.0,40.5,41.0,1.2,7,1.1,37.23,1.94
R01407,2026-06-17,Wed,BK-05,Northgate,D10,V10,motorbike,Clear,2026-06-17 12:40:00,2026-06-17 17:57:45,27,27,0,27,100.0,38.6,39.0,1.0,12,1.08,36.03,1.89
R01408,2026-06-17,Wed,BK-04,Riverside,D11,V11,motorbike,Clear,2026-06-17 07:31:00,2026-06-17 11:30:36,20,19,1,17,89.5,56.2,58.1,3.4,8,1.49,38.94,2.61
R01409,2026-06-17,Wed,BK-02,Maple Heights,D12,V12,motorbike,Clear,2026-06-17 07:30:00,2026-06-17 11:50:07,23,23,0,23,100.0,43.1,47.7,10.7,0,1.4,34.05,2.46
R01410,2026-06-17,Wed,BK-06,Elm Park,D13,V13,motorbike,Clear,2026-06-17 07:39:00,2026-06-17 12:29:49,25,23,2,23,100.0,37.5,38.7,3.2,14,1.05,36.75,1.84
R01411,2026-06-17,Wed,BK-04,Riverside,D14,V14,motorbike,Clear,2026-06-17 12:30:00,2026-06-17 16:32:59,20,20,0,17,85.0,56.2,58.3,3.7,10,1.51,38.71,2.66
R01412,2026-06-17,Wed,VN-04,Lakeview,D15,V15,van,Clear,2026-06-17 07:34:00,2026-06-17 13:07:08,18,17,1,15,88.2,118.1,122.9,4.1,0,11.01,11.17,17.49
R01413,2026-06-17,Wed,VN-03,Stonebridge,D16,V16,van,Clear,2026-06-17 07:30:00,2026-06-17 13:05:43,18,16,2,16,100.0,97.2,98.8,1.6,13,8.8,11.23,14.18
R01414,2026-06-17,Wed,VN-03,Stonebridge,D17,V17,van,Clear,2026-06-17 07:40:00,2026-06-17 13:50:35,20,19,1,18,94.7,108.0,110.2,2.0,45,10.83,10.17,17.4
R01415,2026-06-17,Wed,VN-03,Stonebridge,D18,V18,van,Clear,2026-06-17 07:38:00,2026-06-17 13:14:21,18,18,0,18,100.0,97.2,98.8,1.6,38,9.63,10.26,15.42
R01416,2026-06-17,Wed,VN-01,Cedar Point,D19,V19,van,Clear,2026-06-17 07:31:00,2026-06-17 12:16:01,15,15,0,13,86.7,70.3,74.0,5.3,12,6.51,11.37,10.47
R01417,2026-06-17,Wed,VN-04,Lakeview,D20,V20,van,Clear,2026-06-17 07:38:00,2026-06-17 12:46:42,17,14,3,14,100.0,111.6,113.1,1.3,0,10.85,10.43,17.37
R01418,2026-06-17,Wed,TR-03,Granite Hill,D21,V21,truck,Clear,2026-06-17 06:05:00,2026-06-17 15:24:28,11,11,0,10,90.9,231.0,235.2,1.8,72,69.69,3.37,112.11
R01419,2026-06-17,Wed,TR-02,Westfield,D22,V22,truck,Clear,2026-06-17 06:00:00,2026-06-17 12:09:04,7,7,0,7,100.0,239.8,254.7,6.2,14,78.08,3.26,124.48
R01420,2026-06-17,Wed,TR-03,Granite Hill,D23,V23,truck,Clear,2026-06-17 06:09:00,2026-06-17 15:18:44,11,11,0,11,100.0,231.0,236.8,2.5,51,66.73,3.55,106.25
R01421,2026-06-17,Wed,TR-02,Westfield,D24,V24,truck,Clear,2026-06-17 06:01:00,2026-06-17 11:24:01,6,6,0,6,100.0,205.5,212.4,3.4,12,59.55,3.57,94.85
R01422,2026-06-18,Thu,BK-03,Old Mill,D01,V01,motorbike,Clear,2026-06-18 12:34:00,2026-06-18 17:22:32,25,24,1,24,100.0,45.7,47.4,3.7,47,1.38,34.46,2.41
R01423,2026-06-18,Thu,BK-03,Old Mill,D02,V02,motorbike,Clear,2026-06-18 12:39:00,2026-06-18 16:52:46,22,21,1,21,100.0,40.2,42.2,5.0,59,1.55,27.26,2.69
R01424,2026-06-18,Thu,BK-01,Harbor Row,D03,V03,motorbike,Clear,2026-06-18 12:35:00,2026-06-18 17:14:28,23,22,1,21,95.5,41.6,42.6,2.4,27,1.15,37.04,2.01
R01425,2026-06-18,Thu,BK-05,Northgate,D04,V04,motorbike,Clear,2026-06-18 12:32:00,2026-06-18 17:51:10,28,28,0,27,96.4,40.0,41.2,3.0,10,1.08,38.05,1.88
R01426,2026-06-18,Thu,BK-05,Northgate,D05,V05,motorbike,Clear,2026-06-18 07:31:00,2026-06-18 12:30:05,26,26,0,26,100.0,37.1,37.8,1.9,13,1.0,37.75,1.74
R01427,2026-06-18,Thu,BK-06,Elm Park,D06,V06,motorbike,Clear,2026-06-18 07:31:00,2026-06-18 12:51:37,27,24,3,23,95.8,40.5,41.9,3.5,0,1.15,36.4,2.0
R01428,2026-06-18,Thu,BK-03,Old Mill,D07,V07,motorbike,Clear,2026-06-18 07:34:00,2026-06-18 12:09:28,24,23,1,22,95.7,43.8,45.8,4.6,18,1.37,33.38,2.4
R01429,2026-06-18,Thu,BK-03,Old Mill,D08,V08,motorbike,Clear,2026-06-18 07:36:00,2026-06-18 12:15:40,24,23,1,23,100.0,43.8,44.6,1.8,18,1.26,35.46,2.18
R01430,2026-06-18,Thu,BK-02,Maple Heights,D09,V09,motorbike,Clear,2026-06-18 12:30:00,2026-06-18 17:23:34,25,25,0,25,100.0,46.9,47.7,1.7,36,1.38,34.45,2.42
R01431,2026-06-18,Thu,BK-05,Northgate,D10,V10,motorbike,Clear,2026-06-18 12:31:00,2026-06-18 18:27:17,30,28,2,27,96.4,42.9,45.1,5.1,0,1.19,37.86,2.07
R01432,2026-06-18,Thu,BK-06,Elm Park,D11,V11,motorbike,Clear,2026-06-18 07:31:00,2026-06-18 12:33:29,26,25,1,25,100.0,39.0,40.6,4.1,0,0.96,42.26,1.68
R01433,2026-06-18,Thu,BK-06,Elm Park,D12,V12,motorbike,Clear,2026-06-18 07:35:00,2026-06-18 12:21:33,24,23,1,23,100.0,36.0,38.7,7.5,0,1.09,35.36,1.93
R01434,2026-06-18,Thu,BK-04,Riverside,D14,V14,motorbike,Clear,2026-06-18 12:38:00,2026-06-18 16:34:25,20,19,1,19,100.0,56.2,57.8,2.8,20,1.61,35.97,2.77
R01435,2026-06-18,Thu,VN-03,Stonebridge,D15,V15,van,Clear,2026-06-18 07:37:00,2026-06-18 14:17:50,22,22,0,19,86.4,118.8,122.6,3.2,25,11.33,10.82,18.0
R01436,2026-06-18,Thu,VN-02,Brookfield,D16,V16,van,Clear,2026-06-18 07:31:00,2026-06-18 12:56:39,18,16,2,16,100.0,88.9,90.9,2.2,0,7.7,11.81,12.26
R01437,2026-06-18,Thu,VN-03,Stonebridge,D17,V17,van,Clear,2026-06-18 07:37:00,2026-06-18 13:05:19,18,16,2,16,100.0,97.2,99.4,2.3,37,9.9,10.05,15.74
R01438,2026-06-18,Thu,VN-03,Stonebridge,D18,V18,van,Clear,2026-06-18 07:31:00,2026-06-18 14:13:44,22,22,0,18,81.8,118.8,122.9,3.5,13,11.24,10.94,18.21
R01439,2026-06-18,Thu,VN-04,Lakeview,D20,V20,van,Clear,2026-06-18 07:33:00,2026-06-18 11:54:56,14,13,1,13,100.0,91.9,93.0,1.2,0,8.37,11.11,13.56
R01440,2026-06-18,Thu,TR-02,Westfield,D21,V21,truck,Clear,2026-06-18 06:00:00,2026-06-18 11:30:16,6,6,0,6,100.0,205.5,211.5,2.9,69,60.95,3.47,97.39
R01441,2026-06-18,Thu,TR-03,Granite Hill,D22,V22,truck,Clear,2026-06-18 06:01:00,2026-06-18 13:44:35,9,9,0,7,77.8,189.0,194.1,2.7,14,58.17,3.34,92.92
R01442,2026-06-18,Thu,TR-01,Foundry District,D23,V23,truck,Clear,2026-06-18 06:00:00,2026-06-18 12:07:04,7,7,0,7,100.0,233.6,244.3,4.6,0,63.71,3.83,102.5
R01443,2026-06-18,Thu,TR-03,Granite Hill,D24,V24,truck,Clear,2026-06-18 06:08:00,2026-06-18 13:44:58,9,8,1,8,100.0,189.0,193.5,2.4,20,55.67,3.48,89.23
R01444,2026-06-19,Fri,BK-02,Maple Heights,D01,V01,motorbike,Clear,2026-06-19 12:30:00,2026-06-19 17:19:53,25,24,1,24,100.0,46.9,50.1,6.8,15,1.27,39.32,2.23
R01445,2026-06-19,Fri,BK-02,Maple Heights,D02,V02,motorbike,Clear,2026-06-19 12:35:00,2026-06-19 17:14:26,24,23,1,23,100.0,45.0,45.1,0.2,8,1.34,33.76,2.35
R01446,2026-06-19,Fri,BK-01,Harbor Row,D03,V03,motorbike,Clear,2026-06-19 12:40:00,2026-06-19 17:23:08,23,22,1,20,90.9,41.6,42.3,1.7,31,1.15,36.7,2.0
R01447,2026-06-19,Fri,BK-05,Northgate,D04,V04,motorbike,Clear,2026-06-19 12:37:00,2026-06-19 18:36:25,30,27,3,26,96.3,42.9,44.7,4.2,0,1.19,37.57,2.07
R01448,2026-06-19,Fri,BK-05,Northgate,D05,V05,motorbike,Clear,2026-06-19 07:36:00,2026-06-19 12:45:51,26,24,2,23,95.8,37.1,38.1,2.7,13,1.03,36.83,1.8
R01449,2026-06-19,Fri,BK-02,Maple Heights,D06,V06,motorbike,Clear,2026-06-19 07:36:00,2026-06-19 12:18:38,24,24,0,23,95.8,45.0,45.2,0.4,11,1.3,34.77,2.24
R01450,2026-06-19,Fri,BK-04,Riverside,D07,V07,motorbike,Clear,2026-06-19 07:35:00,2026-06-19 11:39:46,21,21,0,21,100.0,59.0,61.0,3.4,8,1.64,37.17,2.82
R01451,2026-06-19,Fri,BK-06,Elm Park,D08,V08,motorbike,Clear,2026-06-19 07:35:00,2026-06-19 12:54:27,28,27,1,27,100.0,42.0,43.0,2.4,0,1.16,37.09,2.02
R01452,2026-06-19,Fri,BK-01,Harbor Row,D09,V09,motorbike,Clear,2026-06-19 12:36:00,2026-06-19 16:19:21,19,18,1,17,94.4,34.4,34.8,1.2,14,0.96,36.19,1.67
R01453,2026-06-19,Fri,BK-02,Maple Heights,D10,V10,motorbike,Clear,2026-06-19 12:35:00,2026-06-19 17:00:10,23,23,0,23,100.0,43.1,44.7,3.7,51,1.41,31.68,2.48
R01454,2026-06-19,Fri,BK-05,Northgate,D11,V11,motorbike,Clear,2026-06-19 07:34:00,2026-06-19 13:17:08,29,27,2,25,92.6,41.4,43.2,4.3,0,1.07,40.53,1.86
R01455,2026-06-19,Fri,BK-01,Harbor Row,D12,V12,motorbike,Clear,2026-06-19 07:32:00,2026-06-19 11:38:20,21,20,1,20,100.0,38.0,42.5,11.8,33,1.42,29.98,2.45
R01456,2026-06-19,Fri,BK-04,Riverside,D13,V13,motorbike,Clear,2026-06-19 07:32:00,2026-06-19 11:14:59,19,18,1,17,94.4,53.4,53.9,0.9,0,1.32,40.91,2.31
R01457,2026-06-19,Fri,BK-06,Elm Park,D14,V14,motorbike,Clear,2026-06-19 12:35:00,2026-06-19 17:55:48,28,28,0,28,100.0,42.0,43.3,3.1,11,1.16,37.29,2.04
R01458,2026-06-19,Fri,VN-03,Stonebridge,D15,V15,van,Clear,2026-06-19 07:32:00,2026-06-19 13:37:11,20,20,0,18,90.0,108.0,109.1,1.0,23,9.94,10.97,15.96
R01459,2026-06-19,Fri,VN-02,Brookfield,D16,V16,van,Clear,2026-06-19 07:34:00,2026-06-19 13:12:50,18,17,1,14,82.4,88.9,90.2,1.5,7,8.05,11.2,12.76
R01460,2026-06-19,Fri,VN-01,Cedar Point,D17,V17,van,Clear,2026-06-19 07:38:00,2026-06-19 12:13:36,15,15,0,15,100.0,70.3,72.4,3.0,18,6.63,10.92,10.67
R01461,2026-06-19,Fri,VN-04,Lakeview,D18,V18,van,Clear,2026-06-19 07:36:00,2026-06-19 11:56:28,14,13,1,13,100.0,91.9,96.6,5.1,26,9.24,10.45,14.89
R01462,2026-06-19,Fri,VN-02,Brookfield,D19,V19,van,Clear,2026-06-19 07:32:00,2026-06-19 12:18:24,15,15,0,14,93.3,74.1,75.5,1.9,17,7.23,10.44,11.5
R01463,2026-06-19,Fri,VN-03,Stonebridge,D20,V20,van,Clear,2026-06-19 07:39:00,2026-06-19 13:47:20,20,20,0,20,100.0,108.0,112.7,4.4,23,10.4,10.84,16.75
R01464,2026-06-19,Fri,TR-01,Foundry District,D21,V21,truck,Clear,2026-06-19 06:08:00,2026-06-19 11:26:01,6,6,0,6,100.0,200.2,203.1,1.4,51,58.29,3.48,93.71
R01465,2026-06-19,Fri,TR-01,Foundry District,D22,V22,truck,Clear,2026-06-19 06:08:00,2026-06-19 13:05:03,8,8,0,7,87.5,267.0,275.0,3.0,20,83.81,3.28,133.33
R01466,2026-06-19,Fri,TR-01,Foundry District,D23,V23,truck,Clear,2026-06-19 06:03:00,2026-06-19 13:49:39,9,7,2,7,100.0,300.4,308.0,2.5,0,83.4,3.69,133.67
R01467,2026-06-19,Fri,TR-03,Granite Hill,D24,V24,truck,Clear,2026-06-19 06:00:00,2026-06-19 13:33:19,9,9,0,9,100.0,189.0,193.4,2.3,10,55.0,3.52,87.92
R01468,2026-06-20,Sat,BK-03,Old Mill,D01,V01,motorbike,Rain,2026-06-20 12:30:00,2026-06-20 17:21:15,24,24,0,21,87.5,43.8,47.0,7.3,17,1.26,37.36,2.2
R01469,2026-06-20,Sat,BK-05,Northgate,D03,V03,motorbike,Rain,2026-06-20 12:35:00,2026-06-20 17:52:55,26,25,1,20,80.0,37.1,39.4,6.2,35,1.15,34.22,2.01
R01470,2026-06-20,Sat,BK-03,Old Mill,D07,V07,motorbike,Rain,2026-06-20 07:36:00,2026-06-20 12:20:33,24,24,0,23,95.8,43.8,45.8,4.6,0,1.31,34.95,2.26
R01471,2026-06-20,Sat,BK-02,Maple Heights,D09,V09,motorbike,Rain,2026-06-20 12:32:00,2026-06-20 17:34:50,25,24,1,19,79.2,46.9,50.9,8.5,0,1.33,38.35,2.34
R01472,2026-06-20,Sat,BK-05,Northgate,D11,V11,motorbike,Rain,2026-06-20 07:33:00,2026-06-20 12:35:57,26,26,0,21,80.8,37.1,40.5,9.2,30,1.19,34.12,2.06
R01473,2026-06-20,Sat,BK-01,Harbor Row,D13,V13,motorbike,Rain,2026-06-20 07:40:00,2026-06-20 11:49:36,21,18,3,17,94.4,38.0,41.5,9.2,38,1.27,32.76,2.2
R01474,2026-06-20,Sat,VN-01,Cedar Point,D15,V15,van,Rain,2026-06-20 07:37:00,2026-06-20 13:15:34,18,16,2,13,81.2,84.4,87.6,3.8,6,8.55,10.25,13.51
R01475,2026-06-20,Sat,VN-02,Brookfield,D17,V17,van,Rain,2026-06-20 07:37:00,2026-06-20 12:17:51,15,15,0,15,100.0,74.1,78.6,6.1,7,7.62,10.31,12.31
R01476,2026-06-20,Sat,VN-04,Lakeview,D19,V19,van,Rain,2026-06-20 07:30:00,2026-06-20 12:37:45,16,16,0,13,81.2,105.0,109.3,4.1,0,9.74,11.22,15.73
R01477,2026-06-20,Sat,TR-01,Foundry District,D21,V21,truck,Rain,2026-06-20 06:09:00,2026-06-20 12:57:43,8,7,1,7,100.0,267.0,281.0,5.2,37,84.89,3.31,135.65
R01478,2026-06-20,Sat,TR-03,Granite Hill,D23,V23,truck,Rain,2026-06-20 06:07:00,2026-06-20 15:25:37,11,11,0,11,100.0,231.0,242.5,5.0,43,70.63,3.43,111.53
R01479,2026-06-22,Mon,BK-05,Northgate,D01,V01,motorbike,Clear,2026-06-22 12:33:00,2026-06-22 18:25:51,30,29,1,26,89.7,42.9,44.9,4.7,11,1.18,38.1,2.04
R01480,2026-06-22,Mon,BK-01,Harbor Row,D02,V02,motorbike,Clear,2026-06-22 12:34:00,2026-06-22 16:24:08,19,17,2,15,88.2,34.4,35.1,2.0,16,1.07,32.7,1.87
R01481,2026-06-22,Mon,BK-05,Northgate,D03,V03,motorbike,Clear,2026-06-22 12:39:00,2026-06-22 18:33:29,30,30,0,21,70.0,42.9,44.8,4.4,17,1.18,37.88,2.05
R01482,2026-06-22,Mon,BK-03,Old Mill,D04,V04,motorbike,Clear,2026-06-22 12:38:00,2026-06-22 17:06:39,23,23,0,23,100.0,42.0,43.5,3.6,23,1.24,35.02,2.16
R01483,2026-06-22,Mon,BK-06,Elm Park,D05,V05,motorbike,Clear,2026-06-22 07:34:00,2026-06-22 12:52:49,28,28,0,28,100.0,42.0,43.1,2.6,26,1.18,36.52,2.03
R01484,2026-06-22,Mon,BK-04,Riverside,D06,V06,motorbike,Clear,2026-06-22 07:37:00,2026-06-22 11:30:26,20,19,1,19,100.0,56.2,56.8,1.1,15,1.68,33.87,2.88
R01485,2026-06-22,Mon,BK-05,Northgate,D07,V07,motorbike,Clear,2026-06-22 07:40:00,2026-06-22 13:18:10,29,28,1,26,92.9,41.4,44.1,6.5,0,1.22,36.02,2.13
R01486,2026-06-22,Mon,BK-03,Old Mill,D08,V08,motorbike,Clear,2026-06-22 07:32:00,2026-06-22 12:02:53,24,23,1,23,100.0,43.8,46.2,5.5,16,1.34,34.38,2.33
R01487,2026-06-22,Mon,BK-03,Old Mill,D09,V09,motorbike,Clear,2026-06-22 12:38:00,2026-06-22 17:10:43,23,20,3,17,85.0,42.0,43.5,3.6,8,1.16,37.66,2.01
R01488,2026-06-22,Mon,BK-04,Riverside,D10,V10,motorbike,Clear,2026-06-22 12:33:00,2026-06-22 16:51:37,22,21,1,21,100.0,61.8,63.4,2.6,0,1.77,35.89,3.08
R01489,2026-06-22,Mon,BK-03,Old Mill,D11,V11,motorbike,Clear,2026-06-22 07:32:00,2026-06-22 12:09:02,24,23,1,23,100.0,43.8,45.4,3.7,25,1.21,37.46,2.11
R01490,2026-06-22,Mon,BK-05,Northgate,D12,V12,motorbike,Clear,2026-06-22 07:31:00,2026-06-22 12:40:55,26,26,0,21,80.8,37.1,40.7,9.7,0,1.22,33.31,2.12
R01491,2026-06-22,Mon,BK-06,Elm Park,D13,V13,motorbike,Clear,2026-06-22 07:36:00,2026-06-22 12:35:21,26,26,0,26,100.0,39.0,40.1,2.8,24,1.09,36.96,1.88
R01492,2026-06-22,Mon,BK-02,Maple Heights,D14,V14,motorbike,Clear,2026-06-22 12:40:00,2026-06-22 17:28:31,24,20,4,20,100.0,45.0,47.7,6.0,34,1.42,33.7,2.45
R01493,2026-06-22,Mon,VN-02,Brookfield,D15,V15,van,Clear,2026-06-22 07:36:00,2026-06-22 13:30:57,19,19,0,18,94.7,93.9,95.1,1.3,0,8.4,11.32,13.42
R01494,2026-06-22,Mon,VN-01,Cedar Point,D16,V16,van,Clear,2026-06-22 07:32:00,2026-06-22 12:15:20,15,15,0,15,100.0,70.3,71.3,1.4,0,5.94,12.0,9.49
R01495,2026-06-22,Mon,VN-03,Stonebridge,D17,V17,van,Clear,2026-06-22 07:33:00,2026-06-22 13:31:02,20,18,2,18,100.0,108.0,110.9,2.7,0,9.53,11.64,15.24
R01496,2026-06-22,Mon,VN-04,Lakeview,D18,V18,van,Clear,2026-06-22 07:37:00,2026-06-22 13:09:29,18,15,3,14,93.3,118.1,121.3,2.7,0,10.93,11.1,17.41
R01497,2026-06-22,Mon,VN-03,Stonebridge,D19,V19,van,Clear,2026-06-22 07:39:00,2026-06-22 13:06:47,18,18,0,18,100.0,97.2,102.1,5.0,36,9.83,10.39,15.81
R01498,2026-06-22,Mon,VN-01,Cedar Point,D20,V20,van,Clear,2026-06-22 07:34:00,2026-06-22 12:00:47,14,12,2,11,91.7,65.6,66.8,1.8,29,6.15,10.87,9.9
R01499,2026-06-22,Mon,TR-02,Westfield,D21,V21,truck,Clear,2026-06-22 06:05:00,2026-06-22 13:46:51,9,9,0,9,100.0,308.2,310.3,0.7,108,89.38,3.47,139.47
R01500,2026-06-22,Mon,TR-03,Granite Hill,D22,V22,truck,Clear,2026-06-22 06:02:00,2026-06-22 16:01:21,12,12,0,12,100.0,252.0,257.8,2.3,25,79.67,3.24,126.53
R01501,2026-06-22,Mon,TR-01,Foundry District,D24,V24,truck,Clear,2026-06-22 06:01:00,2026-06-22 13:48:28,9,9,0,7,77.8,300.4,314.5,4.7,78,82.5,3.81,130.22
R01502,2026-06-23,Tue,BK-05,Northgate,D01,V01,motorbike,Rain,2026-06-23 12:35:00,2026-06-23 17:43:40,26,24,2,22,91.7,37.1,39.7,7.0,34,1.15,34.53,2.0
R01503,2026-06-23,Tue,BK-05,Northgate,D02,V02,motorbike,Rain,2026-06-23 12:33:00,2026-06-23 18:11:53,29,24,5,22,91.7,41.4,43.8,5.8,32,1.46,29.96,2.52
R01504,2026-06-23,Tue,BK-05,Northgate,D03,V03,motorbike,Rain,2026-06-23 12:38:00,2026-06-23 18:03:52,27,27,0,21,77.8,38.6,41.4,7.3,0,1.04,39.76,1.8
R01505,2026-06-23,Tue,BK-02,Maple Heights,D04,V04,motorbike,Rain,2026-06-23 12:36:00,2026-06-23 17:48:30,26,22,4,20,90.9,48.8,53.1,8.8,37,1.61,33.02,2.78
R01506,2026-06-23,Tue,BK-01,Harbor Row,D05,V05,motorbike,Rain,2026-06-23 07:38:00,2026-06-23 11:47:11,21,19,2,19,100.0,38.0,39.8,4.7,0,1.01,39.51,1.73
R01507,2026-06-23,Tue,BK-02,Maple Heights,D06,V06,motorbike,Rain,2026-06-23 07:32:00,2026-06-23 12:21:36,24,22,2,16,72.7,45.0,47.3,5.1,25,1.47,32.2,2.54
R01508,2026-06-23,Tue,BK-01,Harbor Row,D07,V07,motorbike,Rain,2026-06-23 07:33:00,2026-06-23 11:33:56,20,19,1,19,100.0,36.2,39.8,9.9,0,1.15,34.54,2.01
R01509,2026-06-23,Tue,BK-06,Elm Park,D08,V08,motorbike,Rain,2026-06-23 07:40:00,2026-06-23 13:03:20,28,25,3,25,100.0,42.0,46.0,9.5,0,1.3,35.32,2.25
R01510,2026-06-23,Tue,BK-02,Maple Heights,D09,V09,motorbike,Rain,2026-06-23 12:35:00,2026-06-23 17:52:03,26,25,1,21,84.0,48.8,51.3,5.1,18,1.45,35.36,2.51
R01511,2026-06-23,Tue,BK-01,Harbor Row,D10,V10,motorbike,Rain,2026-06-23 12:32:00,2026-06-23 16:53:47,22,20,2,19,95.0,39.8,42.5,6.8,16,1.24,34.23,2.14
R01512,2026-06-23,Tue,BK-01,Harbor Row,D11,V11,motorbike,Rain,2026-06-23 07:40:00,2026-06-23 11:44:55,21,21,0,21,100.0,38.0,41.2,8.4,6,1.08,38.17,1.86
R01513,2026-06-23,Tue,BK-06,Elm Park,D12,V12,motorbike,Rain,2026-06-23 07:35:00,2026-06-23 12:21:18,24,24,0,23,95.8,36.0,41.4,15.0,26,1.41,29.46,2.44
R01514,2026-06-23,Tue,BK-06,Elm Park,D13,V13,motorbike,Rain,2026-06-23 07:37:00,2026-06-23 12:51:03,27,27,0,25,92.6,40.5,42.8,5.7,0,1.14,37.42,1.97
R01515,2026-06-23,Tue,BK-03,Old Mill,D14,V14,motorbike,Rain,2026-06-23 12:33:00,2026-06-23 17:13:35,24,22,2,22,100.0,43.8,47.8,9.1,0,1.27,37.67,2.19
R01516,2026-06-23,Tue,VN-02,Brookfield,D15,V15,van,Rain,2026-06-23 07:30:00,2026-06-23 13:02:42,18,18,0,18,100.0,88.9,96.6,8.7,17,8.9,10.86,14.03
R01517,2026-06-23,Tue,VN-04,Lakeview,D16,V16,van,Rain,2026-06-23 07:38:00,2026-06-23 12:19:47,15,13,2,12,92.3,98.4,102.0,3.7,0,9.02,11.31,14.27
R01518,2026-06-23,Tue,VN-02,Brookfield,D17,V17,van,Rain,2026-06-23 07:38:00,2026-06-23 12:23:17,15,13,2,13,100.0,74.1,78.5,5.9,45,8.07,9.73,12.8
R01519,2026-06-23,Tue,VN-01,Cedar Point,D18,V18,van,Rain,2026-06-23 07:35:00,2026-06-23 12:49:59,17,17,0,17,100.0,79.7,86.1,8.0,15,8.33,10.34,13.25
R01520,2026-06-23,Tue,VN-01,Cedar Point,D19,V19,van,Rain,2026-06-23 07:32:00,2026-06-23 13:02:33,18,17,1,16,94.1,84.4,89.8,6.4,0,8.15,11.02,13.13
R01521,2026-06-23,Tue,VN-02,Brookfield,D20,V20,van,Rain,2026-06-23 07:35:00,2026-06-23 12:52:36,17,15,2,14,93.3,84.0,89.0,6.0,52,9.14,9.74,14.46
R01522,2026-06-23,Tue,TR-02,Westfield,D21,V21,truck,Rain,2026-06-23 06:09:00,2026-06-23 13:02:30,8,8,0,8,100.0,274.0,283.7,3.5,113,90.12,3.15,142.7
R01523,2026-06-23,Tue,TR-01,Foundry District,D22,V22,truck,Rain,2026-06-23 06:01:00,2026-06-23 13:40:13,9,9,0,9,100.0,300.4,318.3,6.0,53,97.44,3.27,154.44
R01524,2026-06-23,Tue,TR-03,Granite Hill,D23,V23,truck,Rain,2026-06-23 06:03:00,2026-06-23 14:33:11,10,8,2,7,87.5,210.0,222.9,6.1,0,59.46,3.75,95.59
R01525,2026-06-23,Tue,TR-01,Foundry District,D24,V24,truck,Rain,2026-06-23 06:07:00,2026-06-23 11:25:25,6,6,0,6,100.0,200.2,210.8,5.3,45,62.15,3.39,99.01
R01526,2026-06-24,Wed,BK-05,Northgate,D01,V01,motorbike,Rain,2026-06-24 12:33:00,2026-06-24 17:58:54,27,25,2,24,96.0,38.6,41.2,6.7,24,1.12,36.73,1.93
R01527,2026-06-24,Wed,BK-04,Riverside,D02,V02,motorbike,Rain,2026-06-24 12:30:00,2026-06-24 16:44:11,21,16,5,16,100.0,59.0,61.6,4.4,50,2.04,30.26,3.5
R01528,2026-06-24,Wed,BK-02,Maple Heights,D03,V03,motorbike,Rain,2026-06-24 12:36:00,2026-06-24 17:39:17,24,21,3,13,61.9,45.0,47.1,4.7,16,1.21,38.92,2.08
R01529,2026-06-24,Wed,BK-05,Northgate,D04,V04,motorbike,Rain,2026-06-24 12:35:00,2026-06-24 18:14:53,29,28,1,26,92.9,41.4,44.1,6.5,29,1.36,32.5,2.34
R01530,2026-06-24,Wed,BK-02,Maple Heights,D05,V05,motorbike,Rain,2026-06-24 07:38:00,2026-06-24 12:23:02,24,23,1,23,100.0,45.0,48.2,7.1,12,1.3,37.19,2.24
R01531,2026-06-24,Wed,BK-02,Maple Heights,D06,V06,motorbike,Rain,2026-06-24 07:32:00,2026-06-24 12:46:16,26,24,2,22,91.7,48.8,52.4,7.4,0,1.53,34.31,2.63
R01532,2026-06-24,Wed,BK-06,Elm Park,D07,V07,motorbike,Rain,2026-06-24 07:30:00,2026-06-24 13:00:28,28,27,1,24,88.9,42.0,44.3,5.5,11,1.29,34.31,2.22
R01533,2026-06-24,Wed,BK-05,Northgate,D08,V08,motorbike,Rain,2026-06-24 07:36:00,2026-06-24 12:36:58,26,24,2,24,100.0,37.1,39.5,6.5,36,1.26,31.43,2.18
R01534,2026-06-24,Wed,BK-02,Maple Heights,D09,V09,motorbike,Rain,2026-06-24 12:32:00,2026-06-24 17:00:43,22,20,2,16,80.0,41.2,42.4,2.9,27,1.26,33.64,2.17
R01535,2026-06-24,Wed,BK-04,Riverside,D10,V10,motorbike,Rain,2026-06-24 12:40:00,2026-06-24 16:53:15,21,20,1,18,90.0,59.0,62.7,6.3,29,1.84,34.02,3.17
R01536,2026-06-24,Wed,BK-01,Harbor Row,D11,V11,motorbike,Rain,2026-06-24 07:38:00,2026-06-24 11:31:16,20,18,2,18,100.0,36.2,38.4,6.1,12,1.08,35.65,1.86
R01537,2026-06-24,Wed,BK-06,Elm Park,D12,V12,motorbike,Rain,2026-06-24 07:38:00,2026-06-24 12:49:08,26,25,1,22,88.0,39.0,44.4,13.8,18,1.49,29.78,2.57
R01538,2026-06-24,Wed,BK-01,Harbor Row,D13,V13,motorbike,Rain,2026-06-24 07:30:00,2026-06-24 11:38:13,21,19,2,19,100.0,38.0,40.1,5.5,5,1.06,37.66,1.83
R01539,2026-06-24,Wed,BK-05,Northgate,D14,V14,motorbike,Rain,2026-06-24 12:40:00,2026-06-24 18:01:29,27,26,1,22,84.6,38.6,41.4,7.3,16,1.18,35.05,2.03
R01540,2026-06-24,Wed,VN-01,Cedar Point,D15,V15,van,Rain,2026-06-24 07:38:00,2026-06-24 12:01:53,14,13,1,10,76.9,65.6,69.5,5.9,12,6.92,10.05,11.01
R01541,2026-06-24,Wed,VN-04,Lakeview,D16,V16,van,Rain,2026-06-24 07:39:00,2026-06-24 12:23:15,15,13,2,10,76.9,98.4,102.2,3.9,6,8.93,11.44,14.3
R01542,2026-06-24,Wed,VN-01,Cedar Point,D17,V17,van,Rain,2026-06-24 07:30:00,2026-06-24 11:53:42,14,13,1,13,100.0,65.6,67.8,3.4,34,7.16,9.47,11.42
R01543,2026-06-24,Wed,VN-03,Stonebridge,D18,V18,van,Rain,2026-06-24 07:30:00,2026-06-24 13:51:25,21,20,1,18,90.0,113.4,125.1,10.3,27,12.12,10.32,19.3
R01544,2026-06-24,Wed,VN-01,Cedar Point,D19,V19,van,Rain,2026-06-24 07:32:00,2026-06-24 11:47:26,14,14,0,12,85.7,65.6,71.2,8.5,0,6.6,10.79,10.52
R01545,2026-06-24,Wed,VN-01,Cedar Point,D20,V20,van,Rain,2026-06-24 07:33:00,2026-06-24 12:23:01,15,15,0,14,93.3,70.3,73.9,5.1,0,6.67,11.08,10.56
R01546,2026-06-24,Wed,TR-01,Foundry District,D21,V21,truck,Rain,2026-06-24 06:00:00,2026-06-24 12:56:10,8,8,0,8,100.0,267.0,278.6,4.3,38,84.6,3.29,134.44
R01547,2026-06-24,Wed,TR-01,Foundry District,D22,V22,truck,Rain,2026-06-24 06:02:00,2026-06-24 11:28:34,6,6,0,6,100.0,200.2,211.6,5.7,47,68.27,3.1,109.82
R01548,2026-06-24,Wed,TR-01,Foundry District,D23,V23,truck,Rain,2026-06-24 06:08:00,2026-06-24 13:59:23,9,9,0,7,77.8,300.4,315.8,5.1,13,86.72,3.64,137.98
R01549,2026-06-24,Wed,TR-03,Granite Hill,D24,V24,truck,Rain,2026-06-24 06:00:00,2026-06-24 14:35:05,10,10,0,8,80.0,210.0,221.5,5.5,38,66.39,3.34,105.88
R01550,2026-06-25,Thu,BK-05,Northgate,D01,V01,motorbike,Rain,2026-06-25 12:36:00,2026-06-25 18:20:25,29,28,1,23,82.1,41.4,44.3,7.0,16,1.19,37.27,2.06
R01551,2026-06-25,Thu,BK-01,Harbor Row,D02,V02,motorbike,Rain,2026-06-25 12:31:00,2026-06-25 16:48:43,21,21,0,16,76.2,38.0,39.8,4.7,28,1.38,28.94,2.37
R01552,2026-06-25,Thu,BK-06,Elm Park,D03,V03,motorbike,Rain,2026-06-25 12:38:00,2026-06-25 18:18:49,28,28,0,20,71.4,42.0,44.9,6.9,8,1.19,37.77,2.06
R01553,2026-06-25,Thu,BK-03,Old Mill,D04,V04,motorbike,Rain,2026-06-25 12:33:00,2026-06-25 16:55:14,22,21,1,21,100.0,40.2,42.9,6.7,27,1.36,31.53,2.35
R01554,2026-06-25,Thu,BK-04,Riverside,D05,V05,motorbike,Rain,2026-06-25 07:30:00,2026-06-25 11:19:51,20,18,2,18,100.0,56.2,58.5,4.1,34,1.7,34.44,2.93
R01555,2026-06-25,Thu,BK-01,Harbor Row,D06,V06,motorbike,Rain,2026-06-25 07:38:00,2026-06-25 11:47:10,21,21,0,21,100.0,38.0,39.7,4.5,30,1.33,29.83,2.29
R01556,2026-06-25,Thu,BK-03,Old Mill,D07,V07,motorbike,Rain,2026-06-25 07:33:00,2026-06-25 11:59:08,23,22,1,22,100.0,42.0,45.6,8.6,34,1.46,31.18,2.53
R01557,2026-06-25,Thu,BK-04,Riverside,D08,V08,motorbike,Rain,2026-06-25 07:39:00,2026-06-25 11:56:04,22,21,1,21,100.0,61.8,65.6,6.1,25,1.93,33.95,3.32
R01558,2026-06-25,Thu,BK-02,Maple Heights,D10,V10,motorbike,Rain,2026-06-25 12:40:00,2026-06-25 17:27:45,24,23,1,22,95.7,45.0,47.9,6.4,39,1.51,31.69,2.64
R01559,2026-06-25,Thu,BK-06,Elm Park,D11,V11,motorbike,Rain,2026-06-25 07:33:00,2026-06-25 12:28:13,24,23,1,21,91.3,36.0,39.0,8.3,0,0.98,39.96,1.69
R01560,2026-06-25,Thu,BK-04,Riverside,D12,V12,motorbike,Rain,2026-06-25 07:40:00,2026-06-25 11:57:24,21,19,2,12,63.2,59.0,66.0,11.9,11,2.09,31.59,3.64
R01561,2026-06-25,Thu,BK-06,Elm Park,D13,V13,motorbike,Rain,2026-06-25 07:34:00,2026-06-25 12:54:27,27,25,2,22,88.0,40.5,44.0,8.6,0,1.14,38.53,1.98
R01562,2026-06-25,Thu,BK-06,Elm Park,D14,V14,motorbike,Rain,2026-06-25 12:37:00,2026-06-25 17:35:55,25,24,1,22,91.7,37.5,40.4,7.7,0,1.06,38.18,1.82
R01563,2026-06-25,Thu,VN-01,Cedar Point,D15,V15,van,Rain,2026-06-25 07:40:00,2026-06-25 13:26:27,18,17,1,13,76.5,84.4,89.4,5.9,50,9.13,9.8,14.42
R01564,2026-06-25,Thu,VN-01,Cedar Point,D16,V16,van,Rain,2026-06-25 07:38:00,2026-06-25 12:25:02,15,14,1,8,57.1,70.3,72.1,2.6,9,7.03,10.26,11.09
R01565,2026-06-25,Thu,VN-03,Stonebridge,D17,V17,van,Rain,2026-06-25 07:30:00,2026-06-25 13:52:35,21,20,1,20,100.0,113.4,119.2,5.1,20,11.6,10.28,18.41
R01566,2026-06-25,Thu,VN-04,Lakeview,D18,V18,van,Rain,2026-06-25 07:37:00,2026-06-25 12:45:38,17,16,1,16,100.0,111.6,117.5,5.3,16,10.96,10.72,17.3
R01567,2026-06-25,Thu,VN-02,Brookfield,D19,V19,van,Rain,2026-06-25 07:32:00,2026-06-25 12:17:55,15,13,2,12,92.3,74.1,78.2,5.5,30,7.63,10.25,12.26
R01568,2026-06-25,Thu,VN-04,Lakeview,D20,V20,van,Rain,2026-06-25 07:31:00,2026-06-25 13:05:37,18,17,1,13,76.5,118.1,120.9,2.4,9,11.77,10.27,18.54
R01569,2026-06-25,Thu,TR-02,Westfield,D21,V21,truck,Rain,2026-06-25 06:03:00,2026-06-25 14:40:02,10,9,1,6,66.7,342.5,362.1,5.7,87,110.93,3.26,178.51
R01570,2026-06-25,Thu,TR-03,Granite Hill,D22,V22,truck,Rain,2026-06-25 06:05:00,2026-06-25 16:08:40,12,11,1,8,72.7,252.0,264.3,4.9,10,84.45,3.13,134.38
R01571,2026-06-25,Thu,TR-01,Foundry District,D23,V23,truck,Rain,2026-06-25 06:00:00,2026-06-25 12:17:46,7,7,0,7,100.0,233.6,247.7,6.0,92,69.81,3.55,110.93
R01572,2026-06-25,Thu,TR-01,Foundry District,D24,V24,truck,Rain,2026-06-25 06:02:00,2026-06-25 14:38:38,10,9,1,8,88.9,333.8,355.5,6.5,57,104.64,3.4,165.83
R01573,2026-06-26,Fri,BK-04,Riverside,D01,V01,motorbike,Clear,2026-06-26 12:30:00,2026-06-26 16:39:14,21,20,1,20,100.0,59.0,61.0,3.4,21,1.58,38.62,2.73
R01574,2026-06-26,Fri,BK-03,Old Mill,D02,V02,motorbike,Clear,2026-06-26 12:34:00,2026-06-26 17:21:29,25,21,4,21,100.0,45.7,46.9,2.6,0,1.33,35.3,2.31
R01575,2026-06-26,Fri,BK-02,Maple Heights,D03,V03,motorbike,Clear,2026-06-26 12:36:00,2026-06-26 17:05:51,22,22,0,17,77.3,41.2,42.4,2.9,0,0.99,42.86,1.73
R01576,2026-06-26,Fri,BK-05,Northgate,D04,V04,motorbike,Clear,2026-06-26 12:36:00,2026-06-26 18:01:30,27,26,1,20,76.9,38.6,41.6,7.8,15,1.18,35.22,2.05
R01577,2026-06-26,Fri,BK-05,Northgate,D05,V05,motorbike,Clear,2026-06-26 07:36:00,2026-06-26 12:47:27,27,27,0,27,100.0,38.6,40.4,4.7,8,1.04,39.02,1.79
R01578,2026-06-26,Fri,BK-03,Old Mill,D06,V06,motorbike,Clear,2026-06-26 07:38:00,2026-06-26 12:04:25,22,21,1,19,90.5,40.2,41.3,2.7,17,1.2,34.35,2.07
R01579,2026-06-26,Fri,BK-05,Northgate,D07,V07,motorbike,Clear,2026-06-26 07:39:00,2026-06-26 12:57:29,27,27,0,24,88.9,38.6,40.9,6.0,0,1.11,37.0,1.91
R01580,2026-06-26,Fri,BK-02,Maple Heights,D08,V08,motorbike,Clear,2026-06-26 07:34:00,2026-06-26 12:02:16,22,21,1,21,100.0,41.2,43.3,5.1,20,1.19,36.43,2.05
R01581,2026-06-26,Fri,BK-05,Northgate,D09,V09,motorbike,Clear,2026-06-26 12:39:00,2026-06-26 18:07:49,28,28,0,27,96.4,40.0,40.5,1.2,16,1.08,37.37,1.87
R01582,2026-06-26,Fri,BK-03,Old Mill,D10,V10,motorbike,Clear,2026-06-26 12:32:00,2026-06-26 16:45:25,21,21,0,19,90.5,38.3,39.7,3.7,32,1.21,32.95,2.08
R01583,2026-06-26,Fri,BK-01,Harbor Row,D11,V11,motorbike,Clear,2026-06-26 07:39:00,2026-06-26 12:05:24,22,22,0,22,100.0,39.8,41.8,5.0,7,1.07,39.15,1.83
R01584,2026-06-26,Fri,BK-04,Riverside,D12,V12,motorbike,Clear,2026-06-26 07:35:00,2026-06-26 11:54:44,22,21,1,21,100.0,61.8,68.3,10.5,0,1.92,35.59,3.3
R01585,2026-06-26,Fri,BK-05,Northgate,D13,V13,motorbike,Clear,2026-06-26 07:36:00,2026-06-26 13:35:46,30,28,2,21,75.0,42.9,43.6,1.6,8,1.11,39.2,1.92
R01586,2026-06-26,Fri,BK-06,Elm Park,D14,V14,motorbike,Clear,2026-06-26 12:30:00,2026-06-26 17:25:23,25,24,1,22,91.7,37.5,39.9,6.4,18,1.11,35.84,1.92
R01587,2026-06-26,Fri,VN-03,Stonebridge,D15,V15,van,Clear,2026-06-26 07:34:00,2026-06-26 14:01:21,21,20,1,17,85.0,113.4,113.6,0.2,18,10.61,10.71,16.83
R01588,2026-06-26,Fri,VN-04,Lakeview,D16,V16,van,Clear,2026-06-26 07:35:00,2026-06-26 12:13:11,15,13,2,13,100.0,98.4,100.9,2.5,18,8.89,11.35,14.18
R01589,2026-06-26,Fri,VN-02,Brookfield,D17,V17,van,Clear,2026-06-26 07:38:00,2026-06-26 13:22:02,19,17,2,17,100.0,93.9,96.4,2.7,16,8.52,11.31,13.64
R01590,2026-06-26,Fri,VN-01,Cedar Point,D18,V18,van,Clear,2026-06-26 07:33:00,2026-06-26 12:37:12,17,17,0,17,100.0,79.7,82.2,3.1,9,7.49,10.98,11.92
R01591,2026-06-26,Fri,VN-01,Cedar Point,D19,V19,van,Clear,2026-06-26 07:36:00,2026-06-26 13:04:15,18,18,0,18,100.0,84.4,87.5,3.7,14,8.15,10.74,12.97
R01592,2026-06-26,Fri,VN-02,Brookfield,D20,V20,van,Clear,2026-06-26 07:40:00,2026-06-26 13:14:35,18,17,1,16,94.1,88.9,88.3,-0.7,0,7.82,11.29,12.43
R01593,2026-06-26,Fri,TR-02,Westfield,D21,V21,truck,Clear,2026-06-26 06:00:00,2026-06-26 14:27:09,10,10,0,10,100.0,342.5,342.9,0.1,37,101.45,3.38,160.25
R01594,2026-06-26,Fri,TR-01,Foundry District,D22,V22,truck,Clear,2026-06-26 06:10:00,2026-06-26 11:37:46,6,5,1,4,80.0,200.2,206.5,3.1,76,67.56,3.06,107.13
R01595,2026-06-26,Fri,TR-01,Foundry District,D23,V23,truck,Clear,2026-06-26 06:06:00,2026-06-26 14:36:24,10,10,0,9,90.0,333.8,342.8,2.7,17,96.6,3.55,155.18
R01596,2026-06-26,Fri,TR-02,Westfield,D24,V24,truck,Clear,2026-06-26 06:08:00,2026-06-26 14:37:53,10,9,1,7,77.8,342.5,343.8,0.4,47,98.34,3.5,155.12
R01597,2026-06-27,Sat,BK-06,Elm Park,D01,V01,motorbike,Clear,2026-06-27 12:33:00,2026-06-27 17:36:01,26,25,1,23,92.0,39.0,40.8,4.6,42,1.14,35.66,1.96
R01598,2026-06-27,Sat,BK-05,Northgate,D03,V03,motorbike,Clear,2026-06-27 12:33:00,2026-06-27 18:12:13,28,28,0,21,75.0,40.0,41.2,3.0,0,1.02,40.54,1.75
R01599,2026-06-27,Sat,BK-03,Old Mill,D05,V05,motorbike,Clear,2026-06-27 07:31:00,2026-06-27 12:01:36,23,23,0,23,100.0,42.0,44.5,6.0,21,1.29,34.53,2.2
R01600,2026-06-27,Sat,BK-05,Northgate,D07,V07,motorbike,Clear,2026-06-27 07:33:00,2026-06-27 13:13:58,29,28,1,25,89.3,41.4,43.0,3.9,24,1.29,33.41,2.23
R01601,2026-06-27,Sat,BK-04,Riverside,D09,V09,motorbike,Clear,2026-06-27 12:35:00,2026-06-27 17:16:03,23,22,1,19,86.4,64.6,66.2,2.5,8,1.77,37.46,3.07
R01602,2026-06-27,Sat,BK-05,Northgate,D13,V13,motorbike,Clear,2026-06-27 07:37:00,2026-06-27 13:27:06,30,29,1,28,96.6,42.9,44.8,4.4,27,1.23,36.37,2.12
R01603,2026-06-27,Sat,VN-04,Lakeview,D15,V15,van,Clear,2026-06-27 07:30:00,2026-06-27 12:02:50,14,12,2,7,58.3,91.9,95.2,3.6,0,8.52,11.17,13.45
R01604,2026-06-27,Sat,VN-03,Stonebridge,D17,V17,van,Clear,2026-06-27 07:33:00,2026-06-27 14:04:39,22,20,2,20,100.0,118.8,120.1,1.1,18,10.95,10.97,17.21
R01605,2026-06-27,Sat,VN-04,Lakeview,D19,V19,van,Clear,2026-06-27 07:38:00,2026-06-27 12:43:39,17,17,0,17,100.0,111.6,116.8,4.7,35,10.73,10.89,16.9
R01606,2026-06-27,Sat,TR-02,Westfield,D21,V21,truck,Clear,2026-06-27 06:01:00,2026-06-27 13:46:25,9,9,0,9,100.0,308.2,314.3,2.0,92,94.43,3.33,151.09
R01607,2026-06-27,Sat,TR-01,Foundry District,D23,V23,truck,Clear,2026-06-27 06:03:00,2026-06-27 12:56:31,8,7,1,7,100.0,267.0,269.0,0.7,65,77.64,3.46,123.21
R01608,2026-06-29,Mon,BK-03,Old Mill,D02,V02,motorbike,Clear,2026-06-29 12:34:00,2026-06-29 17:01:58,22,20,2,20,100.0,40.2,41.8,4.0,0,1.19,35.22,2.04
R01609,2026-06-29,Mon,BK-06,Elm Park,D03,V03,motorbike,Clear,2026-06-29 12:32:00,2026-06-29 17:40:44,26,26,0,26,100.0,39.0,39.8,2.1,0,0.94,42.15,1.61
R01610,2026-06-29,Mon,BK-06,Elm Park,D04,V04,motorbike,Clear,2026-06-29 12:32:00,2026-06-29 17:50:56,28,27,1,25,92.6,42.0,44.2,5.2,0,1.18,37.62,2.02
R01611,2026-06-29,Mon,BK-06,Elm Park,D05,V05,motorbike,Clear,2026-06-29 07:39:00,2026-06-29 13:00:58,28,27,1,27,100.0,42.0,42.6,1.4,38,1.33,32.14,2.26
R01612,2026-06-29,Mon,BK-05,Northgate,D06,V06,motorbike,Clear,2026-06-29 07:33:00,2026-06-29 12:57:21,28,27,1,24,88.9,40.0,41.4,3.5,40,1.3,31.73,2.25
R01613,2026-06-29,Mon,BK-05,Northgate,D07,V07,motorbike,Clear,2026-06-29 07:40:00,2026-06-29 12:58:05,27,26,1,26,100.0,38.6,39.9,3.4,28,1.22,32.67,2.08
R01614,2026-06-29,Mon,BK-01,Harbor Row,D08,V08,motorbike,Clear,2026-06-29 07:39:00,2026-06-29 11:23:22,19,19,0,19,100.0,34.4,35.8,4.1,0,0.95,37.56,1.63
R01615,2026-06-29,Mon,BK-05,Northgate,D09,V09,motorbike,Clear,2026-06-29 12:36:00,2026-06-29 18:43:10,30,29,1,15,51.7,42.9,43.1,0.5,33,1.31,33.02,2.24
R01616,2026-06-29,Mon,BK-03,Old Mill,D10,V10,motorbike,Clear,2026-06-29 12:34:00,2026-06-29 16:48:09,22,22,0,22,100.0,40.2,41.7,3.7,0,1.05,39.76,1.82
R01617,2026-06-29,Mon,BK-01,Harbor Row,D11,V11,motorbike,Clear,2026-06-29 07:37:00,2026-06-29 11:38:58,20,19,1,17,89.5,36.2,36.9,1.9,33,1.08,34.05,1.88
R01618,2026-06-29,Mon,BK-04,Riverside,D12,V12,motorbike,Clear,2026-06-29 07:34:00,2026-06-29 11:16:53,19,19,0,19,100.0,53.4,59.5,11.4,0,1.79,33.27,3.08
R01619,2026-06-29,Mon,BK-06,Elm Park,D13,V13,motorbike,Clear,2026-06-29 07:39:00,2026-06-29 13:01:31,28,27,1,27,100.0,42.0,42.8,1.9,11,1.14,37.4,1.98
R01620,2026-06-29,Mon,BK-01,Harbor Row,D14,V14,motorbike,Clear,2026-06-29 12:36:00,2026-06-29 16:39:13,20,20,0,19,95.0,36.2,38.6,6.6,7,1.04,37.24,1.77
R01621,2026-06-29,Mon,VN-02,Brookfield,D15,V15,van,Clear,2026-06-29 07:35:00,2026-06-29 13:03:47,18,18,0,17,94.4,88.9,93.0,4.6,22,8.58,10.84,13.57
R01622,2026-06-29,Mon,VN-01,Cedar Point,D16,V16,van,Clear,2026-06-29 07:36:00,2026-06-29 12:25:59,15,14,1,11,78.6,70.3,69.7,-0.9,0,6.15,11.34,9.59
R01623,2026-06-29,Mon,VN-04,Lakeview,D17,V17,van,Clear,2026-06-29 07:38:00,2026-06-29 12:31:07,16,15,1,15,100.0,105.0,105.6,0.6,24,9.74,10.84,15.31
R01624,2026-06-29,Mon,VN-01,Cedar Point,D19,V19,van,Clear,2026-06-29 07:34:00,2026-06-29 12:31:09,16,15,1,15,100.0,75.0,76.5,2.0,15,6.86,11.15,10.8
R01625,2026-06-29,Mon,VN-01,Cedar Point,D20,V20,van,Clear,2026-06-29 07:36:00,2026-06-29 12:00:49,14,12,2,12,100.0,65.6,65.5,-0.2,9,5.77,11.36,8.99
R01626,2026-06-29,Mon,TR-03,Granite Hill,D21,V21,truck,Clear,2026-06-29 06:03:00,2026-06-29 15:23:44,11,11,0,10,90.9,231.0,235.2,1.8,0,68.52,3.43,108.31
R01627,2026-06-29,Mon,TR-03,Granite Hill,D22,V22,truck,Clear,2026-06-29 06:03:00,2026-06-29 15:22:59,11,10,1,8,80.0,231.0,236.3,2.3,58,74.24,3.18,118.32
R01628,2026-06-29,Mon,TR-02,Westfield,D23,V23,truck,Clear,2026-06-29 06:00:00,2026-06-29 12:58:29,8,7,1,6,85.7,274.0,281.7,2.8,0,73.35,3.84,114.99
R01629,2026-06-29,Mon,TR-03,Granite Hill,D24,V24,truck,Clear,2026-06-29 06:03:00,2026-06-29 14:28:30,10,9,1,8,88.9,210.0,220.8,5.1,17,60.07,3.68,94.39
R01630,2026-06-30,Tue,BK-04,Riverside,D01,V01,motorbike,Clear,2026-06-30 12:37:00,2026-06-30 17:01:06,22,20,2,20,100.0,61.8,63.3,2.4,11,1.55,40.86,2.66
R01631,2026-06-30,Tue,BK-03,Old Mill,D02,V02,motorbike,Clear,2026-06-30 12:36:00,2026-06-30 17:05:11,23,21,2,21,100.0,42.0,43.9,4.5,39,1.43,30.61,2.47
R01632,2026-06-30,Tue,BK-01,Harbor Row,D03,V03,motorbike,Clear,2026-06-30 12:37:00,2026-06-30 16:43:48,20,20,0,20,100.0,36.2,36.8,1.7,15,0.96,38.37,1.65
R01633,2026-06-30,Tue,BK-06,Elm Park,D04,V04,motorbike,Clear,2026-06-30 12:35:00,2026-06-30 17:18:34,24,21,3,19,90.5,36.0,37.1,3.1,23,1.1,33.68,1.87
R01634,2026-06-30,Tue,BK-03,Old Mill,D05,V05,motorbike,Clear,2026-06-30 07:33:00,2026-06-30 12:13:00,25,23,2,23,100.0,45.7,47.2,3.3,0,1.17,40.49,1.98
R01635,2026-06-30,Tue,BK-02,Maple Heights,D06,V06,motorbike,Clear,2026-06-30 07:35:00,2026-06-30 12:38:24,26,25,1,24,96.0,48.8,51.8,6.1,10,1.5,34.56,2.58
R01636,2026-06-30,Tue,BK-01,Harbor Row,D07,V07,motorbike,Clear,2026-06-30 07:34:00,2026-06-30 11:19:44,19,15,4,15,100.0,34.4,35.4,2.9,6,1.0,35.24,1.73
R01637,2026-06-30,Tue,BK-06,Elm Park,D08,V08,motorbike,Clear,2026-06-30 07:32:00,2026-06-30 12:58:47,28,26,2,25,96.2,42.0,44.8,6.7,0,1.18,37.84,2.02
R01638,2026-06-30,Tue,BK-06,Elm Park,D09,V09,motorbike,Clear,2026-06-30 12:40:00,2026-06-30 17:49:30,26,22,4,20,90.9,39.0,38.6,-1.0,28,1.15,33.67,1.97
R01639,2026-06-30,Tue,BK-01,Harbor Row,D10,V10,motorbike,Clear,2026-06-30 12:30:00,2026-06-30 16:15:07,19,18,1,18,100.0,34.4,35.7,3.8,0,0.94,37.82,1.62
R01640,2026-06-30,Tue,BK-04,Riverside,D11,V11,motorbike,Clear,2026-06-30 07:34:00,2026-06-30 11:32:39,20,19,1,19,100.0,56.2,58.8,4.6,18,1.54,38.22,2.62
R01641,2026-06-30,Tue,BK-01,Harbor Row,D12,V12,motorbike,Clear,2026-06-30 07:32:00,2026-06-30 11:33:16,20,18,2,17,94.4,36.2,40.4,11.6,19,1.24,32.61,2.11
R01642,2026-06-30,Tue,BK-05,Northgate,D13,V13,motorbike,Clear,2026-06-30 07:37:00,2026-06-30 13:35:04,30,28,2,22,78.6,42.9,44.7,4.2,0,1.12,40.01,1.91
R01643,2026-06-30,Tue,BK-05,Northgate,D14,V14,motorbike,Clear,2026-06-30 12:38:00,2026-06-30 17:49:04,26,26,0,22,84.6,37.1,39.5,6.5,18,1.13,34.93,1.93
R01644,2026-06-30,Tue,VN-02,Brookfield,D15,V15,van,Clear,2026-06-30 07:33:00,2026-06-30 12:43:12,17,15,2,15,100.0,84.0,86.8,3.3,18,8.24,10.53,13.02
R01645,2026-06-30,Tue,VN-04,Lakeview,D16,V16,van,Clear,2026-06-30 07:33:00,2026-06-30 11:54:36,14,14,0,14,100.0,91.9,90.9,-1.1,13,8.23,11.04,12.91
R01646,2026-06-30,Tue,VN-03,Stonebridge,D17,V17,van,Clear,2026-06-30 07:32:00,2026-06-30 13:20:14,19,18,1,18,100.0,102.6,103.4,0.8,0,9.32,11.1,14.81
R01647,2026-06-30,Tue,VN-01,Cedar Point,D18,V18,van,Clear,2026-06-30 07:33:00,2026-06-30 12:40:04,17,17,0,17,100.0,79.7,80.6,1.1,31,7.85,10.27,12.4
R01648,2026-06-30,Tue,VN-01,Cedar Point,D19,V19,van,Clear,2026-06-30 07:32:00,2026-06-30 12:40:17,16,16,0,12,75.0,75.0,77.7,3.6,18,7.17,10.84,11.31
R01649,2026-06-30,Tue,VN-01,Cedar Point,D20,V20,van,Clear,2026-06-30 07:32:00,2026-06-30 11:52:11,14,13,1,13,100.0,65.6,66.3,1.1,0,5.91,11.22,9.29
R01650,2026-06-30,Tue,TR-01,Foundry District,D22,V22,truck,Clear,2026-06-30 06:00:00,2026-06-30 12:54:39,8,8,0,8,100.0,267.0,274.6,2.8,38,82.35,3.33,130.59
R01651,2026-06-30,Tue,TR-02,Westfield,D23,V23,truck,Clear,2026-06-30 06:04:00,2026-06-30 14:39:28,10,10,0,7,70.0,342.5,349.5,2.0,17,91.23,3.83,143.85
R01652,2026-06-30,Tue,TR-01,Foundry District,D24,V24,truck,Clear,2026-06-30 06:04:00,2026-06-30 12:13:16,7,7,0,7,100.0,233.6,238.3,2.0,31,65.93,3.61,103.58
R01653,2026-07-01,Wed,BK-03,Old Mill,D01,V01,motorbike,Clear,2026-07-01 12:35:00,2026-07-01 17:26:51,25,24,1,24,100.0,45.7,47.0,2.8,20,1.22,38.64,2.09
R01654,2026-07-01,Wed,BK-02,Maple Heights,D03,V03,motorbike,Clear,2026-07-01 12:30:00,2026-07-01 17:24:04,26,25,1,25,100.0,48.8,50.6,3.7,23,1.35,37.53,2.31
R01655,2026-07-01,Wed,BK-03,Old Mill,D04,V04,motorbike,Clear,2026-07-01 12:37:00,2026-07-01 16:50:55,21,20,1,20,100.0,38.3,40.5,5.7,16,1.12,36.12,1.93
R01656,2026-07-01,Wed,BK-06,Elm Park,D05,V05,motorbike,Clear,2026-07-01 07:39:00,2026-07-01 12:22:43,25,24,1,24,100.0,37.5,39.0,4.0,15,1.08,36.22,1.85
R01657,2026-07-01,Wed,BK-02,Maple Heights,D06,V06,motorbike,Clear,2026-07-01 07:39:00,2026-07-01 12:01:43,22,20,2,20,100.0,41.2,41.5,0.7,24,1.25,33.1,2.17
R01658,2026-07-01,Wed,BK-02,Maple Heights,D07,V07,motorbike,Clear,2026-07-01 07:32:00,2026-07-01 12:07:57,24,24,0,24,100.0,45.0,47.3,5.1,10,1.37,34.48,2.33
R01659,2026-07-01,Wed,BK-01,Harbor Row,D08,V08,motorbike,Clear,2026-07-01 07:32:00,2026-07-01 12:03:39,23,22,1,22,100.0,41.6,43.8,5.3,7,1.16,37.74,1.96
R01660,2026-07-01,Wed,BK-04,Riverside,D09,V09,motorbike,Clear,2026-07-01 12:38:00,2026-07-01 17:12:00,23,23,0,23,100.0,64.6,67.5,4.5,0,1.67,40.31,2.9
R01661,2026-07-01,Wed,BK-02,Maple Heights,D10,V10,motorbike,Clear,2026-07-01 12:31:00,2026-07-01 17:18:09,25,22,3,22,100.0,46.9,48.6,3.6,26,1.36,35.61,2.34
R01662,2026-07-01,Wed,BK-03,Old Mill,D11,V11,motorbike,Clear,2026-07-01 07:33:00,2026-07-01 12:20:13,24,23,1,22,95.7,43.8,46.0,5.0,0,1.1,41.81,1.89
R01663,2026-07-01,Wed,BK-01,Harbor Row,D12,V12,motorbike,Clear,2026-07-01 07:35:00,2026-07-01 11:36:43,20,20,0,18,90.0,36.2,39.3,8.6,0,1.12,35.06,1.91
R01664,2026-07-01,Wed,BK-03,Old Mill,D13,V13,motorbike,Clear,2026-07-01 07:40:00,2026-07-01 12:31:32,25,25,0,25,100.0,45.7,47.2,3.3,18,1.27,37.1,2.19
R01665,2026-07-01,Wed,BK-02,Maple Heights,D14,V14,motorbike,Clear,2026-07-01 12:38:00,2026-07-01 17:11:59,23,22,1,22,100.0,43.1,43.6,1.2,0,1.12,38.86,1.93
R01666,2026-07-01,Wed,VN-01,Cedar Point,D15,V15,van,Clear,2026-07-01 07:40:00,2026-07-01 12:00:30,14,14,0,14,100.0,65.6,67.9,3.5,12,6.17,11.01,9.75
R01667,2026-07-01,Wed,VN-03,Stonebridge,D16,V16,van,Clear,2026-07-01 07:35:00,2026-07-01 14:00:13,21,21,0,18,85.7,113.4,114.9,1.3,0,9.48,12.11,14.88
R01668,2026-07-01,Wed,VN-02,Brookfield,D17,V17,van,Clear,2026-07-01 07:37:00,2026-07-01 13:27:25,19,18,1,18,100.0,93.9,94.6,0.7,17,9.13,10.36,14.44
R01669,2026-07-01,Wed,VN-04,Lakeview,D18,V18,van,Clear,2026-07-01 07:33:00,2026-07-01 12:46:04,17,16,1,15,93.8,111.6,115.5,3.5,38,10.8,10.69,16.76
R01670,2026-07-01,Wed,VN-02,Brookfield,D19,V19,van,Clear,2026-07-01 07:37:00,2026-07-01 13:16:12,19,18,1,18,100.0,93.9,96.0,2.2,19,8.9,10.79,14.03
R01671,2026-07-01,Wed,VN-04,Lakeview,D20,V20,van,Clear,2026-07-01 07:36:00,2026-07-01 12:09:54,15,15,0,15,100.0,98.4,97.9,-0.5,0,8.6,11.39,13.47
R01672,2026-07-01,Wed,TR-03,Granite Hill,D21,V21,truck,Clear,2026-07-01 06:06:00,2026-07-01 14:37:27,10,10,0,10,100.0,210.0,215.7,2.7,130,65.14,3.31,101.15
R01673,2026-07-01,Wed,TR-02,Westfield,D22,V22,truck,Clear,2026-07-01 06:03:00,2026-07-01 12:18:13,7,7,0,7,100.0,239.8,252.9,5.5,62,79.27,3.19,124.49
R01674,2026-07-01,Wed,TR-01,Foundry District,D23,V23,truck,Clear,2026-07-01 06:06:00,2026-07-01 13:05:32,8,8,0,8,100.0,267.0,270.1,1.2,25,73.3,3.69,114.83
R01675,2026-07-01,Wed,TR-02,Westfield,D24,V24,truck,Clear,2026-07-01 06:05:00,2026-07-01 13:48:16,9,9,0,9,100.0,308.2,310.7,0.8,0,82.68,3.76,130.84
R01676,2026-07-02,Thu,BK-05,Northgate,D01,V01,motorbike,Clear,2026-07-02 12:34:00,2026-07-02 17:59:15,28,27,1,27,100.0,40.0,41.6,4.0,8,0.99,42.09,1.69
R01677,2026-07-02,Thu,BK-02,Maple Heights,D02,V02,motorbike,Clear,2026-07-02 12:31:00,2026-07-02 17:35:38,26,25,1,25,100.0,48.8,49.9,2.3,47,1.62,30.77,2.73
R01678,2026-07-02,Thu,BK-05,Northgate,D03,V03,motorbike,Clear,2026-07-02 12:33:00,2026-07-02 18:19:45,29,29,0,27,93.1,41.4,42.5,2.7,0,1.02,41.77,1.75
R01679,2026-07-02,Thu,BK-03,Old Mill,D04,V04,motorbike,Clear,2026-07-02 12:40:00,2026-07-02 17:00:44,22,22,0,22,100.0,40.2,41.2,2.5,0,1.06,39.02,1.8
R01680,2026-07-02,Thu,BK-02,Maple Heights,D05,V05,motorbike,Clear,2026-07-02 07:37:00,2026-07-02 12:04:21,23,23,0,23,100.0,43.1,44.2,2.6,0,1.12,39.48,1.93
R01681,2026-07-02,Thu,BK-01,Harbor Row,D06,V06,motorbike,Clear,2026-07-02 07:34:00,2026-07-02 11:56:41,22,22,0,22,100.0,39.8,40.7,2.3,16,1.19,34.31,2.05
R01682,2026-07-02,Thu,BK-03,Old Mill,D07,V07,motorbike,Clear,2026-07-02 07:34:00,2026-07-02 12:06:25,23,23,0,23,100.0,42.0,42.9,2.1,13,1.2,35.61,2.07
R01683,2026-07-02,Thu,BK-06,Elm Park,D08,V08,motorbike,Clear,2026-07-02 07:35:00,2026-07-02 12:14:47,24,20,4,20,100.0,36.0,37.2,3.3,26,1.13,32.92,1.94
R01684,2026-07-02,Thu,BK-06,Elm Park,D09,V09,motorbike,Clear,2026-07-02 12:30:00,2026-07-02 17:46:47,27,27,0,27,100.0,40.5,42.8,5.7,11,1.15,37.13,1.97
R01685,2026-07-02,Thu,BK-05,Northgate,D10,V10,motorbike,Clear,2026-07-02 12:40:00,2026-07-02 17:47:28,26,26,0,26,100.0,37.1,38.1,2.7,0,0.97,39.16,1.67
R01686,2026-07-02,Thu,BK-04,Riverside,D11,V11,motorbike,Clear,2026-07-02 07:34:00,2026-07-02 11:47:31,21,19,2,16,84.2,59.0,62.4,5.8,8,1.64,37.94,2.81
R01687,2026-07-02,Thu,BK-03,Old Mill,D12,V12,motorbike,Clear,2026-07-02 07:31:00,2026-07-02 11:50:58,22,22,0,22,100.0,40.2,44.8,11.4,32,1.55,28.97,2.65
R01688,2026-07-02,Thu,BK-03,Old Mill,D13,V13,motorbike,Clear,2026-07-02 07:33:00,2026-07-02 12:00:57,23,22,1,22,100.0,42.0,43.7,4.0,16,1.18,37.15,1.98
R01689,2026-07-02,Thu,BK-02,Maple Heights,D14,V14,motorbike,Clear,2026-07-02 12:33:00,2026-07-02 16:50:27,22,22,0,22,100.0,41.2,42.0,1.9,13,1.2,35.11,2.05
R01690,2026-07-02,Thu,VN-01,Cedar Point,D15,V15,van,Clear,2026-07-02 07:35:00,2026-07-02 12:14:09,15,15,0,15,100.0,70.3,73.0,3.8,0,6.8,10.74,10.75
R01691,2026-07-02,Thu,VN-02,Brookfield,D16,V16,van,Clear,2026-07-02 07:40:00,2026-07-02 13:31:09,19,19,0,18,94.7,93.9,93.3,-0.6,5,8.3,11.24,13.1
R01692,2026-07-02,Thu,VN-04,Lakeview,D17,V17,van,Clear,2026-07-02 07:37:00,2026-07-02 11:58:35,14,13,1,13,100.0,91.9,90.9,-1.1,18,8.48,10.72,13.34
R01693,2026-07-02,Thu,VN-03,Stonebridge,D18,V18,van,Clear,2026-07-02 07:33:00,2026-07-02 13:56:33,21,21,0,20,95.2,113.4,118.0,4.1,0,10.53,11.21,16.43
R01694,2026-07-02,Thu,VN-03,Stonebridge,D19,V19,van,Clear,2026-07-02 07:35:00,2026-07-02 12:55:42,18,17,1,17,100.0,97.2,98.3,1.1,0,8.48,11.59,13.23
R01695,2026-07-02,Thu,TR-02,Westfield,D21,V21,truck,Clear,2026-07-02 06:10:00,2026-07-02 12:23:54,7,7,0,6,85.7,239.8,247.2,3.1,39,69.01,3.58,107.73
R01696,2026-07-02,Thu,TR-02,Westfield,D22,V22,truck,Clear,2026-07-02 06:07:00,2026-07-02 13:53:48,9,9,0,8,88.9,308.2,318.9,3.5,0,98.4,3.24,155.2
R01697,2026-07-02,Thu,TR-02,Westfield,D23,V23,truck,Clear,2026-07-02 06:07:00,2026-07-02 11:37:03,6,6,0,5,83.3,205.5,209.3,1.8,44,56.29,3.72,88.06
R01698,2026-07-02,Thu,TR-03,Granite Hill,D24,V24,truck,Clear,2026-07-02 06:03:00,2026-07-02 16:02:35,12,12,0,10,83.3,252.0,265.8,5.5,19,74.13,3.59,115.24
R01699,2026-07-03,Fri,BK-05,Northgate,D01,V01,motorbike,Rain,2026-07-03 12:32:00,2026-07-03 17:45:10,26,25,1,21,84.0,37.1,39.5,6.5,34,1.11,35.46,1.89
R01700,2026-07-03,Fri,BK-01,Harbor Row,D02,V02,motorbike,Rain,2026-07-03 12:35:00,2026-07-03 16:36:31,20,20,0,20,100.0,36.2,37.8,4.4,20,1.22,30.94,2.09
R01701,2026-07-03,Fri,BK-05,Northgate,D03,V03,motorbike,Rain,2026-07-03 12:37:00,2026-07-03 17:52:17,27,25,2,20,80.0,38.6,41.2,6.7,9,1.06,38.7,1.83
R01702,2026-07-03,Fri,BK-02,Maple Heights,D04,V04,motorbike,Rain,2026-07-03 12:39:00,2026-07-03 17:30:00,24,24,0,22,91.7,45.0,49.4,9.8,44,1.59,31.06,2.74
R01703,2026-07-03,Fri,BK-06,Elm Park,D05,V05,motorbike,Rain,2026-07-03 07:30:00,2026-07-03 12:24:28,25,23,2,23,100.0,37.5,40.4,7.7,17,1.12,36.01,1.91
R01704,2026-07-03,Fri,BK-02,Maple Heights,D06,V06,motorbike,Rain,2026-07-03 07:36:00,2026-07-03 12:01:21,22,20,2,18,90.0,41.2,42.9,4.1,25,1.36,31.56,2.32
R01705,2026-07-03,Fri,BK-03,Old Mill,D07,V07,motorbike,Rain,2026-07-03 07:31:00,2026-07-03 11:41:57,21,19,2,17,89.5,38.3,41.2,7.6,8,1.18,34.95,2.0
R01706,2026-07-03,Fri,BK-05,Northgate,D08,V08,motorbike,Rain,2026-07-03 07:33:00,2026-07-03 12:52:40,27,26,1,25,96.2,38.6,41.8,8.3,11,1.27,33.0,2.17
R01707,2026-07-03,Fri,BK-03,Old Mill,D09,V09,motorbike,Rain,2026-07-03 12:36:00,2026-07-03 16:53:02,22,22,0,21,95.5,40.2,42.4,5.5,49,1.43,29.6,2.45
R01708,2026-07-03,Fri,BK-05,Northgate,D10,V10,motorbike,Rain,2026-07-03 12:35:00,2026-07-03 18:27:30,30,30,0,29,96.7,42.9,44.3,3.3,12,1.24,35.73,2.11
R01709,2026-07-03,Fri,BK-02,Maple Heights,D11,V11,motorbike,Rain,2026-07-03 07:31:00,2026-07-03 12:21:14,24,23,1,18,78.3,45.0,47.8,6.2,7,1.2,39.9,2.04
R01710,2026-07-03,Fri,BK-02,Maple Heights,D12,V12,motorbike,Rain,2026-07-03 07:38:00,2026-07-03 12:21:57,24,20,4,19,95.0,45.0,50.3,11.8,41,1.68,30.03,2.84
R01711,2026-07-03,Fri,BK-03,Old Mill,D14,V14,motorbike,Rain,2026-07-03 12:36:00,2026-07-03 16:46:26,21,20,1,20,100.0,38.3,40.9,6.8,17,1.16,35.35,1.99
R01712,2026-07-03,Fri,VN-01,Cedar Point,D15,V15,van,Rain,2026-07-03 07:33:00,2026-07-03 13:21:32,18,17,1,7,41.2,84.4,87.7,3.9,14,8.3,10.57,13.13
R01713,2026-07-03,Fri,VN-03,Stonebridge,D16,V16,van,Rain,2026-07-03 07:30:00,2026-07-03 14:14:34,22,21,1,21,100.0,118.8,125.0,5.2,21,11.96,10.45,18.71
R01714,2026-07-03,Fri,VN-03,Stonebridge,D17,V17,van,Rain,2026-07-03 07:37:00,2026-07-03 13:07:39,18,18,0,17,94.4,97.2,102.1,5.0,34,10.11,10.1,15.92
R01715,2026-07-03,Fri,VN-04,Lakeview,D18,V18,van,Rain,2026-07-03 07:36:00,2026-07-03 12:00:39,14,13,1,12,92.3,91.9,99.8,8.6,0,9.69,10.3,15.19
R01716,2026-07-03,Fri,VN-02,Brookfield,D19,V19,van,Rain,2026-07-03 07:40:00,2026-07-03 12:21:30,15,12,3,12,100.0,74.1,78.1,5.4,6,7.2,10.85,11.25
R01717,2026-07-03,Fri,VN-02,Brookfield,D20,V20,van,Rain,2026-07-03 07:39:00,2026-07-03 12:46:41,16,16,0,12,75.0,79.1,81.6,3.2,24,7.75,10.52,12.15
R01718,2026-07-03,Fri,TR-03,Granite Hill,D21,V21,truck,Rain,2026-07-03 06:05:00,2026-07-03 17:00:43,13,12,1,7,58.3,273.0,285.9,4.7,46,82.47,3.47,129.37
R01719,2026-07-03,Fri,TR-02,Westfield,D22,V22,truck,Rain,2026-07-03 06:09:00,2026-07-03 11:33:41,6,6,0,6,100.0,205.5,212.0,3.2,28,65.98,3.21,103.22
R01720,2026-07-03,Fri,TR-02,Westfield,D23,V23,truck,Rain,2026-07-03 06:04:00,2026-07-03 14:34:24,10,9,1,8,88.9,342.5,352.2,2.8,0,97.52,3.61,153.73
R01721,2026-07-03,Fri,TR-01,Foundry District,D24,V24,truck,Rain,2026-07-03 06:04:00,2026-07-03 14:30:17,10,10,0,8,80.0,333.8,356.7,6.9,0,98.59,3.62,154.73
R01722,2026-07-04,Sat,BK-04,Riverside,D01,V01,motorbike,Rain,2026-07-04 12:35:00,2026-07-04 16:58:17,22,19,3,19,100.0,61.8,66.9,8.3,11,1.68,39.83,2.84
R01723,2026-07-04,Sat,BK-03,Old Mill,D03,V03,motorbike,Rain,2026-07-04 12:30:00,2026-07-04 17:17:57,24,24,0,24,100.0,43.8,47.4,8.2,13,1.25,37.79,2.13
R01724,2026-07-04,Sat,BK-06,Elm Park,D05,V05,motorbike,Rain,2026-07-04 07:33:00,2026-07-04 12:15:09,25,24,1,24,100.0,37.5,40.1,6.9,0,1.04,38.57,1.77
R01725,2026-07-04,Sat,BK-03,Old Mill,D07,V07,motorbike,Rain,2026-07-04 07:35:00,2026-07-04 12:28:13,25,25,0,22,88.0,45.7,47.8,4.6,0,1.28,37.47,2.19
R01726,2026-07-04,Sat,BK-05,Northgate,D09,V09,motorbike,Rain,2026-07-04 12:32:00,2026-07-04 18:25:06,29,26,3,17,65.4,41.4,43.5,5.1,0,1.13,38.49,1.92
R01727,2026-07-04,Sat,BK-01,Harbor Row,D11,V11,motorbike,Rain,2026-07-04 07:30:00,2026-07-04 11:34:41,20,19,1,18,94.7,36.2,39.6,9.4,0,1.04,38.05,1.77
R01728,2026-07-04,Sat,BK-06,Elm Park,D13,V13,motorbike,Rain,2026-07-04 07:31:00,2026-07-04 12:33:07,25,25,0,24,96.0,37.5,39.1,4.3,11,1.08,36.26,1.81
R01729,2026-07-04,Sat,VN-04,Lakeview,D15,V15,van,Rain,2026-07-04 07:34:00,2026-07-04 13:10:52,18,17,1,17,100.0,118.1,123.9,4.9,28,12.59,9.84,19.67
R01730,2026-07-04,Sat,VN-04,Lakeview,D17,V17,van,Rain,2026-07-04 07:34:00,2026-07-04 12:12:26,15,14,1,14,100.0,98.4,99.9,1.5,35,9.8,10.19,15.51
R01731,2026-07-04,Sat,VN-02,Brookfield,D19,V19,van,Rain,2026-07-04 07:36:00,2026-07-04 12:37:37,16,15,1,14,93.3,79.1,84.4,6.7,34,8.31,10.15,12.93
R01732,2026-07-04,Sat,TR-01,Foundry District,D21,V21,truck,Rain,2026-07-04 06:01:00,2026-07-04 13:46:30,9,9,0,8,88.9,300.4,309.3,3.0,71,96.98,3.19,151.97
R01733,2026-07-04,Sat,TR-02,Westfield,D23,V23,truck,Rain,2026-07-04 06:02:00,2026-07-04 12:16:22,7,7,0,7,100.0,239.8,259.2,8.1,0,70.73,3.66,110.35
R01734,2026-07-06,Mon,BK-04,Riverside,D01,V01,motorbike,Clear,2026-07-06 12:37:00,2026-07-06 16:35:39,20,17,3,17,100.0,56.2,56.8,1.1,16,1.45,39.14,2.46
R01735,2026-07-06,Mon,BK-05,Northgate,D02,V02,motorbike,Clear,2026-07-06 12:34:00,2026-07-06 17:48:41,26,25,1,23,92.0,37.1,37.7,1.6,15,1.14,32.96,1.95
R01736,2026-07-06,Mon,BK-06,Elm Park,D03,V03,motorbike,Clear,2026-07-06 12:34:00,2026-07-06 18:13:25,28,26,2,20,76.9,42.0,43.0,2.4,5,1.06,40.66,1.81
R01737,2026-07-06,Mon,BK-02,Maple Heights,D04,V04,motorbike,Clear,2026-07-06 12:38:00,2026-07-06 17:31:21,25,24,1,22,91.7,46.9,49.1,4.7,0,1.33,37.05,2.24
R01738,2026-07-06,Mon,BK-03,Old Mill,D05,V05,motorbike,Clear,2026-07-06 07:33:00,2026-07-06 12:21:44,25,24,1,24,100.0,45.7,47.9,4.8,14,1.26,38.02,2.14
R01739,2026-07-06,Mon,BK-04,Riverside,D06,V06,motorbike,Clear,2026-07-06 07:31:00,2026-07-06 11:40:28,22,22,0,22,100.0,61.8,65.0,5.2,14,1.82,35.74,3.11
R01740,2026-07-06,Mon,BK-01,Harbor Row,D07,V07,motorbike,Clear,2026-07-06 07:33:00,2026-07-06 11:27:38,20,20,0,18,90.0,36.2,36.2,0.0,0,0.99,36.53,1.69
R01741,2026-07-06,Mon,BK-04,Riverside,D08,V08,motorbike,Clear,2026-07-06 07:34:00,2026-07-06 11:16:43,19,16,3,16,100.0,53.4,55.5,3.9,0,1.45,38.2,2.47
R01742,2026-07-06,Mon,BK-01,Harbor Row,D09,V09,motorbike,Clear,2026-07-06 12:30:00,2026-07-06 16:39:23,21,20,1,20,100.0,38.0,38.2,0.5,0,1.02,37.59,1.75
R01743,2026-07-06,Mon,BK-02,Maple Heights,D10,V10,motorbike,Clear,2026-07-06 12:37:00,2026-07-06 17:29:04,26,24,2,24,100.0,48.8,50.7,3.9,18,1.49,33.99,2.56
R01744,2026-07-06,Mon,BK-05,Northgate,D11,V11,motorbike,Clear,2026-07-06 07:37:00,2026-07-06 13:28:12,30,27,3,25,92.6,42.9,44.5,3.7,14,1.14,39.01,1.95
R01745,2026-07-06,Mon,BK-06,Elm Park,D12,V12,motorbike,Clear,2026-07-06 07:31:00,2026-07-06 12:52:02,28,27,1,27,100.0,42.0,46.7,11.2,0,1.35,34.5,2.29
R01746,2026-07-06,Mon,BK-06,Elm Park,D13,V13,motorbike,Clear,2026-07-06 07:31:00,2026-07-06 12:24:19,25,23,2,23,100.0,37.5,38.8,3.5,0,1.01,38.58,1.71
R01747,2026-07-06,Mon,BK-05,Northgate,D14,V14,motorbike,Clear,2026-07-06 12:38:00,2026-07-06 18:03:23,28,27,1,27,100.0,40.0,41.3,3.2,0,1.0,41.48,1.7
R01748,2026-07-06,Mon,VN-03,Stonebridge,D15,V15,van,Clear,2026-07-06 07:40:00,2026-07-06 13:30:39,19,16,3,15,93.8,102.6,106.1,3.4,14,10.17,10.43,16.08
R01749,2026-07-06,Mon,VN-01,Cedar Point,D16,V16,van,Clear,2026-07-06 07:31:00,2026-07-06 11:55:24,14,14,0,14,100.0,65.6,67.6,3.0,0,5.95,11.37,9.36
R01750,2026-07-06,Mon,VN-02,Brookfield,D17,V17,van,Clear,2026-07-06 07:30:00,2026-07-06 13:10:51,19,18,1,18,100.0,93.9,96.8,3.1,7,8.69,11.13,13.5
R01751,2026-07-06,Mon,VN-03,Stonebridge,D18,V18,van,Clear,2026-07-06 07:37:00,2026-07-06 13:53:02,21,20,1,20,100.0,113.4,119.3,5.2,40,11.22,10.63,17.68
R01752,2026-07-06,Mon,VN-02,Brookfield,D19,V19,van,Clear,2026-07-06 07:33:00,2026-07-06 12:44:05,17,16,1,16,100.0,84.0,84.5,0.6,17,7.66,11.04,12.06
R01753,2026-07-06,Mon,VN-01,Cedar Point,D20,V20,van,Clear,2026-07-06 07:40:00,2026-07-06 12:53:01,17,15,2,15,100.0,79.7,81.1,1.8,0,7.09,11.44,11.15
R01754,2026-07-06,Mon,TR-03,Granite Hill,D21,V21,truck,Clear,2026-07-06 06:09:00,2026-07-06 15:23:50,11,11,0,10,90.9,231.0,239.1,3.5,38,71.18,3.36,112.14
R01755,2026-07-06,Mon,TR-02,Westfield,D22,V22,truck,Clear,2026-07-06 06:00:00,2026-07-06 12:07:57,7,7,0,7,100.0,239.8,238.8,-0.4,71,72.28,3.3,113.02
R01756,2026-07-06,Mon,TR-03,Granite Hill,D23,V23,truck,Clear,2026-07-06 06:05:00,2026-07-06 14:30:12,10,10,0,10,100.0,210.0,222.2,5.8,0,58.47,3.8,91.76
R01757,2026-07-06,Mon,TR-02,Westfield,D24,V24,truck,Clear,2026-07-06 06:09:00,2026-07-06 11:29:37,6,5,1,5,100.0,205.5,210.9,2.6,21,56.43,3.74,88.45
R01758,2026-07-07,Tue,BK-04,Riverside,D01,V01,motorbike,Rain,2026-07-07 12:30:00,2026-07-07 16:53:55,22,21,1,21,100.0,61.8,64.9,5.0,17,1.71,38.05,2.9
R01759,2026-07-07,Tue,BK-04,Riverside,D02,V02,motorbike,Rain,2026-07-07 12:36:00,2026-07-07 16:38:01,20,15,5,15,100.0,56.2,59.0,5.0,9,1.86,31.79,3.17
R01760,2026-07-07,Tue,BK-06,Elm Park,D03,V03,motorbike,Rain,2026-07-07 12:30:00,2026-07-07 17:51:44,27,25,2,20,80.0,40.5,43.5,7.4,0,1.03,42.39,1.75
R01761,2026-07-07,Tue,BK-01,Harbor Row,D04,V04,motorbike,Rain,2026-07-07 12:35:00,2026-07-07 16:49:33,21,20,1,20,100.0,38.0,42.3,11.3,13,1.26,33.61,2.13
R01762,2026-07-07,Tue,BK-05,Northgate,D06,V06,motorbike,Rain,2026-07-07 07:30:00,2026-07-07 13:25:37,30,28,2,14,50.0,42.9,44.8,4.4,25,1.35,33.18,2.3
R01763,2026-07-07,Tue,BK-01,Harbor Row,D07,V07,motorbike,Rain,2026-07-07 07:30:00,2026-07-07 11:35:17,20,18,2,18,100.0,36.2,39.1,8.0,55,1.37,28.6,2.32
R01764,2026-07-07,Tue,BK-03,Old Mill,D08,V08,motorbike,Rain,2026-07-07 07:32:00,2026-07-07 11:51:04,22,21,1,21,100.0,40.2,43.0,7.0,27,1.32,32.49,2.25
R01765,2026-07-07,Tue,BK-02,Maple Heights,D09,V09,motorbike,Rain,2026-07-07 12:34:00,2026-07-07 17:28:42,24,24,0,22,91.7,45.0,48.0,6.7,9,1.37,34.97,2.31
R01766,2026-07-07,Tue,BK-06,Elm Park,D10,V10,motorbike,Rain,2026-07-07 12:38:00,2026-07-07 17:26:35,24,23,1,17,73.9,36.0,38.3,6.4,0,1.03,37.21,1.75
R01767,2026-07-07,Tue,BK-02,Maple Heights,D11,V11,motorbike,Rain,2026-07-07 07:34:00,2026-07-07 12:19:49,24,23,1,16,69.6,45.0,48.0,6.7,0,1.26,38.19,2.13
R01768,2026-07-07,Tue,BK-06,Elm Park,D12,V12,motorbike,Rain,2026-07-07 07:33:00,2026-07-07 13:03:24,28,27,1,21,77.8,42.0,47.6,13.3,28,1.52,31.41,2.57
R01769,2026-07-07,Tue,BK-04,Riverside,D13,V13,motorbike,Rain,2026-07-07 07:40:00,2026-07-07 11:37:03,20,19,1,19,100.0,56.2,59.8,6.4,31,1.78,33.6,3.01
R01770,2026-07-07,Tue,BK-06,Elm Park,D14,V14,motorbike,Rain,2026-07-07 12:35:00,2026-07-07 17:41:35,26,25,1,23,92.0,39.0,41.8,7.2,9,1.09,38.33,1.86
R01771,2026-07-07,Tue,VN-04,Lakeview,D15,V15,van,Rain,2026-07-07 07:38:00,2026-07-07 12:28:51,15,14,1,11,78.6,98.4,105.3,7.0,42,10.71,9.83,16.76
R01772,2026-07-07,Tue,VN-01,Cedar Point,D16,V16,van,Rain,2026-07-07 07:32:00,2026-07-07 13:00:49,18,18,0,17,94.4,84.4,87.4,3.6,13,8.22,10.64,12.91
R01773,2026-07-07,Tue,VN-04,Lakeview,D17,V17,van,Rain,2026-07-07 07:35:00,2026-07-07 12:49:17,17,17,0,17,100.0,111.6,116.8,4.7,17,11.27,10.36,17.55
R01774,2026-07-07,Tue,VN-02,Brookfield,D18,V18,van,Rain,2026-07-07 07:31:00,2026-07-07 13:04:45,18,18,0,16,88.9,88.9,94.4,6.2,28,9.18,10.28,14.36
R01775,2026-07-07,Tue,VN-04,Lakeview,D19,V19,van,Rain,2026-07-07 07:33:00,2026-07-07 12:48:21,17,16,1,16,100.0,111.6,117.2,5.0,42,11.44,10.25,17.93
R01776,2026-07-07,Tue,VN-04,Lakeview,D20,V20,van,Rain,2026-07-07 07:39:00,2026-07-07 12:28:46,15,14,1,12,85.7,98.4,102.5,4.2,0,9.37,10.94,14.45
R01777,2026-07-07,Tue,TR-03,Granite Hill,D21,V21,truck,Rain,2026-07-07 06:09:00,2026-07-07 14:41:35,10,10,0,6,60.0,210.0,218.4,4.0,71,65.04,3.36,101.73
R01778,2026-07-07,Tue,TR-01,Foundry District,D22,V22,truck,Rain,2026-07-07 06:10:00,2026-07-07 11:47:46,6,6,0,5,83.3,200.2,202.3,1.0,22,65.72,3.08,102.15
R01779,2026-07-07,Tue,TR-02,Westfield,D24,V24,truck,Rain,2026-07-07 06:08:00,2026-07-07 12:18:41,7,7,0,7,100.0,239.8,256.3,6.9,74,76.01,3.37,119.05
R01780,2026-07-08,Wed,BK-03,Old Mill,D01,V01,motorbike,Clear,2026-07-08 12:37:00,2026-07-08 16:52:39,21,20,1,19,95.0,38.3,39.1,2.1,0,0.97,40.3,1.63
R01781,2026-07-08,Wed,BK-03,Old Mill,D02,V02,motorbike,Clear,2026-07-08 12:38:00,2026-07-08 17:35:33,25,25,0,25,100.0,45.7,47.2,3.3,8,1.36,34.58,2.31
R01782,2026-07-08,Wed,BK-02,Maple Heights,D03,V03,motorbike,Clear,2026-07-08 12:38:00,2026-07-08 17:02:28,23,22,1,22,100.0,43.1,45.2,4.9,8,1.13,39.9,1.92
R01783,2026-07-08,Wed,BK-06,Elm Park,D04,V04,motorbike,Clear,2026-07-08 12:39:00,2026-07-08 17:22:10,24,23,1,23,100.0,36.0,37.7,4.7,0,1.02,36.99,1.74
R01784,2026-07-08,Wed,BK-03,Old Mill,D05,V05,motorbike,Clear,2026-07-08 07:31:00,2026-07-08 12:14:21,25,23,2,23,100.0,45.7,47.4,3.7,17,1.26,37.71,2.14
R01785,2026-07-08,Wed,BK-04,Riverside,D06,V06,motorbike,Clear,2026-07-08 07:39:00,2026-07-08 11:56:53,21,21,0,17,81.0,59.0,59.6,1.0,40,1.76,33.83,2.97
R01786,2026-07-08,Wed,BK-01,Harbor Row,D07,V07,motorbike,Clear,2026-07-08 07:38:00,2026-07-08 11:52:17,22,22,0,22,100.0,39.8,39.9,0.3,11,1.17,34.22,1.99
R01787,2026-07-08,Wed,BK-02,Maple Heights,D08,V08,motorbike,Clear,2026-07-08 07:33:00,2026-07-08 12:04:46,23,21,2,20,95.2,43.1,43.7,1.4,16,1.22,35.96,2.06
R01788,2026-07-08,Wed,BK-02,Maple Heights,D09,V09,motorbike,Clear,2026-07-08 12:34:00,2026-07-08 17:37:49,26,26,0,26,100.0,48.8,50.2,2.9,12,1.34,37.42,2.28
R01789,2026-07-08,Wed,BK-01,Harbor Row,D10,V10,motorbike,Clear,2026-07-08 12:34:00,2026-07-08 16:45:11,21,19,2,19,100.0,38.0,38.7,1.8,9,1.1,35.07,1.87
R01790,2026-07-08,Wed,BK-03,Old Mill,D11,V11,motorbike,Clear,2026-07-08 07:38:00,2026-07-08 11:48:05,21,19,2,19,100.0,38.3,39.7,3.7,15,1.05,37.7,1.79
R01791,2026-07-08,Wed,BK-06,Elm Park,D12,V12,motorbike,Clear,2026-07-08 07:32:00,2026-07-08 12:46:31,27,26,1,25,96.2,40.5,45.8,13.1,17,1.37,33.5,2.29
R01792,2026-07-08,Wed,BK-05,Northgate,D13,V13,motorbike,Clear,2026-07-08 07:36:00,2026-07-08 12:36:34,26,22,4,19,86.4,37.1,37.6,1.3,17,1.03,36.64,1.74
R01793,2026-07-08,Wed,BK-02,Maple Heights,D14,V14,motorbike,Clear,2026-07-08 12:31:00,2026-07-08 16:48:03,22,20,2,20,100.0,41.2,42.6,3.4,15,1.13,37.64,1.93
R01794,2026-07-08,Wed,VN-01,Cedar Point,D15,V15,van,Clear,2026-07-08 07:40:00,2026-07-08 12:02:00,14,14,0,14,100.0,65.6,67.7,3.2,0,5.83,11.62,9.12
R01795,2026-07-08,Wed,VN-01,Cedar Point,D16,V16,van,Clear,2026-07-08 07:31:00,2026-07-08 12:12:12,15,14,1,14,100.0,70.3,69.8,-0.7,12,6.46,10.81,10.08
R01796,2026-07-08,Wed,VN-02,Brookfield,D17,V17,van,Clear,2026-07-08 07:37:00,2026-07-08 13:02:30,18,17,1,17,100.0,88.9,91.1,2.5,15,8.5,10.72,13.11
R01797,2026-07-08,Wed,VN-03,Stonebridge,D18,V18,van,Clear,2026-07-08 07:35:00,2026-07-08 13:13:06,18,17,1,17,100.0,97.2,101.6,4.5,36,9.58,10.6,14.94
R01798,2026-07-08,Wed,VN-04,Lakeview,D19,V19,van,Clear,2026-07-08 07:30:00,2026-07-08 12:44:29,17,17,0,17,100.0,111.6,116.7,4.6,5,10.46,11.16,16.31
R01799,2026-07-08,Wed,TR-01,Foundry District,D21,V21,truck,Clear,2026-07-08 06:06:00,2026-07-08 13:02:10,8,7,1,7,100.0,267.0,271.5,1.7,131,81.24,3.34,126.6
R01800,2026-07-08,Wed,TR-01,Foundry District,D22,V22,truck,Clear,2026-07-08 06:10:00,2026-07-08 11:38:23,6,6,0,6,100.0,200.2,203.5,1.6,15,61.88,3.29,96.89
R01801,2026-07-08,Wed,TR-02,Westfield,D23,V23,truck,Clear,2026-07-08 06:00:00,2026-07-08 13:48:10,9,8,1,6,75.0,308.2,315.0,2.2,28,85.75,3.67,133.1
R01802,2026-07-08,Wed,TR-01,Foundry District,D24,V24,truck,Clear,2026-07-08 06:10:00,2026-07-08 14:44:32,10,10,0,9,90.0,333.8,338.0,1.3,13,91.25,3.7,142.73
R01803,2026-07-09,Thu,BK-01,Harbor Row,D01,V01,motorbike,Clear,2026-07-09 12:36:00,2026-07-09 16:37:54,21,20,1,20,100.0,38.0,39.1,2.9,0,0.93,41.93,1.58
R01804,2026-07-09,Thu,BK-04,Riverside,D02,V02,motorbike,Clear,2026-07-09 12:36:00,2026-07-09 16:58:05,22,22,0,22,100.0,61.8,64.0,3.6,26,1.92,33.31,3.3
R01805,2026-07-09,Thu,BK-03,Old Mill,D03,V03,motorbike,Clear,2026-07-09 12:31:00,2026-07-09 17:01:33,22,21,1,21,100.0,40.2,42.3,5.2,6,1.03,41.0,1.75
R01806,2026-07-09,Thu,BK-02,Maple Heights,D04,V04,motorbike,Clear,2026-07-09 12:38:00,2026-07-09 16:58:15,22,22,0,21,95.5,41.2,43.7,6.1,0,1.12,38.9,1.92
R01807,2026-07-09,Thu,BK-06,Elm Park,D06,V06,motorbike,Clear,2026-07-09 07:40:00,2026-07-09 12:39:06,25,25,0,23,92.0,37.5,39.1,4.3,5,1.13,34.67,1.93
R01808,2026-07-09,Thu,BK-04,Riverside,D07,V07,motorbike,Clear,2026-07-09 07:32:00,2026-07-09 11:35:46,21,21,0,21,100.0,59.0,61.1,3.6,31,1.77,34.45,2.98
R01809,2026-07-09,Thu,BK-05,Northgate,D08,V08,motorbike,Clear,2026-07-09 07:35:00,2026-07-09 13:03:47,28,28,0,25,89.3,40.0,43.3,8.2,22,1.26,34.26,2.13
R01810,2026-07-09,Thu,BK-01,Harbor Row,D09,V09,motorbike,Clear,2026-07-09 12:31:00,2026-07-09 17:09:43,23,21,2,19,90.5,41.6,41.1,-1.2,18,1.17,35.24,1.98
R01811,2026-07-09,Thu,BK-03,Old Mill,D10,V10,motorbike,Clear,2026-07-09 12:35:00,2026-07-09 16:50:58,21,20,1,19,95.0,38.3,39.2,2.3,5,1.06,36.81,1.81
R01812,2026-07-09,Thu,BK-05,Northgate,D12,V12,motorbike,Clear,2026-07-09 07:34:00,2026-07-09 13:25:23,30,28,2,25,89.3,42.9,47.9,11.7,10,1.42,33.83,2.39
R01813,2026-07-09,Thu,BK-05,Northgate,D13,V13,motorbike,Clear,2026-07-09 07:39:00,2026-07-09 13:24:59,30,29,1,29,100.0,42.9,44.9,4.7,19,1.18,37.99,2.0
R01814,2026-07-09,Thu,BK-06,Elm Park,D14,V14,motorbike,Clear,2026-07-09 12:32:00,2026-07-09 17:56:38,28,28,0,28,100.0,42.0,42.6,1.4,27,1.3,32.87,2.2
R01815,2026-07-09,Thu,VN-03,Stonebridge,D15,V15,van,Clear,2026-07-09 07:40:00,2026-07-09 13:25:06,19,19,0,19,100.0,102.6,107.0,4.3,5,9.7,11.03,14.95
R01816,2026-07-09,Thu,VN-04,Lakeview,D16,V16,van,Clear,2026-07-09 07:32:00,2026-07-09 12:44:53,17,16,1,16,100.0,111.6,114.1,2.2,0,9.62,11.86,14.96
R01817,2026-07-09,Thu,VN-04,Lakeview,D17,V17,van,Clear,2026-07-09 07:31:00,2026-07-09 11:55:12,14,14,0,14,100.0,91.9,89.4,-2.7,13,8.21,10.89,12.82
R01818,2026-07-09,Thu,VN-02,Brookfield,D18,V18,van,Clear,2026-07-09 07:39:00,2026-07-09 12:19:50,15,15,0,15,100.0,74.1,77.0,3.9,12,6.94,11.09,10.77
R01819,2026-07-09,Thu,VN-04,Lakeview,D19,V19,van,Clear,2026-07-09 07:31:00,2026-07-09 12:44:14,17,17,0,17,100.0,111.6,115.8,3.8,11,10.31,11.24,16.11
R01820,2026-07-09,Thu,VN-03,Stonebridge,D20,V20,van,Clear,2026-07-09 07:36:00,2026-07-09 14:06:06,21,20,1,18,90.0,113.4,117.7,3.8,0,10.45,11.26,16.22
R01821,2026-07-09,Thu,TR-03,Granite Hill,D21,V21,truck,Clear,2026-07-09 06:08:00,2026-07-09 16:14:15,12,11,1,10,90.9,252.0,251.1,-0.4,11,74.0,3.39,116.1
R01822,2026-07-09,Thu,TR-03,Granite Hill,D22,V22,truck,Clear,2026-07-09 06:03:00,2026-07-09 13:45:09,9,8,1,7,87.5,189.0,197.2,4.3,28,60.18,3.28,94.09
R01823,2026-07-09,Thu,TR-02,Westfield,D23,V23,truck,Clear,2026-07-09 06:00:00,2026-07-09 11:32:29,6,6,0,6,100.0,205.5,216.4,5.3,38,57.36,3.77,87.77
R01824,2026-07-09,Thu,TR-03,Granite Hill,D24,V24,truck,Clear,2026-07-09 06:06:00,2026-07-09 15:58:58,12,12,0,10,83.3,252.0,257.5,2.2,0,69.33,3.71,108.46
R01825,2026-07-10,Fri,BK-05,Northgate,D01,V01,motorbike,Rain,2026-07-10 12:32:00,2026-07-10 18:29:13,30,29,1,25,86.2,42.9,45.4,5.8,20,1.22,37.25,2.06
R01826,2026-07-10,Fri,BK-02,Maple Heights,D02,V02,motorbike,Rain,2026-07-10 12:36:00,2026-07-10 17:41:09,26,25,1,23,92.0,48.8,51.0,4.5,11,1.6,31.87,2.68
R01827,2026-07-10,Fri,BK-02,Maple Heights,D03,V03,motorbike,Rain,2026-07-10 12:37:00,2026-07-10 17:20:05,23,22,1,15,68.2,43.1,45.4,5.3,0,1.14,39.9,1.93
R01828,2026-07-10,Fri,BK-01,Harbor Row,D04,V04,motorbike,Rain,2026-07-10 12:35:00,2026-07-10 17:17:51,23,23,0,21,91.3,41.6,44.9,7.9,17,1.33,33.72,2.26
R01829,2026-07-10,Fri,BK-03,Old Mill,D05,V05,motorbike,Rain,2026-07-10 07:31:00,2026-07-10 12:15:29,24,24,0,24,100.0,43.8,46.0,5.0,34,1.37,33.61,2.3
R01830,2026-07-10,Fri,BK-02,Maple Heights,D06,V06,motorbike,Rain,2026-07-10 07:40:00,2026-07-10 12:53:29,26,24,2,17,70.8,48.8,50.6,3.7,0,1.43,35.51,2.41
R01831,2026-07-10,Fri,BK-06,Elm Park,D07,V07,motorbike,Rain,2026-07-10 07:30:00,2026-07-10 12:30:33,26,24,2,24,100.0,39.0,41.8,7.2,18,1.22,34.13,2.05
R01832,2026-07-10,Fri,BK-03,Old Mill,D08,V08,motorbike,Rain,2026-07-10 07:34:00,2026-07-10 12:27:50,25,24,1,24,100.0,45.7,50.4,10.3,23,1.55,32.44,2.62
R01833,2026-07-10,Fri,BK-05,Northgate,D09,V09,motorbike,Rain,2026-07-10 12:40:00,2026-07-10 18:20:13,28,28,0,23,82.1,40.0,42.3,5.7,24,1.28,33.03,2.17
R01834,2026-07-10,Fri,BK-04,Riverside,D10,V10,motorbike,Rain,2026-07-10 12:40:00,2026-07-10 16:26:23,19,19,0,19,100.0,53.4,56.8,6.4,26,1.68,33.83,2.83
R01835,2026-07-10,Fri,BK-04,Riverside,D11,V11,motorbike,Rain,2026-07-10 07:35:00,2026-07-10 11:49:30,21,19,2,16,84.2,59.0,63.6,7.8,0,1.59,40.05,2.68
R01836,2026-07-10,Fri,BK-06,Elm Park,D12,V12,motorbike,Rain,2026-07-10 07:35:00,2026-07-10 12:42:10,25,24,1,21,87.5,37.5,42.0,12.0,12,1.33,31.59,2.24
R01837,2026-07-10,Fri,BK-04,Riverside,D13,V13,motorbike,Rain,2026-07-10 07:34:00,2026-07-10 11:39:43,21,19,2,19,100.0,59.0,64.1,8.6,25,1.79,35.76,3.03
R01838,2026-07-10,Fri,BK-04,Riverside,D14,V14,motorbike,Rain,2026-07-10 12:39:00,2026-07-10 16:36:45,20,18,2,18,100.0,56.2,60.8,8.2,26,1.78,34.21,3.0
R01839,2026-07-10,Fri,VN-03,Stonebridge,D15,V15,van,Rain,2026-07-10 07:30:00,2026-07-10 13:08:35,18,17,1,17,100.0,97.2,102.7,5.7,14,10.31,9.96,15.99
R01840,2026-07-10,Fri,VN-02,Brookfield,D16,V16,van,Rain,2026-07-10 07:33:00,2026-07-10 12:53:43,17,16,1,15,93.8,84.0,87.4,4.0,0,8.02,10.9,12.45
R01841,2026-07-10,Fri,VN-01,Cedar Point,D17,V17,van,Rain,2026-07-10 07:31:00,2026-07-10 12:24:50,16,15,1,15,100.0,75.0,79.5,6.0,6,7.43,10.7,11.49
R01842,2026-07-10,Fri,VN-01,Cedar Point,D18,V18,van,Rain,2026-07-10 07:31:00,2026-07-10 12:28:02,16,15,1,15,100.0,75.0,78.8,5.1,13,7.42,10.62,11.49
R01843,2026-07-10,Fri,VN-02,Brookfield,D20,V20,van,Rain,2026-07-10 07:35:00,2026-07-10 12:57:44,17,16,1,15,93.8,84.0,85.1,1.3,15,8.36,10.18,13.01
R01844,2026-07-10,Fri,TR-01,Foundry District,D21,V21,truck,Rain,2026-07-10 06:08:00,2026-07-10 11:37:25,6,6,0,6,100.0,200.2,208.9,4.3,62,63.98,3.26,100.47
R01845,2026-07-10,Fri,TR-02,Westfield,D22,V22,truck,Rain,2026-07-10 06:04:00,2026-07-10 13:02:42,8,7,1,6,85.7,274.0,283.5,3.5,16,90.39,3.14,140.5
R01846,2026-07-10,Fri,TR-03,Granite Hill,D23,V23,truck,Rain,2026-07-10 06:06:00,2026-07-10 15:22:17,11,10,1,9,90.0,231.0,248.9,7.7,12,69.23,3.6,107.32
R01847,2026-07-11,Sat,BK-01,Harbor Row,D01,V01,motorbike,Clear,2026-07-11 12:36:00,2026-07-11 17:07:29,22,22,0,19,86.4,39.8,40.7,2.3,0,0.95,42.77,1.61
R01848,2026-07-11,Sat,BK-05,Northgate,D03,V03,motorbike,Clear,2026-07-11 12:31:00,2026-07-11 17:52:47,26,24,2,20,83.3,37.1,38.2,3.0,13,1.0,38.17,1.68
R01849,2026-07-11,Sat,BK-03,Old Mill,D05,V05,motorbike,Clear,2026-07-11 07:38:00,2026-07-11 11:54:06,22,22,0,22,100.0,40.2,40.5,0.7,0,1.07,37.84,1.81
R01850,2026-07-11,Sat,BK-05,Northgate,D07,V07,motorbike,Clear,2026-07-11 07:38:00,2026-07-11 13:17:09,28,27,1,24,88.9,40.0,40.6,1.5,0,1.11,36.49,1.87
R01851,2026-07-11,Sat,BK-06,Elm Park,D11,V11,motorbike,Clear,2026-07-11 07:36:00,2026-07-11 12:18:26,24,23,1,22,95.7,36.0,37.2,3.3,0,0.91,40.68,1.55
R01852,2026-07-11,Sat,BK-03,Old Mill,D13,V13,motorbike,Clear,2026-07-11 07:38:00,2026-07-11 12:21:18,25,24,1,24,100.0,45.7,46.9,2.6,20,1.27,36.89,2.15
R01853,2026-07-11,Sat,VN-01,Cedar Point,D15,V15,van,Clear,2026-07-11 07:31:00,2026-07-11 12:08:42,15,15,0,15,100.0,70.3,72.5,3.1,23,7.33,9.89,11.41
R01854,2026-07-11,Sat,VN-02,Brookfield,D17,V17,van,Clear,2026-07-11 07:39:00,2026-07-11 12:41:03,16,16,0,16,100.0,79.1,80.5,1.8,0,7.15,11.26,11.06
R01855,2026-07-11,Sat,VN-03,Stonebridge,D19,V19,van,Clear,2026-07-11 07:32:00,2026-07-11 13:01:57,18,18,0,18,100.0,97.2,99.1,2.0,8,8.48,11.69,13.24
R01856,2026-07-11,Sat,TR-02,Westfield,D21,V21,truck,Clear,2026-07-11 06:00:00,2026-07-11 14:34:15,10,10,0,9,90.0,342.5,349.7,2.1,72,102.72,3.4,158.38
R01857,2026-07-11,Sat,TR-03,Granite Hill,D23,V23,truck,Clear,2026-07-11 06:10:00,2026-07-11 14:45:05,10,10,0,9,90.0,210.0,223.0,6.2,26,61.06,3.65,94.48
R01858,2026-07-13,Mon,BK-03,Old Mill,D02,V02,motorbike,Rain,2026-07-13 12:32:00,2026-07-13 17:13:42,24,21,3,21,100.0,43.8,46.5,6.2,20,1.41,33.08,2.37
R01859,2026-07-13,Mon,BK-05,Northgate,D03,V03,motorbike,Rain,2026-07-13 12:35:00,2026-07-13 17:56:32,26,25,1,13,52.0,37.1,39.4,6.2,17,1.1,35.97,1.85
R01860,2026-07-13,Mon,BK-06,Elm Park,D04,V04,motorbike,Rain,2026-07-13 12:40:00,2026-07-13 17:46:33,26,25,1,25,100.0,39.0,42.0,7.7,14,1.25,33.54,2.11
R01861,2026-07-13,Mon,BK-02,Maple Heights,D05,V05,motorbike,Rain,2026-07-13 07:35:00,2026-07-13 12:03:05,22,22,0,15,68.2,41.2,43.8,6.3,57,1.39,31.42,2.35
R01862,2026-07-13,Mon,BK-02,Maple Heights,D06,V06,motorbike,Rain,2026-07-13 07:31:00,2026-07-13 12:13:36,23,21,2,17,81.0,43.1,44.9,4.2,31,1.44,31.28,2.41
R01863,2026-07-13,Mon,BK-05,Northgate,D07,V07,motorbike,Rain,2026-07-13 07:40:00,2026-07-13 13:02:05,27,27,0,23,85.2,38.6,41.3,7.0,22,1.27,32.54,2.14
R01864,2026-07-13,Mon,BK-02,Maple Heights,D08,V08,motorbike,Rain,2026-07-13 07:30:00,2026-07-13 12:04:31,23,22,1,19,86.4,43.1,47.3,9.7,0,1.28,36.95,2.15
R01865,2026-07-13,Mon,BK-05,Northgate,D09,V09,motorbike,Rain,2026-07-13 12:39:00,2026-07-13 18:10:44,28,27,1,25,92.6,40.0,41.3,3.2,18,1.23,33.52,2.08
R01866,2026-07-13,Mon,BK-05,Northgate,D10,V10,motorbike,Rain,2026-07-13 12:39:00,2026-07-13 18:09:02,28,26,2,23,88.5,40.0,42.3,5.7,17,1.18,35.83,1.98
R01867,2026-07-13,Mon,BK-01,Harbor Row,D11,V11,motorbike,Rain,2026-07-13 07:32:00,2026-07-13 12:03:49,23,21,2,21,100.0,41.6,44.4,6.7,14,1.18,37.6,2.01
R01868,2026-07-13,Mon,BK-03,Old Mill,D12,V12,motorbike,Rain,2026-07-13 07:39:00,2026-07-13 12:27:47,25,25,0,25,100.0,45.7,51.7,13.1,24,1.7,30.34,2.87
R01869,2026-07-13,Mon,BK-02,Maple Heights,D13,V13,motorbike,Rain,2026-07-13 07:39:00,2026-07-13 12:17:47,23,21,2,20,95.2,43.1,45.7,6.0,31,1.36,33.67,2.31
R01870,2026-07-13,Mon,BK-01,Harbor Row,D14,V14,motorbike,Rain,2026-07-13 12:30:00,2026-07-13 16:47:12,21,21,0,14,66.7,38.0,41.0,7.9,0,1.14,35.84,1.93
R01871,2026-07-13,Mon,VN-01,Cedar Point,D15,V15,van,Rain,2026-07-13 07:34:00,2026-07-13 13:06:43,18,17,1,17,100.0,84.4,90.7,7.5,7,8.66,10.47,13.37
R01872,2026-07-13,Mon,VN-03,Stonebridge,D16,V16,van,Rain,2026-07-13 07:38:00,2026-07-13 13:08:21,18,18,0,16,88.9,97.2,101.0,3.9,13,9.45,10.69,14.58
R01873,2026-07-13,Mon,VN-04,Lakeview,D17,V17,van,Rain,2026-07-13 07:36:00,2026-07-13 12:02:14,14,12,2,10,83.3,91.9,94.1,2.4,10,9.1,10.34,14.22
R01874,2026-07-13,Mon,VN-01,Cedar Point,D18,V18,van,Rain,2026-07-13 07:35:00,2026-07-13 12:34:22,16,15,1,13,86.7,75.0,80.2,6.9,15,7.91,10.14,12.27
R01875,2026-07-13,Mon,VN-04,Lakeview,D19,V19,van,Rain,2026-07-13 07:34:00,2026-07-13 13:05:00,18,16,2,16,100.0,118.1,127.4,7.9,23,12.0,10.61,18.49
R01876,2026-07-13,Mon,VN-02,Brookfield,D20,V20,van,Rain,2026-07-13 07:38:00,2026-07-13 13:24:54,19,19,0,19,100.0,93.9,96.1,2.3,33,9.42,10.21,14.6
R01877,2026-07-13,Mon,TR-01,Foundry District,D21,V21,truck,Rain,2026-07-13 06:01:00,2026-07-13 14:36:38,10,9,1,9,100.0,333.8,347.4,4.1,8,107.5,3.23,165.48
R01878,2026-07-13,Mon,TR-01,Foundry District,D22,V22,truck,Rain,2026-07-13 06:01:00,2026-07-13 13:48:57,9,8,1,8,100.0,300.4,310.0,3.2,18,99.52,3.11,155.36
R01879,2026-07-13,Mon,TR-03,Granite Hill,D23,V23,truck,Rain,2026-07-13 06:04:00,2026-07-13 16:53:28,13,10,3,8,80.0,273.0,292.6,7.2,31,84.53,3.46,130.26
R01880,2026-07-13,Mon,TR-02,Westfield,D24,V24,truck,Rain,2026-07-13 06:04:00,2026-07-13 13:50:19,9,8,1,8,100.0,308.2,324.7,5.4,22,91.69,3.54,142.97
R01881,2026-07-14,Tue,BK-03,Old Mill,D01,V01,motorbike,Storm,2026-07-14 12:36:00,2026-07-14 17:29:37,24,22,2,21,95.5,43.8,46.2,5.5,26,1.41,32.71,2.39
R01882,2026-07-14,Tue,BK-04,Riverside,D02,V02,motorbike,Storm,2026-07-14 12:31:00,2026-07-14 17:12:30,23,22,1,20,90.9,64.6,67.1,3.9,0,2.13,31.49,3.61
R01883,2026-07-14,Tue,BK-04,Riverside,D03,V03,motorbike,Storm,2026-07-14 12:32:00,2026-07-14 17:12:54,23,23,0,14,60.9,64.6,70.1,8.5,0,1.8,39.0,3.01
R01884,2026-07-14,Tue,BK-02,Maple Heights,D04,V04,motorbike,Storm,2026-07-14 12:39:00,2026-07-14 17:45:38,24,24,0,4,16.7,45.0,47.9,6.4,8,1.39,34.35,2.38
R01885,2026-07-14,Tue,BK-02,Maple Heights,D05,V05,motorbike,Storm,2026-07-14 07:30:00,2026-07-14 12:24:56,24,21,3,11,52.4,45.0,48.8,8.4,35,1.49,32.71,2.48
R01886,2026-07-14,Tue,BK-03,Old Mill,D06,V06,motorbike,Storm,2026-07-14 07:30:00,2026-07-14 12:22:31,24,22,2,18,81.8,43.8,47.0,7.3,0,1.39,33.9,2.31
R01887,2026-07-14,Tue,BK-03,Old Mill,D07,V07,motorbike,Storm,2026-07-14 07:33:00,2026-07-14 12:15:48,23,20,3,18,90.0,42.0,44.3,5.5,0,1.24,35.8,2.07
R01888,2026-07-14,Tue,BK-06,Elm Park,D08,V08,motorbike,Storm,2026-07-14 07:37:00,2026-07-14 13:18:44,28,27,1,16,59.3,42.0,45.2,7.6,39,1.49,30.41,2.48
R01889,2026-07-14,Tue,BK-05,Northgate,D09,V09,motorbike,Storm,2026-07-14 12:37:00,2026-07-14 18:43:08,30,22,8,7,31.8,42.9,44.5,3.7,28,1.44,30.94,2.42
R01890,2026-07-14,Tue,BK-01,Harbor Row,D10,V10,motorbike,Storm,2026-07-14 12:35:00,2026-07-14 17:12:55,23,19,4,17,89.5,41.6,43.7,5.0,8,1.33,32.89,2.22
R01891,2026-07-14,Tue,BK-04,Riverside,D11,V11,motorbike,Storm,2026-07-14 07:32:00,2026-07-14 12:11:19,22,21,1,13,61.9,61.8,67.4,9.1,23,1.83,36.76,3.09
R01892,2026-07-14,Tue,BK-02,Maple Heights,D12,V12,motorbike,Storm,2026-07-14 07:31:00,2026-07-14 12:57:55,26,25,1,3,12.0,48.8,56.6,16.0,6,1.79,31.59,2.99
R01893,2026-07-14,Tue,BK-01,Harbor Row,D13,V13,motorbike,Storm,2026-07-14 07:31:00,2026-07-14 12:02:34,22,20,2,15,75.0,39.8,42.3,6.3,0,1.15,36.85,1.95
R01894,2026-07-14,Tue,BK-02,Maple Heights,D14,V14,motorbike,Storm,2026-07-14 12:35:00,2026-07-14 17:27:02,23,19,4,12,63.2,43.1,47.0,9.0,0,1.26,37.32,2.11
R01895,2026-07-14,Tue,VN-02,Brookfield,D15,V15,van,Storm,2026-07-14 07:39:00,2026-07-14 13:28:06,19,17,2,17,100.0,93.9,99.3,5.8,35,10.51,9.44,16.26
R01896,2026-07-14,Tue,VN-04,Lakeview,D16,V16,van,Storm,2026-07-14 07:32:00,2026-07-14 12:01:27,14,12,2,11,91.7,91.9,93.2,1.4,12,9.28,10.04,14.39
R01897,2026-07-14,Tue,VN-03,Stonebridge,D17,V17,van,Storm,2026-07-14 07:36:00,2026-07-14 13:50:22,20,19,1,18,94.7,108.0,114.6,6.1,0,11.0,10.42,17.05
R01898,2026-07-14,Tue,VN-04,Lakeview,D19,V19,van,Storm,2026-07-14 07:30:00,2026-07-14 12:38:23,16,10,6,10,100.0,105.0,113.5,8.1,17,11.35,10.0,17.67
R01899,2026-07-14,Tue,VN-04,Lakeview,D20,V20,van,Storm,2026-07-14 07:33:00,2026-07-14 12:13:55,15,11,4,11,100.0,98.4,102.5,4.2,14,10.27,9.98,15.84
R01900,2026-07-14,Tue,TR-03,Granite Hill,D21,V21,truck,Storm,2026-07-14 06:01:00,2026-07-14 16:53:24,13,13,0,6,46.2,273.0,289.9,6.2,51,91.0,3.19,141.66
R01901,2026-07-14,Tue,TR-01,Foundry District,D22,V22,truck,Storm,2026-07-14 06:10:00,2026-07-14 12:22:58,7,7,0,6,85.7,233.6,247.0,5.7,58,82.03,3.01,125.04
R01902,2026-07-14,Tue,TR-01,Foundry District,D23,V23,truck,Storm,2026-07-14 06:02:00,2026-07-14 11:32:52,6,5,1,3,60.0,200.2,210.8,5.3,27,60.97,3.46,93.08
R01903,2026-07-14,Tue,TR-02,Westfield,D24,V24,truck,Storm,2026-07-14 06:00:00,2026-07-14 12:14:48,7,6,1,6,100.0,239.8,254.5,6.1,0,72.71,3.5,112.72
R01904,2026-07-15,Wed,BK-03,Old Mill,D01,V01,motorbike,Rain,2026-07-15 12:40:00,2026-07-15 16:49:26,21,19,2,19,100.0,38.3,40.1,4.7,19,1.06,37.69,1.8
R01905,2026-07-15,Wed,BK-06,Elm Park,D02,V02,motorbike,Rain,2026-07-15 12:33:00,2026-07-15 17:31:59,25,25,0,19,76.0,37.5,39.2,4.5,0,1.16,33.77,1.95
R01906,2026-07-15,Wed,BK-02,Maple Heights,D03,V03,motorbike,Rain,2026-07-15 12:40:00,2026-07-15 17:29:35,24,24,0,21,87.5,45.0,46.5,3.3,0,1.2,38.63,2.01
R01907,2026-07-15,Wed,BK-04,Riverside,D04,V04,motorbike,Rain,2026-07-15 12:40:00,2026-07-15 17:08:21,22,17,5,16,94.1,61.8,65.6,6.1,0,1.88,34.89,3.12
R01908,2026-07-15,Wed,BK-04,Riverside,D05,V05,motorbike,Rain,2026-07-15 07:40:00,2026-07-15 12:08:54,23,22,1,22,100.0,64.6,68.9,6.7,47,2.05,33.54,3.47
R01909,2026-07-15,Wed,BK-02,Maple Heights,D06,V06,motorbike,Rain,2026-07-15 07:38:00,2026-07-15 12:42:45,25,25,0,19,76.0,46.9,49.1,4.7,9,1.47,33.37,2.48
R01910,2026-07-15,Wed,BK-06,Elm Park,D07,V07,motorbike,Rain,2026-07-15 07:34:00,2026-07-15 12:42:39,26,23,3,22,95.7,39.0,42.3,8.5,19,1.29,32.7,2.19
R01911,2026-07-15,Wed,BK-04,Riverside,D08,V08,motorbike,Rain,2026-07-15 07:34:00,2026-07-15 12:06:24,23,22,1,20,90.9,64.6,67.9,5.1,29,2.02,33.55,3.4
R01912,2026-07-15,Wed,BK-01,Harbor Row,D09,V09,motorbike,Rain,2026-07-15 12:32:00,2026-07-15 16:44:09,21,19,2,19,100.0,38.0,39.1,2.9,0,1.04,37.52,1.75
R01913,2026-07-15,Wed,BK-02,Maple Heights,D10,V10,motorbike,Rain,2026-07-15 12:40:00,2026-07-15 17:54:38,26,23,3,21,91.3,48.8,51.0,4.5,8,1.43,35.7,2.42
R01914,2026-07-15,Wed,BK-02,Maple Heights,D11,V11,motorbike,Rain,2026-07-15 07:30:00,2026-07-15 12:02:11,22,19,3,16,84.2,41.2,44.2,7.3,27,1.24,35.65,2.09
R01915,2026-07-15,Wed,BK-03,Old Mill,D12,V12,motorbike,Rain,2026-07-15 07:38:00,2026-07-15 11:54:32,22,20,2,20,100.0,40.2,45.8,13.9,16,1.47,31.13,2.48
R01916,2026-07-15,Wed,BK-04,Riverside,D13,V13,motorbike,Rain,2026-07-15 07:34:00,2026-07-15 11:28:05,20,19,1,19,100.0,56.2,58.9,4.8,13,1.59,37.04,2.65
R01917,2026-07-15,Wed,BK-04,Riverside,D14,V14,motorbike,Rain,2026-07-15 12:38:00,2026-07-15 16:55:38,22,18,4,18,100.0,61.8,66.5,7.6,0,1.81,36.66,3.05
R01918,2026-07-15,Wed,VN-04,Lakeview,D15,V15,van,Rain,2026-07-15 07:36:00,2026-07-15 12:20:50,15,13,2,12,92.3,98.4,101.0,2.6,30,10.06,10.04,15.52
R01919,2026-07-15,Wed,VN-01,Cedar Point,D16,V16,van,Rain,2026-07-15 07:36:00,2026-07-15 12:01:56,14,14,0,14,100.0,65.6,69.1,5.3,12,6.21,11.12,9.61
R01920,2026-07-15,Wed,VN-04,Lakeview,D17,V17,van,Rain,2026-07-15 07:35:00,2026-07-15 12:56:08,18,17,1,17,100.0,118.1,123.9,4.9,0,11.25,11.01,17.47
R01921,2026-07-15,Wed,VN-01,Cedar Point,D18,V18,van,Rain,2026-07-15 07:36:00,2026-07-15 12:54:07,17,15,2,14,93.3,79.7,84.3,5.8,31,8.22,10.26,12.68
R01922,2026-07-15,Wed,VN-02,Brookfield,D19,V19,van,Rain,2026-07-15 07:30:00,2026-07-15 13:27:34,19,18,1,13,72.2,93.9,98.9,5.3,7,9.2,10.75,14.28
R01923,2026-07-15,Wed,VN-04,Lakeview,D20,V20,van,Rain,2026-07-15 07:40:00,2026-07-15 12:42:11,16,14,2,9,64.3,105.0,108.0,2.9,15,10.58,10.21,16.43
R01924,2026-07-15,Wed,TR-01,Foundry District,D21,V21,truck,Rain,2026-07-15 06:00:00,2026-07-15 14:40:30,10,9,1,5,55.6,333.8,346.6,3.8,87,102.58,3.38,159.04
R01925,2026-07-15,Wed,TR-01,Foundry District,D22,V22,truck,Rain,2026-07-15 06:03:00,2026-07-15 13:05:10,8,8,0,8,100.0,267.0,285.4,6.9,88,90.94,3.14,140.49
R01926,2026-07-15,Wed,TR-01,Foundry District,D23,V23,truck,Rain,2026-07-15 06:01:00,2026-07-15 13:46:01,9,7,2,5,71.4,300.4,315.9,5.2,0,86.36,3.66,133.15
R01927,2026-07-15,Wed,TR-02,Westfield,D24,V24,truck,Rain,2026-07-15 06:10:00,2026-07-15 12:27:45,7,7,0,5,71.4,239.8,251.0,4.7,10,67.13,3.74,103.69
R01928,2026-07-16,Thu,BK-06,Elm Park,D01,V01,motorbike,Storm,2026-07-16 12:33:00,2026-07-16 17:50:51,27,27,0,25,92.6,40.5,44.5,9.9,25,1.3,34.13,2.2
R01929,2026-07-16,Thu,BK-05,Northgate,D02,V02,motorbike,Storm,2026-07-16 12:31:00,2026-07-16 17:47:52,27,24,3,19,79.2,38.6,40.6,5.2,0,1.22,33.17,2.07
R01930,2026-07-16,Thu,BK-02,Maple Heights,D03,V03,motorbike,Storm,2026-07-16 12:32:00,2026-07-16 17:34:34,24,21,3,5,23.8,45.0,47.1,4.7,16,1.37,34.46,2.29
R01931,2026-07-16,Thu,BK-01,Harbor Row,D04,V04,motorbike,Storm,2026-07-16 12:38:00,2026-07-16 16:42:28,19,13,6,9,69.2,34.4,37.4,8.7,12,1.14,32.81,1.9
R01932,2026-07-16,Thu,BK-01,Harbor Row,D05,V05,motorbike,Storm,2026-07-16 07:30:00,2026-07-16 11:43:37,21,19,2,19,100.0,38.0,40.5,6.6,21,1.22,33.07,2.07
R01933,2026-07-16,Thu,BK-01,Harbor Row,D06,V06,motorbike,Storm,2026-07-16 07:35:00,2026-07-16 11:32:56,19,18,1,11,61.1,34.4,35.7,3.8,9,1.11,32.31,1.87
R01934,2026-07-16,Thu,BK-03,Old Mill,D07,V07,motorbike,Storm,2026-07-16 07:30:00,2026-07-16 12:32:57,25,25,0,22,88.0,45.7,47.8,4.6,9,1.41,33.9,2.38
R01935,2026-07-16,Thu,BK-06,Elm Park,D08,V08,motorbike,Storm,2026-07-16 07:37:00,2026-07-16 12:44:24,26,25,1,21,84.0,39.0,41.7,6.9,36,1.36,30.75,2.28
R01936,2026-07-16,Thu,BK-03,Old Mill,D09,V09,motorbike,Storm,2026-07-16 12:39:00,2026-07-16 17:31:33,24,22,2,22,100.0,43.8,46.2,5.5,53,1.51,30.53,2.5
R01937,2026-07-16,Thu,BK-03,Old Mill,D10,V10,motorbike,Storm,2026-07-16 12:34:00,2026-07-16 17:13:32,23,19,4,14,73.7,42.0,44.8,6.7,0,1.24,36.24,2.09
R01938,2026-07-16,Thu,BK-03,Old Mill,D11,V11,motorbike,Storm,2026-07-16 07:39:00,2026-07-16 12:07:11,21,16,5,8,50.0,38.3,41.4,8.1,18,1.19,34.91,2.01
R01939,2026-07-16,Thu,BK-03,Old Mill,D12,V12,motorbike,Storm,2026-07-16 07:31:00,2026-07-16 12:01:01,22,20,2,16,80.0,40.2,45.1,12.2,18,1.5,30.07,2.52
R01940,2026-07-16,Thu,BK-01,Harbor Row,D13,V13,motorbike,Storm,2026-07-16 07:36:00,2026-07-16 12:05:59,23,20,3,19,95.0,41.6,44.6,7.2,31,1.34,33.34,2.26
R01941,2026-07-16,Thu,BK-01,Harbor Row,D14,V14,motorbike,Storm,2026-07-16 12:38:00,2026-07-16 16:25:05,19,18,1,18,100.0,34.4,36.8,7.0,0,1.0,36.84,1.67
R01942,2026-07-16,Thu,VN-02,Brookfield,D15,V15,van,Storm,2026-07-16 07:37:00,2026-07-16 12:44:49,16,16,0,12,75.0,79.1,84.3,6.6,14,8.11,10.4,12.6
R01943,2026-07-16,Thu,VN-03,Stonebridge,D16,V16,van,Storm,2026-07-16 07:33:00,2026-07-16 13:14:13,18,16,2,14,87.5,97.2,102.6,5.6,15,9.7,10.57,14.89
R01944,2026-07-16,Thu,VN-03,Stonebridge,D17,V17,van,Storm,2026-07-16 07:40:00,2026-07-16 14:14:17,21,20,1,19,95.0,113.4,116.1,2.4,24,11.6,10.01,17.98
R01945,2026-07-16,Thu,VN-03,Stonebridge,D18,V18,van,Storm,2026-07-16 07:30:00,2026-07-16 13:40:44,20,19,1,17,89.5,108.0,114.6,6.1,22,11.58,9.9,17.72
R01946,2026-07-16,Thu,VN-04,Lakeview,D19,V19,van,Storm,2026-07-16 07:40:00,2026-07-16 12:23:19,15,14,1,14,100.0,98.4,101.8,3.5,0,9.6,10.61,14.96
R01947,2026-07-16,Thu,VN-03,Stonebridge,D20,V20,van,Storm,2026-07-16 07:30:00,2026-07-16 13:38:48,20,19,1,15,78.9,108.0,111.1,2.9,0,10.72,10.37,16.55
R01948,2026-07-16,Thu,TR-01,Foundry District,D21,V21,truck,Storm,2026-07-16 06:05:00,2026-07-16 12:24:53,7,6,1,5,83.3,233.6,246.3,5.4,158,78.27,3.15,120.54
R01949,2026-07-16,Thu,TR-01,Foundry District,D22,V22,truck,Storm,2026-07-16 06:07:00,2026-07-16 12:17:23,7,6,1,6,100.0,233.6,237.8,1.8,33,79.14,3.0,122.84
R01950,2026-07-16,Thu,TR-01,Foundry District,D23,V23,truck,Storm,2026-07-16 06:05:00,2026-07-16 11:31:26,6,6,0,6,100.0,200.2,213.2,6.5,0,62.29,3.42,96.27
R01951,2026-07-16,Thu,TR-02,Westfield,D24,V24,truck,Storm,2026-07-16 06:00:00,2026-07-16 12:55:05,8,7,1,6,85.7,274.0,286.2,4.5,22,83.25,3.44,127.8
R01952,2026-07-17,Fri,BK-01,Harbor Row,D01,V01,motorbike,Rain,2026-07-17 12:34:00,2026-07-17 16:53:23,21,21,0,20,95.2,38.0,39.2,3.2,12,0.98,40.12,1.64
R01953,2026-07-17,Fri,BK-06,Elm Park,D02,V02,motorbike,Rain,2026-07-17 12:31:00,2026-07-17 17:58:10,28,23,5,21,91.3,42.0,43.7,4.0,24,1.43,30.63,2.4
R01954,2026-07-17,Fri,BK-04,Riverside,D03,V03,motorbike,Rain,2026-07-17 12:39:00,2026-07-17 16:40:36,19,15,4,11,73.3,53.4,56.5,5.8,11,1.48,38.17,2.51
R01955,2026-07-17,Fri,BK-02,Maple Heights,D04,V04,motorbike,Rain,2026-07-17 12:35:00,2026-07-17 17:09:07,23,23,0,22,95.7,43.1,46.3,7.4,44,1.5,30.96,2.51
R01956,2026-07-17,Fri,BK-04,Riverside,D05,V05,motorbike,Rain,2026-07-17 07:34:00,2026-07-17 11:43:22,21,18,3,18,100.0,59.0,62.6,6.1,20,1.71,36.68,2.85
R01957,2026-07-17,Fri,BK-01,Harbor Row,D07,V07,motorbike,Rain,2026-07-17 07:39:00,2026-07-17 11:43:12,20,18,2,17,94.4,36.2,38.5,6.4,35,1.28,30.01,2.15
R01958,2026-07-17,Fri,BK-06,Elm Park,D08,V08,motorbike,Rain,2026-07-17 07:33:00,2026-07-17 12:39:51,26,23,3,21,91.3,39.0,41.3,5.9,0,1.17,35.23,1.97
R01959,2026-07-17,Fri,BK-03,Old Mill,D09,V09,motorbike,Rain,2026-07-17 12:33:00,2026-07-17 17:31:56,25,24,1,21,87.5,45.7,48.8,6.8,0,1.33,36.75,2.24
R01960,2026-07-17,Fri,BK-05,Northgate,D10,V10,motorbike,Rain,2026-07-17 12:38:00,2026-07-17 18:25:32,29,27,2,20,74.1,41.4,43.8,5.8,12,1.23,35.54,2.07
R01961,2026-07-17,Fri,BK-04,Riverside,D12,V12,motorbike,Rain,2026-07-17 07:37:00,2026-07-17 12:01:33,23,22,1,22,100.0,64.6,72.4,12.1,40,2.47,29.3,4.11
R01962,2026-07-17,Fri,BK-01,Harbor Row,D13,V13,motorbike,Rain,2026-07-17 07:35:00,2026-07-17 12:00:58,22,22,0,22,100.0,39.8,43.1,8.3,22,1.25,34.52,2.09
R01963,2026-07-17,Fri,BK-04,Riverside,D14,V14,motorbike,Rain,2026-07-17 12:39:00,2026-07-17 16:35:17,20,20,0,16,80.0,56.2,60.5,7.7,5,1.61,37.66,2.69
R01964,2026-07-17,Fri,VN-03,Stonebridge,D15,V15,van,Rain,2026-07-17 07:33:00,2026-07-17 13:30:58,19,17,2,15,88.2,102.6,109.0,6.2,29,10.54,10.34,16.15
R01965,2026-07-17,Fri,VN-03,Stonebridge,D16,V16,van,Rain,2026-07-17 07:30:00,2026-07-17 13:01:37,18,18,0,17,94.4,97.2,101.0,3.9,8,9.12,11.07,14.02
R01966,2026-07-17,Fri,VN-04,Lakeview,D17,V17,van,Rain,2026-07-17 07:32:00,2026-07-17 11:51:16,14,13,1,13,100.0,91.9,96.1,4.6,17,9.41,10.22,14.44
R01967,2026-07-17,Fri,VN-03,Stonebridge,D18,V18,van,Rain,2026-07-17 07:30:00,2026-07-17 14:00:08,22,21,1,21,100.0,118.8,124.9,5.1,46,12.62,9.9,19.33
R01968,2026-07-17,Fri,VN-03,Stonebridge,D19,V19,van,Rain,2026-07-17 07:38:00,2026-07-17 13:44:50,20,18,2,17,94.4,108.0,115.8,7.2,39,11.03,10.5,16.78
R01969,2026-07-17,Fri,VN-01,Cedar Point,D20,V20,van,Rain,2026-07-17 07:32:00,2026-07-17 12:16:38,15,13,2,10,76.9,70.3,75.7,7.7,43,7.67,9.87,11.76
R01970,2026-07-17,Fri,TR-03,Granite Hill,D21,V21,truck,Rain,2026-07-17 06:02:00,2026-07-17 16:04:30,12,12,0,12,100.0,252.0,257.4,2.1,93,80.81,3.19,124.32
R01971,2026-07-17,Fri,TR-03,Granite Hill,D22,V22,truck,Rain,2026-07-17 06:00:00,2026-07-17 16:13:17,12,10,2,6,60.0,252.0,273.5,8.5,8,85.1,3.21,131.31
R01972,2026-07-17,Fri,TR-01,Foundry District,D23,V23,truck,Rain,2026-07-17 06:07:00,2026-07-17 12:16:35,7,7,0,6,85.7,233.6,244.3,4.6,62,71.8,3.4,111.93
R01973,2026-07-17,Fri,TR-02,Westfield,D24,V24,truck,Rain,2026-07-17 06:07:00,2026-07-17 13:11:36,8,8,0,8,100.0,274.0,286.4,4.5,56,82.44,3.47,127.59
R01974,2026-07-18,Sat,BK-02,Maple Heights,D01,V01,motorbike,Rain,2026-07-18 12:35:00,2026-07-18 17:02:39,22,22,0,21,95.5,41.2,44.0,6.8,32,1.27,34.67,2.12
R01975,2026-07-18,Sat,BK-06,Elm Park,D03,V03,motorbike,Rain,2026-07-18 12:33:00,2026-07-18 17:21:55,24,23,1,21,91.3,36.0,37.9,5.3,0,0.97,39.16,1.62
R01976,2026-07-18,Sat,BK-02,Maple Heights,D05,V05,motorbike,Rain,2026-07-18 07:36:00,2026-07-18 12:08:22,23,22,1,20,90.9,43.1,46.9,8.8,53,1.49,31.4,2.5
R01977,2026-07-18,Sat,BK-04,Riverside,D07,V07,motorbike,Rain,2026-07-18 07:35:00,2026-07-18 11:28:51,19,17,2,16,94.1,53.4,55.8,4.5,21,1.72,32.43,2.86
R01978,2026-07-18,Sat,BK-03,Old Mill,D09,V09,motorbike,Rain,2026-07-18 12:39:00,2026-07-18 16:54:58,21,20,1,20,100.0,38.3,40.8,6.5,6,1.15,35.53,1.89
R01979,2026-07-18,Sat,BK-02,Maple Heights,D13,V13,motorbike,Rain,2026-07-18 07:39:00,2026-07-18 12:10:05,22,21,1,19,90.5,41.2,44.5,8.0,32,1.32,33.67,2.21
R01980,2026-07-18,Sat,VN-02,Brookfield,D15,V15,van,Rain,2026-07-18 07:33:00,2026-07-18 12:28:36,16,15,1,15,100.0,79.1,83.6,5.7,29,8.45,9.89,12.92
R01981,2026-07-18,Sat,VN-03,Stonebridge,D17,V17,van,Rain,2026-07-18 07:36:00,2026-07-18 13:07:33,18,17,1,16,94.1,97.2,102.7,5.7,23,9.92,10.35,15.41
R01982,2026-07-18,Sat,VN-03,Stonebridge,D19,V19,van,Rain,2026-07-18 07:40:00,2026-07-18 14:04:19,21,20,1,19,95.0,113.4,121.6,7.2,0,10.73,11.33,16.44
R01983,2026-07-18,Sat,TR-01,Foundry District,D21,V21,truck,Rain,2026-07-18 06:05:00,2026-07-18 13:06:15,8,8,0,7,87.5,267.0,289.4,8.4,0,84.85,3.41,130.37
R01984,2026-07-18,Sat,TR-01,Foundry District,D23,V23,truck,Rain,2026-07-18 06:01:00,2026-07-18 13:42:05,9,9,0,9,100.0,300.4,324.5,8.0,19,91.74,3.54,141.19
R01985,2026-07-20,Mon,BK-03,Old Mill,D01,V01,motorbike,Clear,2026-07-20 12:40:00,2026-07-20 17:24:22,24,24,0,23,95.8,43.8,44.3,1.1,26,1.17,37.9,1.97
R01986,2026-07-20,Mon,BK-03,Old Mill,D02,V02,motorbike,Clear,2026-07-20 12:38:00,2026-07-20 17:12:35,23,22,1,22,100.0,42.0,43.3,3.1,15,1.32,32.92,2.21
R01987,2026-07-20,Mon,BK-03,Old Mill,D03,V03,motorbike,Clear,2026-07-20 12:31:00,2026-07-20 16:48:19,21,21,0,18,85.7,38.3,39.5,3.1,9,1.02,38.71,1.7
R01988,2026-07-20,Mon,BK-01,Harbor Row,D04,V04,motorbike,Clear,2026-07-20 12:30:00,2026-07-20 16:58:12,23,22,1,22,100.0,41.6,42.7,2.6,24,1.23,34.62,2.06
R01989,2026-07-20,Mon,BK-05,Northgate,D05,V05,motorbike,Clear,2026-07-20 07:38:00,2026-07-20 12:45:37,27,26,1,26,100.0,38.6,40.3,4.4,7,1.05,38.56,1.74
R01990,2026-07-20,Mon,BK-03,Old Mill,D06,V06,motorbike,Clear,2026-07-20 07:30:00,2026-07-20 11:34:05,21,20,1,20,100.0,38.3,38.8,1.3,34,1.2,32.37,2.01
R01991,2026-07-20,Mon,BK-01,Harbor Row,D07,V07,motorbike,Clear,2026-07-20 07:34:00,2026-07-20 11:44:15,21,21,0,21,100.0,38.0,39.4,3.7,8,1.07,36.71,1.77
R01992,2026-07-20,Mon,BK-05,Northgate,D08,V08,motorbike,Clear,2026-07-20 07:34:00,2026-07-20 13:15:09,29,28,1,28,100.0,41.4,43.2,4.3,13,1.2,35.98,2.0
R01993,2026-07-20,Mon,BK-06,Elm Park,D09,V09,motorbike,Clear,2026-07-20 12:36:00,2026-07-20 17:54:16,27,27,0,26,96.3,40.5,41.4,2.2,0,1.09,37.97,1.82
R01994,2026-07-20,Mon,BK-01,Harbor Row,D10,V10,motorbike,Clear,2026-07-20 12:32:00,2026-07-20 16:42:35,21,20,1,20,100.0,38.0,38.5,1.3,11,1.04,37.04,1.75
R01995,2026-07-20,Mon,BK-03,Old Mill,D11,V11,motorbike,Clear,2026-07-20 07:30:00,2026-07-20 11:59:57,23,23,0,23,100.0,42.0,44.6,6.2,17,1.19,37.56,1.97
R01996,2026-07-20,Mon,BK-06,Elm Park,D12,V12,motorbike,Clear,2026-07-20 07:38:00,2026-07-20 12:52:38,26,23,3,22,95.7,39.0,42.2,8.2,23,1.37,30.9,2.28
R01997,2026-07-20,Mon,BK-03,Old Mill,D13,V13,motorbike,Clear,2026-07-20 07:30:00,2026-07-20 11:40:22,22,20,2,20,100.0,40.2,41.1,2.2,0,0.97,42.42,1.61
R01998,2026-07-20,Mon,BK-05,Northgate,D14,V14,motorbike,Clear,2026-07-20 12:33:00,2026-07-20 18:19:09,29,26,3,22,84.6,41.4,43.4,4.8,15,1.2,36.22,2.0
R01999,2026-07-20,Mon,VN-04,Lakeview,D15,V15,van,Clear,2026-07-20 07:32:00,2026-07-20 12:30:20,16,14,2,14,100.0,105.0,109.2,4.0,41,10.49,10.41,16.08
R02000,2026-07-20,Mon,VN-04,Lakeview,D16,V16,van,Clear,2026-07-20 07:32:00,2026-07-20 12:11:41,15,15,0,15,100.0,98.4,97.0,-1.4,0,8.07,12.02,12.4
R02001,2026-07-20,Mon,VN-04,Lakeview,D17,V17,van,Clear,2026-07-20 07:37:00,2026-07-20 13:04:10,18,18,0,18,100.0,118.1,123.7,4.7,6,11.33,10.91,17.27
R02002,2026-07-20,Mon,VN-04,Lakeview,D18,V18,van,Clear,2026-07-20 07:30:00,2026-07-20 13:01:43,18,16,2,16,100.0,118.1,119.3,1.0,16,10.95,10.89,16.75
R02003,2026-07-20,Mon,VN-01,Cedar Point,D19,V19,van,Clear,2026-07-20 07:33:00,2026-07-20 12:33:31,16,13,3,10,76.9,75.0,77.1,2.8,23,7.2,10.7,10.97
R02004,2026-07-20,Mon,VN-02,Brookfield,D20,V20,van,Clear,2026-07-20 07:30:00,2026-07-20 12:23:15,15,15,0,13,86.7,74.1,75.4,1.8,50,7.41,10.18,11.34
R02005,2026-07-20,Mon,TR-03,Granite Hill,D21,V21,truck,Clear,2026-07-20 06:03:00,2026-07-20 15:24:56,11,11,0,9,81.8,231.0,238.3,3.2,29,67.82,3.51,104.64
R02006,2026-07-20,Mon,TR-01,Foundry District,D22,V22,truck,Clear,2026-07-20 06:03:00,2026-07-20 11:32:18,6,6,0,6,100.0,200.2,209.7,4.7,25,63.68,3.29,98.29
R02007,2026-07-20,Mon,TR-01,Foundry District,D23,V23,truck,Clear,2026-07-20 06:07:00,2026-07-20 14:34:24,10,10,0,9,90.0,333.8,344.4,3.2,22,94.19,3.66,143.62
R02008,2026-07-20,Mon,TR-02,Westfield,D24,V24,truck,Clear,2026-07-20 06:05:00,2026-07-20 14:35:57,10,9,1,9,100.0,342.5,347.9,1.6,29,97.57,3.57,150.41
R02009,2026-07-21,Tue,BK-02,Maple Heights,D01,V01,motorbike,Clear,2026-07-21 12:30:00,2026-07-21 16:57:29,23,23,0,23,100.0,43.1,44.2,2.6,14,1.12,39.49,1.88
R02010,2026-07-21,Tue,BK-06,Elm Park,D02,V02,motorbike,Clear,2026-07-21 12:32:00,2026-07-21 17:49:41,27,23,4,23,100.0,40.5,41.7,3.0,43,1.39,29.98,2.32
R02011,2026-07-21,Tue,BK-03,Old Mill,D03,V03,motorbike,Clear,2026-07-21 12:37:00,2026-07-21 17:26:52,25,23,2,23,100.0,45.7,47.3,3.5,34,1.31,36.09,2.19
R02012,2026-07-21,Tue,BK-06,Elm Park,D05,V05,motorbike,Clear,2026-07-21 07:36:00,2026-07-21 12:46:07,27,26,1,26,100.0,40.5,41.8,3.2,48,1.29,32.29,2.16
R02013,2026-07-21,Tue,BK-06,Elm Park,D06,V06,motorbike,Clear,2026-07-21 07:39:00,2026-07-21 12:46:01,26,22,4,21,95.5,39.0,40.3,3.3,32,1.32,30.62,2.19
R02014,2026-07-21,Tue,BK-04,Riverside,D07,V07,motorbike,Clear,2026-07-21 07:36:00,2026-07-21 11:29:59,20,18,2,18,100.0,56.2,59.0,5.0,0,1.6,36.91,2.69
R02015,2026-07-21,Tue,BK-02,Maple Heights,D08,V08,motorbike,Clear,2026-07-21 07:31:00,2026-07-21 12:29:19,26,26,0,26,100.0,48.8,51.0,4.5,0,1.32,38.7,2.19
R02016,2026-07-21,Tue,BK-06,Elm Park,D09,V09,motorbike,Clear,2026-07-21 12:37:00,2026-07-21 17:53:52,27,26,1,26,100.0,40.5,40.5,0.0,0,1.04,38.83,1.74
R02017,2026-07-21,Tue,BK-01,Harbor Row,D10,V10,motorbike,Clear,2026-07-21 12:38:00,2026-07-21 16:31:09,20,20,0,20,100.0,36.2,37.5,3.6,16,1.06,35.47,1.77
R02018,2026-07-21,Tue,BK-01,Harbor Row,D11,V11,motorbike,Clear,2026-07-21 07:39:00,2026-07-21 12:06:40,23,22,1,22,100.0,41.6,42.8,2.9,21,1.14,37.4,1.95
R02019,2026-07-21,Tue,BK-01,Harbor Row,D12,V12,motorbike,Clear,2026-07-21 07:40:00,2026-07-21 11:30:41,20,19,1,19,100.0,36.2,39.0,7.7,18,1.22,31.84,2.03
R02020,2026-07-21,Tue,BK-02,Maple Heights,D13,V13,motorbike,Clear,2026-07-21 07:40:00,2026-07-21 12:27:55,25,25,0,24,96.0,46.9,49.5,5.5,0,1.23,40.35,2.06
R02021,2026-07-21,Tue,BK-05,Northgate,D14,V14,motorbike,Clear,2026-07-21 12:38:00,2026-07-21 18:13:02,28,28,0,28,100.0,40.0,42.2,5.5,0,1.08,38.9,1.81
R02022,2026-07-21,Tue,VN-02,Brookfield,D15,V15,van,Clear,2026-07-21 07:31:00,2026-07-21 12:44:47,17,16,1,15,93.8,84.0,86.3,2.7,7,7.85,11.0,12.22
R02023,2026-07-21,Tue,VN-03,Stonebridge,D16,V16,van,Clear,2026-07-21 07:34:00,2026-07-21 13:52:44,21,19,2,19,100.0,113.4,115.8,2.1,45,10.82,10.7,16.62
R02024,2026-07-21,Tue,VN-03,Stonebridge,D17,V17,van,Clear,2026-07-21 07:37:00,2026-07-21 13:30:37,20,19,1,19,100.0,108.0,108.7,0.6,5,9.51,11.43,14.48
R02025,2026-07-21,Tue,VN-04,Lakeview,D18,V18,van,Clear,2026-07-21 07:37:00,2026-07-21 12:53:05,17,16,1,15,93.8,111.6,115.3,3.3,49,11.14,10.35,17.36
R02026,2026-07-21,Tue,VN-04,Lakeview,D19,V19,van,Clear,2026-07-21 07:39:00,2026-07-21 13:08:12,18,16,2,15,93.8,118.1,124.8,5.7,17,11.12,11.23,16.92
R02027,2026-07-21,Tue,VN-04,Lakeview,D20,V20,van,Clear,2026-07-21 07:37:00,2026-07-21 12:16:35,15,15,0,15,100.0,98.4,99.6,1.2,8,8.78,11.34,13.36
R02028,2026-07-21,Tue,TR-01,Foundry District,D21,V21,truck,Clear,2026-07-21 06:03:00,2026-07-21 12:57:57,8,7,1,7,100.0,267.0,267.3,0.1,0,74.83,3.57,115.73
R02029,2026-07-21,Tue,TR-03,Granite Hill,D22,V22,truck,Clear,2026-07-21 06:07:00,2026-07-21 15:18:54,11,11,0,9,81.8,231.0,239.4,3.6,19,74.57,3.21,114.11
R02030,2026-07-21,Tue,TR-02,Westfield,D23,V23,truck,Clear,2026-07-21 06:05:00,2026-07-21 13:52:40,9,9,0,8,88.9,308.2,312.4,1.4,24,83.09,3.76,127.09
R02031,2026-07-21,Tue,TR-02,Westfield,D24,V24,truck,Clear,2026-07-21 06:10:00,2026-07-21 13:10:51,8,7,1,6,85.7,274.0,282.0,2.9,14,78.41,3.6,118.72
R02032,2026-07-22,Wed,BK-02,Maple Heights,D01,V01,motorbike,Clear,2026-07-22 12:35:00,2026-07-22 17:04:31,23,23,0,23,100.0,43.1,44.8,3.9,18,1.18,38.02,1.95
R02033,2026-07-22,Wed,BK-02,Maple Heights,D02,V02,motorbike,Clear,2026-07-22 12:34:00,2026-07-22 17:29:24,25,23,2,23,100.0,46.9,48.6,3.6,31,1.48,32.9,2.44
R02034,2026-07-22,Wed,BK-01,Harbor Row,D03,V03,motorbike,Clear,2026-07-22 12:35:00,2026-07-22 17:06:05,23,22,1,22,100.0,41.6,44.0,5.8,32,1.21,36.4,2.0
R02035,2026-07-22,Wed,BK-03,Old Mill,D04,V04,motorbike,Clear,2026-07-22 12:40:00,2026-07-22 17:33:29,25,22,3,21,95.5,45.7,46.7,2.2,18,1.36,34.24,2.29
R02036,2026-07-22,Wed,BK-06,Elm Park,D05,V05,motorbike,Clear,2026-07-22 07:31:00,2026-07-22 12:36:47,27,27,0,27,100.0,40.5,42.3,4.4,18,1.12,37.87,1.88
R02037,2026-07-22,Wed,BK-06,Elm Park,D06,V06,motorbike,Clear,2026-07-22 07:33:00,2026-07-22 12:20:57,24,23,1,21,91.3,36.0,36.6,1.7,0,1.0,36.48,1.68
R02038,2026-07-22,Wed,BK-05,Northgate,D07,V07,motorbike,Clear,2026-07-22 07:35:00,2026-07-22 13:14:41,29,28,1,27,96.4,41.4,43.6,5.3,0,1.21,36.1,2.04
R02039,2026-07-22,Wed,BK-04,Riverside,D08,V08,motorbike,Clear,2026-07-22 07:31:00,2026-07-22 12:04:14,23,22,1,20,90.9,64.6,67.5,4.5,19,1.92,35.15,3.21
R02040,2026-07-22,Wed,BK-05,Northgate,D09,V09,motorbike,Clear,2026-07-22 12:34:00,2026-07-22 18:06:05,28,27,1,24,88.9,40.0,39.6,-1.0,23,1.11,35.64,1.84
R02041,2026-07-22,Wed,BK-01,Harbor Row,D10,V10,motorbike,Clear,2026-07-22 12:39:00,2026-07-22 16:42:13,20,18,2,17,94.4,36.2,37.9,4.7,0,1.05,36.05,1.75
R02042,2026-07-22,Wed,BK-02,Maple Heights,D11,V11,motorbike,Clear,2026-07-22 07:40:00,2026-07-22 12:39:11,26,26,0,26,100.0,48.8,50.9,4.3,0,1.23,41.22,2.06
R02043,2026-07-22,Wed,BK-03,Old Mill,D12,V12,motorbike,Clear,2026-07-22 07:32:00,2026-07-22 12:03:42,23,21,2,20,95.2,42.0,45.8,9.0,0,1.31,35.09,2.17
R02044,2026-07-22,Wed,BK-01,Harbor Row,D13,V13,motorbike,Clear,2026-07-22 07:37:00,2026-07-22 11:23:00,19,18,1,18,100.0,34.4,35.9,4.4,0,0.88,40.96,1.49
R02045,2026-07-22,Wed,BK-01,Harbor Row,D14,V14,motorbike,Clear,2026-07-22 12:35:00,2026-07-22 16:57:35,22,21,1,21,100.0,39.8,41.2,3.5,16,1.12,36.83,1.87
R02046,2026-07-22,Wed,VN-02,Brookfield,D15,V15,van,Clear,2026-07-22 07:33:00,2026-07-22 12:45:32,17,17,0,17,100.0,84.0,89.0,6.0,18,8.24,10.8,12.5
R02047,2026-07-22,Wed,VN-04,Lakeview,D16,V16,van,Clear,2026-07-22 07:38:00,2026-07-22 12:42:07,16,14,2,13,92.9,105.0,106.5,1.4,46,10.03,10.62,15.3
R02048,2026-07-22,Wed,VN-01,Cedar Point,D17,V17,van,Clear,2026-07-22 07:31:00,2026-07-22 12:14:33,15,14,1,9,64.3,70.3,70.9,0.9,50,7.11,9.97,10.91
R02049,2026-07-22,Wed,VN-03,Stonebridge,D18,V18,van,Clear,2026-07-22 07:32:00,2026-07-22 14:11:04,22,20,2,18,90.0,118.8,122.8,3.4,21,11.41,10.76,17.51
R02050,2026-07-22,Wed,VN-01,Cedar Point,D19,V19,van,Clear,2026-07-22 07:34:00,2026-07-22 12:15:12,15,15,0,15,100.0,70.3,71.2,1.3,0,6.11,11.65,9.32
R02051,2026-07-22,Wed,VN-04,Lakeview,D20,V20,van,Clear,2026-07-22 07:37:00,2026-07-22 13:13:37,18,18,0,17,94.4,118.1,117.9,-0.2,30,10.97,10.75,16.68
R02052,2026-07-22,Wed,TR-02,Westfield,D21,V21,truck,Clear,2026-07-22 06:02:00,2026-07-22 11:32:00,6,5,1,5,100.0,205.5,208.4,1.4,163,64.84,3.21,99.56
R02053,2026-07-22,Wed,TR-02,Westfield,D22,V22,truck,Clear,2026-07-22 06:03:00,2026-07-22 12:13:14,7,7,0,7,100.0,239.8,244.4,1.9,11,73.6,3.32,113.46
R02054,2026-07-22,Wed,TR-02,Westfield,D23,V23,truck,Clear,2026-07-22 06:08:00,2026-07-22 12:19:56,7,7,0,7,100.0,239.8,248.5,3.6,36,65.94,3.77,101.52
R02055,2026-07-22,Wed,TR-01,Foundry District,D24,V24,truck,Clear,2026-07-22 06:02:00,2026-07-22 13:47:31,9,8,1,7,87.5,300.4,307.8,2.5,8,87.5,3.52,133.96
R02056,2026-07-23,Thu,BK-05,Northgate,D01,V01,motorbike,Clear,2026-07-23 12:32:00,2026-07-23 18:04:10,28,26,2,26,100.0,40.0,40.5,1.2,26,1.08,37.47,1.79
R02057,2026-07-23,Thu,BK-06,Elm Park,D02,V02,motorbike,Clear,2026-07-23 12:37:00,2026-07-23 18:06:04,28,28,0,27,96.4,42.0,43.0,2.4,0,1.21,35.67,2.03
R02058,2026-07-23,Thu,BK-03,Old Mill,D03,V03,motorbike,Clear,2026-07-23 12:34:00,2026-07-23 17:08:43,22,20,2,19,95.0,40.2,41.6,3.5,9,1.03,40.22,1.74
R02059,2026-07-23,Thu,BK-02,Maple Heights,D04,V04,motorbike,Clear,2026-07-23 12:30:00,2026-07-23 16:53:42,22,22,0,22,100.0,41.2,42.8,3.9,23,1.2,35.78,1.99
R02060,2026-07-23,Thu,BK-05,Northgate,D05,V05,motorbike,Clear,2026-07-23 07:38:00,2026-07-23 12:55:25,27,27,0,26,96.3,38.6,39.7,2.8,17,1.08,36.67,1.81
R02061,2026-07-23,Thu,BK-02,Maple Heights,D06,V06,motorbike,Clear,2026-07-23 07:32:00,2026-07-23 11:58:17,23,21,2,21,100.0,43.1,43.9,1.9,44,1.46,30.06,2.45
R02062,2026-07-23,Thu,BK-01,Harbor Row,D07,V07,motorbike,Clear,2026-07-23 07:31:00,2026-07-23 11:24:07,20,20,0,20,100.0,36.2,37.1,2.5,0,1.02,36.23,1.69
R02063,2026-07-23,Thu,BK-06,Elm Park,D08,V08,motorbike,Clear,2026-07-23 07:32:00,2026-07-23 12:14:05,24,24,0,24,100.0,36.0,37.2,3.3,11,1.06,35.25,1.76
R02064,2026-07-23,Thu,BK-06,Elm Park,D09,V09,motorbike,Clear,2026-07-23 12:40:00,2026-07-23 18:04:22,28,28,0,28,100.0,42.0,43.1,2.6,0,1.13,38.21,1.88
R02065,2026-07-23,Thu,BK-06,Elm Park,D10,V10,motorbike,Clear,2026-07-23 12:38:00,2026-07-23 18:01:02,28,28,0,28,100.0,42.0,44.6,6.2,29,1.28,34.71,2.16
R02066,2026-07-23,Thu,BK-05,Northgate,D11,V11,motorbike,Clear,2026-07-23 07:35:00,2026-07-23 13:13:58,29,28,1,26,92.9,41.4,43.8,5.8,0,1.12,39.1,1.86
R02067,2026-07-23,Thu,BK-04,Riverside,D12,V12,motorbike,Clear,2026-07-23 07:37:00,2026-07-23 11:54:12,21,20,1,20,100.0,59.0,63.6,7.8,8,1.92,33.11,3.22
R02068,2026-07-23,Thu,BK-05,Northgate,D13,V13,motorbike,Clear,2026-07-23 07:38:00,2026-07-23 13:30:48,30,29,1,26,89.7,42.9,45.0,4.9,11,1.19,37.96,1.95
R02069,2026-07-23,Thu,BK-01,Harbor Row,D14,V14,motorbike,Clear,2026-07-23 12:32:00,2026-07-23 16:51:12,22,20,2,20,100.0,39.8,41.2,3.5,0,1.05,39.28,1.75
R02070,2026-07-23,Thu,VN-04,Lakeview,D15,V15,van,Clear,2026-07-23 07:37:00,2026-07-23 13:06:19,18,18,0,18,100.0,118.1,123.5,4.6,40,12.04,10.26,18.47
R02071,2026-07-23,Thu,VN-01,Cedar Point,D16,V16,van,Clear,2026-07-23 07:36:00,2026-07-23 12:54:11,17,17,0,17,100.0,79.7,80.8,1.4,0,7.13,11.33,11.04
R02072,2026-07-23,Thu,VN-03,Stonebridge,D17,V17,van,Clear,2026-07-23 07:33:00,2026-07-23 13:15:16,19,19,0,19,100.0,102.6,103.5,0.9,23,9.62,10.76,14.79
R02073,2026-07-23,Thu,VN-02,Brookfield,D18,V18,van,Clear,2026-07-23 07:31:00,2026-07-23 12:59:31,18,17,1,17,100.0,88.9,93.4,5.1,31,9.01,10.36,13.71
R02074,2026-07-23,Thu,VN-03,Stonebridge,D19,V19,van,Clear,2026-07-23 07:40:00,2026-07-23 13:44:31,20,19,1,19,100.0,108.0,110.5,2.3,22,10.06,10.98,15.44
R02075,2026-07-23,Thu,VN-02,Brookfield,D20,V20,van,Clear,2026-07-23 07:34:00,2026-07-23 12:17:27,15,14,1,13,92.9,74.1,76.9,3.8,21,7.33,10.49,11.15
R02076,2026-07-23,Thu,TR-02,Westfield,D21,V21,truck,Clear,2026-07-23 06:06:00,2026-07-23 11:36:09,6,5,1,5,100.0,205.5,206.2,0.3,108,62.93,3.28,96.99
R02077,2026-07-23,Thu,TR-01,Foundry District,D22,V22,truck,Clear,2026-07-23 06:07:00,2026-07-23 13:02:28,8,6,2,6,100.0,267.0,272.5,2.1,15,80.37,3.39,122.01
R02078,2026-07-23,Thu,TR-02,Westfield,D23,V23,truck,Clear,2026-07-23 06:07:00,2026-07-23 13:05:41,8,8,0,7,87.5,274.0,278.0,1.5,23,73.43,3.79,111.65
R02079,2026-07-23,Thu,TR-01,Foundry District,D24,V24,truck,Clear,2026-07-23 06:03:00,2026-07-23 12:17:32,7,7,0,7,100.0,233.6,240.3,2.9,30,65.61,3.66,100.08
R02080,2026-07-24,Fri,BK-04,Riverside,D01,V01,motorbike,Clear,2026-07-24 12:34:00,2026-07-24 16:25:48,19,19,0,16,84.2,53.4,55.9,4.7,16,1.44,38.84,2.4
R02081,2026-07-24,Fri,BK-06,Elm Park,D02,V02,motorbike,Clear,2026-07-24 12:31:00,2026-07-24 17:55:49,28,28,0,28,100.0,42.0,44.5,6.0,18,1.35,32.99,2.27
R02082,2026-07-24,Fri,BK-06,Elm Park,D03,V03,motorbike,Clear,2026-07-24 12:34:00,2026-07-24 17:59:52,27,25,2,23,92.0,40.5,41.4,2.2,0,1.06,39.19,1.75
R02083,2026-07-24,Fri,BK-03,Old Mill,D04,V04,motorbike,Clear,2026-07-24 12:36:00,2026-07-24 17:11:19,23,23,0,21,91.3,42.0,44.2,5.2,0,1.16,38.12,1.93
R02084,2026-07-24,Fri,BK-05,Northgate,D05,V05,motorbike,Clear,2026-07-24 07:33:00,2026-07-24 12:44:21,26,25,1,22,88.0,37.1,38.9,4.9,24,1.14,34.21,1.89
R02085,2026-07-24,Fri,BK-02,Maple Heights,D06,V06,motorbike,Clear,2026-07-24 07:33:00,2026-07-24 12:09:14,23,23,0,21,91.3,43.1,45.0,4.4,24,1.38,32.52,2.3
R02086,2026-07-24,Fri,BK-02,Maple Heights,D07,V07,motorbike,Clear,2026-07-24 07:32:00,2026-07-24 12:04:29,23,23,0,21,91.3,43.1,43.9,1.9,41,1.39,31.6,2.31
R02087,2026-07-24,Fri,BK-03,Old Mill,D08,V08,motorbike,Clear,2026-07-24 07:39:00,2026-07-24 12:34:00,25,22,3,19,86.4,45.7,47.6,4.2,22,1.33,35.66,2.21
R02088,2026-07-24,Fri,BK-01,Harbor Row,D09,V09,motorbike,Clear,2026-07-24 12:38:00,2026-07-24 16:59:21,22,22,0,22,100.0,39.8,40.3,1.3,6,1.1,36.54,1.85
R02089,2026-07-24,Fri,BK-05,Northgate,D10,V10,motorbike,Clear,2026-07-24 12:33:00,2026-07-24 17:44:15,26,25,1,23,92.0,37.1,38.3,3.2,0,0.96,39.88,1.6
R02090,2026-07-24,Fri,BK-02,Maple Heights,D11,V11,motorbike,Clear,2026-07-24 07:35:00,2026-07-24 11:57:17,22,22,0,18,81.8,41.2,44.2,7.3,23,1.21,36.67,1.99
R02091,2026-07-24,Fri,BK-01,Harbor Row,D12,V12,motorbike,Clear,2026-07-24 07:36:00,2026-07-24 11:35:35,20,19,1,19,100.0,36.2,40.5,11.9,7,1.22,33.1,2.06
R02092,2026-07-24,Fri,BK-06,Elm Park,D13,V13,motorbike,Clear,2026-07-24 07:32:00,2026-07-24 12:35:28,26,24,2,24,100.0,39.0,41.4,6.2,0,1.04,39.95,1.71
R02093,2026-07-24,Fri,BK-02,Maple Heights,D14,V14,motorbike,Clear,2026-07-24 12:40:00,2026-07-24 17:28:09,25,23,2,23,100.0,46.9,50.5,7.7,0,1.27,39.84,2.12
R02094,2026-07-24,Fri,VN-02,Brookfield,D15,V15,van,Clear,2026-07-24 07:37:00,2026-07-24 12:34:34,16,16,0,16,100.0,79.1,78.6,-0.6,10,7.61,10.32,11.62
R02095,2026-07-24,Fri,VN-02,Brookfield,D16,V16,van,Clear,2026-07-24 07:39:00,2026-07-24 13:32:05,19,19,0,19,100.0,93.9,90.9,-3.2,0,7.83,11.61,11.94
R02096,2026-07-24,Fri,VN-04,Lakeview,D18,V18,van,Clear,2026-07-24 07:40:00,2026-07-24 12:31:47,16,16,0,16,100.0,105.0,106.5,1.4,35,10.4,10.24,16.06
R02097,2026-07-24,Fri,VN-04,Lakeview,D19,V19,van,Clear,2026-07-24 07:34:00,2026-07-24 13:01:28,18,17,1,17,100.0,118.1,120.8,2.3,35,10.65,11.34,16.16
R02098,2026-07-24,Fri,VN-01,Cedar Point,D20,V20,van,Clear,2026-07-24 07:37:00,2026-07-24 12:37:09,16,15,1,15,100.0,75.0,77.6,3.5,0,7.0,11.08,10.72
R02099,2026-07-24,Fri,TR-03,Granite Hill,D21,V21,truck,Clear,2026-07-24 06:08:00,2026-07-24 16:11:29,12,10,2,6,60.0,252.0,251.9,-0.0,60,76.71,3.28,116.82
R02100,2026-07-24,Fri,TR-02,Westfield,D22,V22,truck,Clear,2026-07-24 06:07:00,2026-07-24 12:17:21,7,7,0,7,100.0,239.8,251.7,5.0,38,75.22,3.35,115.47
R02101,2026-07-24,Fri,TR-03,Granite Hill,D23,V23,truck,Clear,2026-07-24 06:03:00,2026-07-24 14:36:43,10,9,1,7,77.8,210.0,222.7,6.0,21,60.42,3.69,91.89
R02102,2026-07-24,Fri,TR-03,Granite Hill,D24,V24,truck,Clear,2026-07-24 06:06:00,2026-07-24 16:40:48,13,13,0,13,100.0,273.0,281.0,2.9,71,78.55,3.58,120.87
R02103,2026-07-25,Sat,BK-06,Elm Park,D01,V01,motorbike,Clear,2026-07-25 12:32:00,2026-07-25 17:14:55,24,24,0,24,100.0,36.0,36.5,1.4,0,0.91,40.04,1.51
R02104,2026-07-25,Sat,BK-03,Old Mill,D05,V05,motorbike,Clear,2026-07-25 07:33:00,2026-07-25 11:51:33,23,22,1,22,100.0,42.0,43.6,3.8,12,1.22,35.6,2.04
R02105,2026-07-25,Sat,BK-02,Maple Heights,D07,V07,motorbike,Clear,2026-07-25 07:31:00,2026-07-25 12:16:44,24,24,0,22,91.7,45.0,46.4,3.1,29,1.36,34.08,2.26
R02106,2026-07-25,Sat,BK-04,Riverside,D09,V09,motorbike,Clear,2026-07-25 12:31:00,2026-07-25 16:51:37,22,21,1,20,95.2,61.8,61.6,-0.3,0,1.62,37.99,2.68
R02107,2026-07-25,Sat,BK-05,Northgate,D11,V11,motorbike,Clear,2026-07-25 07:34:00,2026-07-25 12:41:22,27,26,1,26,100.0,38.6,39.7,2.8,6,1.04,38.04,1.72
R02108,2026-07-25,Sat,BK-02,Maple Heights,D13,V13,motorbike,Clear,2026-07-25 07:31:00,2026-07-25 12:27:55,25,24,1,22,91.7,46.9,48.5,3.4,39,1.44,33.57,2.42
R02109,2026-07-25,Sat,VN-01,Cedar Point,D15,V15,van,Clear,2026-07-25 07:36:00,2026-07-25 12:37:08,16,16,0,14,87.5,75.0,75.4,0.5,6,7.07,10.66,10.79
R02110,2026-07-25,Sat,VN-01,Cedar Point,D17,V17,van,Clear,2026-07-25 07:32:00,2026-07-25 11:54:22,14,13,1,12,92.3,65.6,65.6,0.0,16,5.96,11.0,9.1
R02111,2026-07-25,Sat,VN-04,Lakeview,D19,V19,van,Clear,2026-07-25 07:38:00,2026-07-25 13:13:39,18,17,1,16,94.1,118.1,122.4,3.6,0,10.66,11.48,16.37
R02112,2026-07-25,Sat,TR-01,Foundry District,D21,V21,truck,Clear,2026-07-25 06:10:00,2026-07-25 13:02:22,8,7,1,7,100.0,267.0,271.4,1.6,38,73.91,3.67,112.91
R02113,2026-07-25,Sat,TR-03,Granite Hill,D23,V23,truck,Clear,2026-07-25 06:09:00,2026-07-25 13:50:24,9,9,0,9,100.0,189.0,197.0,4.2,14,53.31,3.7,82.31
R02114,2026-07-27,Mon,BK-06,Elm Park,D01,V01,motorbike,Clear,2026-07-27 12:39:00,2026-07-27 18:02:43,28,24,4,24,100.0,42.0,44.3,5.5,0,1.07,41.26,1.78
R02115,2026-07-27,Mon,BK-06,Elm Park,D02,V02,motorbike,Clear,2026-07-27 12:37:00,2026-07-27 17:39:38,25,24,1,24,100.0,37.5,39.0,4.0,10,1.18,33.07,1.98
R02116,2026-07-27,Mon,BK-01,Harbor Row,D03,V03,motorbike,Clear,2026-07-27 12:36:00,2026-07-27 16:45:02,20,19,1,16,84.2,36.2,38.3,5.8,0,0.87,43.86,1.44
R02117,2026-07-27,Mon,BK-06,Elm Park,D04,V04,motorbike,Clear,2026-07-27 12:40:00,2026-07-27 17:38:52,25,22,3,22,100.0,37.5,39.9,6.4,14,1.11,35.85,1.85
R02118,2026-07-27,Mon,BK-01,Harbor Row,D05,V05,motorbike,Clear,2026-07-27 07:31:00,2026-07-27 11:27:23,21,21,0,21,100.0,38.0,39.0,2.6,15,1.06,36.85,1.76
R02119,2026-07-27,Mon,BK-05,Northgate,D06,V06,motorbike,Clear,2026-07-27 07:32:00,2026-07-27 12:42:40,26,26,0,26,100.0,37.1,38.3,3.2,25,1.21,31.57,2.02
R02120,2026-07-27,Mon,BK-05,Northgate,D07,V07,motorbike,Clear,2026-07-27 07:35:00,2026-07-27 13:05:51,29,28,1,28,100.0,41.4,42.6,2.9,8,1.18,36.24,1.96
R02121,2026-07-27,Mon,BK-04,Riverside,D08,V08,motorbike,Clear,2026-07-27 07:31:00,2026-07-27 11:36:49,21,21,0,21,100.0,59.0,61.8,4.7,45,1.87,33.06,3.12
R02122,2026-07-27,Mon,BK-04,Riverside,D09,V09,motorbike,Clear,2026-07-27 12:34:00,2026-07-27 16:15:57,19,18,1,18,100.0,53.4,55.8,4.5,34,1.62,34.5,2.7
R02123,2026-07-27,Mon,BK-06,Elm Park,D10,V10,motorbike,Clear,2026-07-27 12:32:00,2026-07-27 17:40:08,26,26,0,24,92.3,39.0,40.6,4.1,24,1.13,35.8,1.88
R02124,2026-07-27,Mon,BK-05,Northgate,D11,V11,motorbike,Clear,2026-07-27 07:36:00,2026-07-27 13:30:53,30,29,1,23,79.3,42.9,44.9,4.7,18,1.21,37.14,2.01
R02125,2026-07-27,Mon,BK-05,Northgate,D12,V12,motorbike,Clear,2026-07-27 07:36:00,2026-07-27 12:44:04,26,24,2,24,100.0,37.1,41.4,11.6,12,1.25,33.1,2.08
R02126,2026-07-27,Mon,BK-05,Northgate,D13,V13,motorbike,Clear,2026-07-27 07:37:00,2026-07-27 13:17:43,29,28,1,27,96.4,41.4,43.1,4.1,0,1.09,39.49,1.82
R02127,2026-07-27,Mon,BK-04,Riverside,D14,V14,motorbike,Clear,2026-07-27 12:32:00,2026-07-27 16:55:19,22,22,0,22,100.0,61.8,64.5,4.4,46,1.88,34.26,3.13
R02128,2026-07-27,Mon,VN-04,Lakeview,D15,V15,van,Clear,2026-07-27 07:38:00,2026-07-27 13:06:53,18,16,2,16,100.0,118.1,120.7,2.2,5,11.2,10.78,16.99
R02129,2026-07-27,Mon,VN-01,Cedar Point,D17,V17,van,Clear,2026-07-27 07:39:00,2026-07-27 12:06:14,14,12,2,12,100.0,65.6,66.7,1.7,17,6.4,10.43,9.74
R02130,2026-07-27,Mon,VN-01,Cedar Point,D18,V18,van,Clear,2026-07-27 07:32:00,2026-07-27 12:58:17,18,17,1,17,100.0,84.4,88.0,4.3,30,8.18,10.76,12.47
R02131,2026-07-27,Mon,VN-01,Cedar Point,D19,V19,van,Clear,2026-07-27 07:38:00,2026-07-27 12:38:36,16,15,1,14,93.3,75.0,78.8,5.1,0,6.86,11.48,10.56
R02132,2026-07-27,Mon,VN-04,Lakeview,D20,V20,van,Clear,2026-07-27 07:38:00,2026-07-27 12:56:07,17,16,1,16,100.0,111.6,116.4,4.3,12,10.48,11.11,16.04
R02133,2026-07-27,Mon,TR-03,Granite Hill,D21,V21,truck,Clear,2026-07-27 06:01:00,2026-07-27 14:39:50,10,10,0,6,60.0,210.0,216.2,3.0,38,62.05,3.48,94.18
R02134,2026-07-27,Mon,TR-01,Foundry District,D22,V22,truck,Clear,2026-07-27 06:03:00,2026-07-27 14:39:19,10,10,0,7,70.0,333.8,339.3,1.6,0,101.74,3.34,155.02
R02135,2026-07-27,Mon,TR-01,Foundry District,D23,V23,truck,Clear,2026-07-27 06:03:00,2026-07-27 12:17:51,7,7,0,7,100.0,233.6,241.7,3.5,13,65.01,3.72,97.97
R02136,2026-07-27,Mon,TR-02,Westfield,D24,V24,truck,Clear,2026-07-27 06:06:00,2026-07-27 11:24:47,6,5,1,5,100.0,205.5,208.2,1.3,34,57.13,3.64,88.05
R02137,2026-07-28,Tue,BK-06,Elm Park,D01,V01,motorbike,Storm,2026-07-28 12:40:00,2026-07-28 18:18:39,28,23,5,22,95.7,42.0,45.0,7.1,11,1.21,37.26,2.0
R02138,2026-07-28,Tue,BK-02,Maple Heights,D02,V02,motorbike,Storm,2026-07-28 12:37:00,2026-07-28 17:51:33,25,23,2,4,17.4,46.9,50.2,7.0,6,1.6,31.39,2.66
R02139,2026-07-28,Tue,BK-06,Elm Park,D03,V03,motorbike,Storm,2026-07-28 12:33:00,2026-07-28 17:28:13,24,24,0,21,87.5,36.0,37.6,4.4,7,1.03,36.54,1.71
R02140,2026-07-28,Tue,BK-02,Maple Heights,D04,V04,motorbike,Storm,2026-07-28 12:39:00,2026-07-28 17:42:14,24,23,1,7,30.4,45.0,48.6,8.0,0,1.4,34.82,2.32
R02141,2026-07-28,Tue,BK-05,Northgate,D05,V05,motorbike,Storm,2026-07-28 07:35:00,2026-07-28 12:54:33,27,24,3,23,95.8,38.6,40.7,5.4,20,1.2,33.93,2.0
R02142,2026-07-28,Tue,BK-04,Riverside,D06,V06,motorbike,Storm,2026-07-28 07:39:00,2026-07-28 12:15:31,23,23,0,19,82.6,64.6,69.5,7.6,7,2.13,32.69,3.53
R02143,2026-07-28,Tue,BK-04,Riverside,D07,V07,motorbike,Storm,2026-07-28 07:34:00,2026-07-28 11:35:39,20,17,3,14,82.4,56.2,59.1,5.2,8,1.81,32.7,3.02
R02144,2026-07-28,Tue,BK-04,Riverside,D08,V08,motorbike,Storm,2026-07-28 07:33:00,2026-07-28 11:47:37,21,18,3,17,94.4,59.0,62.0,5.1,9,1.77,34.93,2.93
R02145,2026-07-28,Tue,BK-03,Old Mill,D09,V09,motorbike,Storm,2026-07-28 12:31:00,2026-07-28 17:29:11,24,22,2,15,68.2,43.8,45.6,4.1,13,1.36,33.65,2.25
R02146,2026-07-28,Tue,BK-01,Harbor Row,D10,V10,motorbike,Storm,2026-07-28 12:30:00,2026-07-28 16:57:32,22,20,2,18,90.0,39.8,43.1,8.3,0,1.22,35.32,2.01
R02147,2026-07-28,Tue,BK-05,Northgate,D11,V11,motorbike,Storm,2026-07-28 07:30:00,2026-07-28 12:48:02,26,23,3,18,78.3,37.1,40.6,9.4,7,1.12,36.14,1.87
R02148,2026-07-28,Tue,BK-04,Riverside,D12,V12,motorbike,Storm,2026-07-28 07:35:00,2026-07-28 11:27:48,19,17,2,15,88.2,53.4,61.4,15.0,23,2.07,29.63,3.47
R02149,2026-07-28,Tue,BK-05,Northgate,D14,V14,motorbike,Storm,2026-07-28 12:35:00,2026-07-28 18:18:37,29,26,3,21,80.8,41.4,45.0,8.7,0,1.22,36.95,2.04
R02150,2026-07-28,Tue,VN-04,Lakeview,D15,V15,van,Storm,2026-07-28 07:33:00,2026-07-28 13:00:12,17,14,3,10,71.4,111.6,122.7,9.9,14,11.63,10.55,17.81
R02151,2026-07-28,Tue,VN-01,Cedar Point,D16,V16,van,Storm,2026-07-28 07:36:00,2026-07-28 13:22:57,18,16,2,8,50.0,84.4,88.3,4.6,6,8.46,10.43,13.02
R02152,2026-07-28,Tue,VN-03,Stonebridge,D17,V17,van,Storm,2026-07-28 07:34:00,2026-07-28 14:00:46,21,19,2,18,94.7,113.4,120.8,6.5,0,11.24,10.75,17.45
R02153,2026-07-28,Tue,VN-02,Brookfield,D18,V18,van,Storm,2026-07-28 07:35:00,2026-07-28 12:52:42,17,16,1,15,93.8,84.0,87.8,4.5,6,8.95,9.81,13.53
R02154,2026-07-28,Tue,VN-01,Cedar Point,D19,V19,van,Storm,2026-07-28 07:32:00,2026-07-28 12:51:34,17,15,2,14,93.3,79.7,86.3,8.3,23,8.33,10.36,12.73
R02155,2026-07-28,Tue,VN-01,Cedar Point,D20,V20,van,Storm,2026-07-28 07:30:00,2026-07-28 13:05:04,18,15,3,14,93.3,84.4,88.9,5.3,15,8.65,10.28,13.08
R02156,2026-07-28,Tue,TR-03,Granite Hill,D21,V21,truck,Storm,2026-07-28 06:00:00,2026-07-28 16:54:58,13,11,2,8,72.7,273.0,283.9,4.0,112,91.35,3.11,140.43
R02157,2026-07-28,Tue,TR-02,Westfield,D22,V22,truck,Storm,2026-07-28 06:08:00,2026-07-28 11:36:44,6,6,0,5,83.3,205.5,214.2,4.2,51,71.61,2.99,108.69
R02158,2026-07-28,Tue,TR-01,Foundry District,D23,V23,truck,Storm,2026-07-28 06:05:00,2026-07-28 12:27:14,7,7,0,5,71.4,233.6,245.7,5.2,40,73.53,3.34,110.5
R02159,2026-07-28,Tue,TR-03,Granite Hill,D24,V24,truck,Storm,2026-07-28 06:01:00,2026-07-28 13:55:38,9,8,1,5,62.5,189.0,202.4,7.1,37,62.08,3.26,94.93
R02160,2026-07-29,Wed,BK-01,Harbor Row,D01,V01,motorbike,Clear,2026-07-29 12:37:00,2026-07-29 16:50:21,21,19,2,19,100.0,38.0,38.6,1.6,12,1.05,36.91,1.74
R02161,2026-07-29,Wed,BK-02,Maple Heights,D02,V02,motorbike,Clear,2026-07-29 12:35:00,2026-07-29 17:31:37,25,21,4,21,100.0,46.9,48.6,3.6,21,1.54,31.6,2.55
R02162,2026-07-29,Wed,BK-03,Old Mill,D03,V03,motorbike,Clear,2026-07-29 12:31:00,2026-07-29 16:47:47,21,20,1,16,80.0,38.3,40.0,4.4,25,1.09,36.69,1.81
R02163,2026-07-29,Wed,BK-01,Harbor Row,D04,V04,motorbike,Clear,2026-07-29 12:35:00,2026-07-29 16:58:45,22,22,0,16,72.7,39.8,42.0,5.5,0,1.11,37.98,1.84
R02164,2026-07-29,Wed,BK-06,Elm Park,D05,V05,motorbike,Clear,2026-07-29 07:38:00,2026-07-29 12:43:40,27,27,0,27,100.0,40.5,42.1,4.0,18,1.11,38.1,1.82
R02165,2026-07-29,Wed,BK-02,Maple Heights,D06,V06,motorbike,Clear,2026-07-29 07:33:00,2026-07-29 11:50:43,22,21,1,21,100.0,41.2,41.7,1.2,16,1.23,34.03,2.03
R02166,2026-07-29,Wed,BK-01,Harbor Row,D07,V07,motorbike,Clear,2026-07-29 07:30:00,2026-07-29 11:59:20,23,21,2,21,100.0,41.6,42.7,2.6,0,1.18,36.06,1.95
R02167,2026-07-29,Wed,BK-06,Elm Park,D08,V08,motorbike,Clear,2026-07-29 07:37:00,2026-07-29 12:41:32,27,26,1,26,100.0,40.5,43.0,6.2,0,1.13,37.91,1.88
R02168,2026-07-29,Wed,BK-01,Harbor Row,D09,V09,motorbike,Clear,2026-07-29 12:36:00,2026-07-29 16:27:51,19,19,0,18,94.7,34.4,34.7,0.9,6,0.92,37.59,1.53
R02169,2026-07-29,Wed,BK-02,Maple Heights,D10,V10,motorbike,Clear,2026-07-29 12:36:00,2026-07-29 17:11:20,23,23,0,16,69.6,43.1,44.7,3.7,0,1.15,38.91,1.91
R02170,2026-07-29,Wed,BK-03,Old Mill,D11,V11,motorbike,Clear,2026-07-29 07:32:00,2026-07-29 12:03:48,23,22,1,21,95.5,42.0,44.4,5.7,0,1.06,41.91,1.75
R02171,2026-07-29,Wed,BK-01,Harbor Row,D12,V12,motorbike,Clear,2026-07-29 07:39:00,2026-07-29 11:38:02,20,20,0,19,95.0,36.2,39.8,9.9,0,1.13,35.24,1.88
R02172,2026-07-29,Wed,BK-05,Northgate,D13,V13,motorbike,Clear,2026-07-29 07:35:00,2026-07-29 13:28:20,30,26,4,24,92.3,42.9,45.3,5.6,0,1.15,39.5,1.91
R02173,2026-07-29,Wed,BK-01,Harbor Row,D14,V14,motorbike,Clear,2026-07-29 12:35:00,2026-07-29 16:35:22,20,18,2,18,100.0,36.2,37.0,2.2,0,0.94,39.33,1.58
R02174,2026-07-29,Wed,VN-02,Brookfield,D15,V15,van,Clear,2026-07-29 07:38:00,2026-07-29 13:28:49,19,19,0,18,94.7,93.9,98.0,4.4,18,9.09,10.79,13.89
R02175,2026-07-29,Wed,VN-01,Cedar Point,D16,V16,van,Clear,2026-07-29 07:30:00,2026-07-29 13:04:55,18,18,0,16,88.9,84.4,84.0,-0.5,44,8.1,10.37,12.33
R02176,2026-07-29,Wed,VN-04,Lakeview,D18,V18,van,Clear,2026-07-29 07:31:00,2026-07-29 11:56:38,14,13,1,12,92.3,91.9,92.9,1.1,33,9.14,10.16,13.98
R02177,2026-07-29,Wed,VN-04,Lakeview,D19,V19,van,Clear,2026-07-29 07:30:00,2026-07-29 12:13:47,15,15,0,14,93.3,98.4,100.0,1.6,8,8.73,11.45,13.4
R02178,2026-07-29,Wed,VN-02,Brookfield,D20,V20,van,Clear,2026-07-29 07:39:00,2026-07-29 13:08:43,18,17,1,16,94.1,88.9,90.7,2.0,8,8.01,11.33,12.16
R02179,2026-07-29,Wed,TR-02,Westfield,D21,V21,truck,Clear,2026-07-29 06:02:00,2026-07-29 12:08:30,7,7,0,7,100.0,239.8,235.4,-1.8,84,70.8,3.32,107.86
R02180,2026-07-29,Wed,TR-01,Foundry District,D22,V22,truck,Clear,2026-07-29 06:05:00,2026-07-29 14:34:10,10,10,0,10,100.0,333.8,342.6,2.6,10,108.15,3.17,164.33
R02181,2026-07-29,Wed,TR-01,Foundry District,D23,V23,truck,Clear,2026-07-29 06:07:00,2026-07-29 13:56:20,9,8,1,7,87.5,300.4,314.1,4.6,46,81.1,3.87,123.11
R02182,2026-07-29,Wed,TR-01,Foundry District,D24,V24,truck,Clear,2026-07-29 06:03:00,2026-07-29 12:18:29,7,7,0,7,100.0,233.6,244.1,4.5,64,67.94,3.59,102.8
R02183,2026-07-30,Thu,BK-06,Elm Park,D01,V01,motorbike,Clear,2026-07-30 12:33:00,2026-07-30 17:25:30,25,23,2,23,100.0,37.5,39.4,5.1,0,0.97,40.46,1.61
R02184,2026-07-30,Thu,BK-02,Maple Heights,D02,V02,motorbike,Clear,2026-07-30 12:38:00,2026-07-30 17:09:59,22,21,1,20,95.2,41.2,43.9,6.6,17,1.32,33.2,2.21
R02185,2026-07-30,Thu,BK-01,Harbor Row,D03,V03,motorbike,Clear,2026-07-30 12:36:00,2026-07-30 16:25:20,19,18,1,17,94.4,34.4,35.4,2.9,19,0.93,38.11,1.54
R02186,2026-07-30,Thu,BK-02,Maple Heights,D04,V04,motorbike,Clear,2026-07-30 12:40:00,2026-07-30 17:50:42,26,24,2,23,95.8,48.8,51.1,4.7,34,1.48,34.59,2.48
R02187,2026-07-30,Thu,BK-05,Northgate,D05,V05,motorbike,Clear,2026-07-30 07:40:00,2026-07-30 13:28:22,30,29,1,29,100.0,42.9,44.0,2.6,16,1.2,36.6,2.0
R02188,2026-07-30,Thu,BK-01,Harbor Row,D06,V06,motorbike,Clear,2026-07-30 07:30:00,2026-07-30 11:21:29,19,18,1,18,100.0,34.4,36.1,4.9,29,1.15,31.27,1.9
R02189,2026-07-30,Thu,BK-05,Northgate,D07,V07,motorbike,Clear,2026-07-30 07:31:00,2026-07-30 13:33:36,30,29,1,15,51.7,42.9,43.5,1.4,17,1.26,34.53,2.08
R02190,2026-07-30,Thu,BK-03,Old Mill,D08,V08,motorbike,Clear,2026-07-30 07:32:00,2026-07-30 11:45:32,21,21,0,18,85.7,38.3,39.9,4.2,0,1.09,36.69,1.81
R02191,2026-07-30,Thu,BK-02,Maple Heights,D09,V09,motorbike,Clear,2026-07-30 12:40:00,2026-07-30 17:08:42,22,22,0,19,86.4,41.2,42.5,3.2,22,1.26,33.81,2.11
R02192,2026-07-30,Thu,BK-05,Northgate,D11,V11,motorbike,Clear,2026-07-30 07:33:00,2026-07-30 12:35:21,26,25,1,25,100.0,37.1,38.7,4.3,27,1.06,36.57,1.74
R02193,2026-07-30,Thu,BK-04,Riverside,D12,V12,motorbike,Clear,2026-07-30 07:30:00,2026-07-30 11:33:01,21,21,0,21,100.0,59.0,64.1,8.6,23,2.0,32.02,3.28
R02194,2026-07-30,Thu,BK-04,Riverside,D13,V13,motorbike,Clear,2026-07-30 07:37:00,2026-07-30 12:06:15,23,21,2,21,100.0,64.6,67.7,4.8,0,1.69,39.95,2.79
R02195,2026-07-30,Thu,BK-05,Northgate,D14,V14,motorbike,Clear,2026-07-30 12:39:00,2026-07-30 18:22:44,30,29,1,28,96.6,42.9,43.9,2.3,0,1.1,39.99,1.81
R02196,2026-07-30,Thu,VN-02,Brookfield,D15,V15,van,Clear,2026-07-30 07:31:00,2026-07-30 13:21:18,19,18,1,14,77.8,93.9,96.0,2.2,18,9.09,10.56,13.9
R02197,2026-07-30,Thu,VN-01,Cedar Point,D16,V16,van,Clear,2026-07-30 07:30:00,2026-07-30 11:48:00,14,13,1,13,100.0,65.6,67.3,2.6,10,6.02,11.17,9.14
R02198,2026-07-30,Thu,VN-03,Stonebridge,D17,V17,van,Clear,2026-07-30 07:39:00,2026-07-30 13:43:43,20,19,1,19,100.0,108.0,110.2,2.0,17,10.12,10.89,15.31
R02199,2026-07-30,Thu,VN-04,Lakeview,D18,V18,van,Clear,2026-07-30 07:34:00,2026-07-30 12:12:33,15,15,0,15,100.0,98.4,103.2,4.9,80,10.67,9.67,16.07
R02200,2026-07-30,Thu,VN-04,Lakeview,D19,V19,van,Clear,2026-07-30 07:40:00,2026-07-30 12:48:32,17,16,1,16,100.0,111.6,112.8,1.1,49,10.55,10.69,16.04
R02201,2026-07-30,Thu,VN-04,Lakeview,D20,V20,van,Clear,2026-07-30 07:37:00,2026-07-30 12:07:51,14,13,1,10,76.9,91.9,93.4,1.6,11,8.23,11.34,12.54
R02202,2026-07-30,Thu,TR-03,Granite Hill,D22,V22,truck,Clear,2026-07-30 06:07:00,2026-07-30 14:40:31,10,10,0,9,90.0,210.0,208.4,-0.8,59,65.31,3.19,99.5
R02203,2026-07-30,Thu,TR-01,Foundry District,D23,V23,truck,Clear,2026-07-30 06:00:00,2026-07-30 14:26:12,10,10,0,8,80.0,333.8,344.0,3.1,11,92.26,3.73,140.79
R02204,2026-07-30,Thu,TR-01,Foundry District,D24,V24,truck,Clear,2026-07-30 06:00:00,2026-07-30 13:05:59,8,8,0,7,87.5,267.0,277.7,4.0,11,74.09,3.75,112.12
R02205,2026-07-31,Fri,BK-04,Riverside,D01,V01,motorbike,Rain,2026-07-31 12:32:00,2026-07-31 16:49:29,22,21,1,21,100.0,61.8,66.0,6.8,47,1.95,33.89,3.2
R02206,2026-07-31,Fri,BK-03,Old Mill,D02,V02,motorbike,Rain,2026-07-31 12:36:00,2026-07-31 17:03:04,22,20,2,18,90.0,40.2,42.7,6.2,18,1.35,31.57,2.23
R02207,2026-07-31,Fri,BK-04,Riverside,D03,V03,motorbike,Rain,2026-07-31 12:36:00,2026-07-31 16:27:03,19,17,2,16,94.1,53.4,55.9,4.7,0,1.43,39.05,2.39
R02208,2026-07-31,Fri,BK-04,Riverside,D04,V04,motorbike,Rain,2026-07-31 12:32:00,2026-07-31 17:08:27,23,23,0,22,95.7,64.6,68.7,6.3,28,2.15,31.95,3.53
R02209,2026-07-31,Fri,BK-05,Northgate,D05,V05,motorbike,Rain,2026-07-31 07:40:00,2026-07-31 13:14:35,28,28,0,25,89.3,40.0,42.5,6.2,23,1.23,34.44,2.04
R02210,2026-07-31,Fri,BK-03,Old Mill,D06,V06,motorbike,Rain,2026-07-31 07:33:00,2026-07-31 12:22:54,24,23,1,18,78.3,43.8,46.3,5.7,9,1.33,34.85,2.19
R02211,2026-07-31,Fri,BK-02,Maple Heights,D07,V07,motorbike,Rain,2026-07-31 07:32:00,2026-07-31 12:08:52,23,22,1,21,95.5,43.1,47.2,9.5,0,1.35,34.98,2.24
R02212,2026-07-31,Fri,BK-04,Riverside,D08,V08,motorbike,Rain,2026-07-31 07:34:00,2026-07-31 12:01:00,22,21,1,18,85.7,61.8,68.5,10.8,0,1.94,35.29,3.23
R02213,2026-07-31,Fri,BK-02,Maple Heights,D09,V09,motorbike,Rain,2026-07-31 12:31:00,2026-07-31 17:11:58,23,22,1,15,68.2,43.1,45.2,4.9,18,1.34,33.76,2.22
R02214,2026-07-31,Fri,BK-06,Elm Park,D10,V10,motorbike,Rain,2026-07-31 12:39:00,2026-07-31 17:37:12,26,23,3,23,100.0,39.0,41.2,5.6,14,1.23,33.59,2.02
R02215,2026-07-31,Fri,BK-01,Harbor Row,D11,V11,motorbike,Rain,2026-07-31 07:37:00,2026-07-31 12:09:02,23,22,1,21,95.5,41.6,43.8,5.3,15,1.2,36.37,2.01
R02216,2026-07-31,Fri,BK-03,Old Mill,D12,V12,motorbike,Rain,2026-07-31 07:34:00,2026-07-31 11:46:21,22,21,1,21,100.0,40.2,45.1,12.2,18,1.41,31.93,2.35
R02217,2026-07-31,Fri,BK-05,Northgate,D13,V13,motorbike,Rain,2026-07-31 07:38:00,2026-07-31 12:51:24,26,24,2,21,87.5,37.1,38.9,4.9,0,1.03,37.95,1.69
R02218,2026-07-31,Fri,BK-06,Elm Park,D14,V14,motorbike,Rain,2026-07-31 12:39:00,2026-07-31 18:13:25,28,26,2,22,84.6,42.0,45.8,9.0,6,1.23,37.34,2.04
R02219,2026-07-31,Fri,VN-03,Stonebridge,D15,V15,van,Rain,2026-07-31 07:40:00,2026-07-31 13:18:09,18,17,1,15,88.2,97.2,105.5,8.5,34,10.59,9.97,15.98
R02220,2026-07-31,Fri,VN-03,Stonebridge,D17,V17,van,Rain,2026-07-31 07:33:00,2026-07-31 13:52:33,21,19,2,19,100.0,113.4,118.6,4.6,5,10.49,11.31,16.03
R02221,2026-07-31,Fri,VN-02,Brookfield,D18,V18,van,Rain,2026-07-31 07:35:00,2026-07-31 13:16:21,18,16,2,15,93.8,88.9,94.6,6.4,19,9.15,10.33,13.95
R02222,2026-07-31,Fri,VN-02,Brookfield,D19,V19,van,Rain,2026-07-31 07:38:00,2026-07-31 12:20:36,15,14,1,12,85.7,74.1,79.6,7.4,53,8.05,9.89,12.13
R02223,2026-07-31,Fri,VN-04,Lakeview,D20,V20,van,Rain,2026-07-31 07:34:00,2026-07-31 12:11:33,15,14,1,14,100.0,98.4,103.1,4.8,0,9.39,10.97,14.25
R02224,2026-07-31,Fri,TR-03,Granite Hill,D21,V21,truck,Rain,2026-07-31 06:00:00,2026-07-31 15:13:48,11,10,1,9,90.0,231.0,238.3,3.2,138,75.68,3.15,114.81
R02225,2026-07-31,Fri,TR-03,Granite Hill,D22,V22,truck,Rain,2026-07-31 06:03:00,2026-07-31 13:49:32,9,9,0,9,100.0,189.0,202.2,7.0,48,67.39,3.0,102.27
R02226,2026-07-31,Fri,TR-03,Granite Hill,D23,V23,truck,Rain,2026-07-31 06:06:00,2026-07-31 16:11:14,12,12,0,7,58.3,252.0,270.1,7.2,29,73.52,3.67,111.31
R02227,2026-07-31,Fri,TR-02,Westfield,D24,V24,truck,Rain,2026-07-31 06:09:00,2026-07-31 14:45:44,10,9,1,7,77.8,342.5,372.2,8.7,30,105.58,3.53,159.87
R02228,2026-08-01,Sat,BK-06,Elm Park,D01,V01,motorbike,Clear,2026-08-01 12:38:00,2026-08-01 17:54:29,27,27,0,24,88.9,40.5,42.7,5.4,14,1.1,38.74,1.83
R02229,2026-08-01,Sat,BK-05,Northgate,D03,V03,motorbike,Clear,2026-08-01 12:30:00,2026-08-01 18:16:34,29,29,0,29,100.0,41.4,43.4,4.8,0,1.07,40.69,1.77
R02230,2026-08-01,Sat,BK-03,Old Mill,D05,V05,motorbike,Clear,2026-08-01 07:37:00,2026-08-01 12:05:09,23,23,0,22,95.7,42.0,41.9,-0.2,20,1.16,36.14,1.92
R02231,2026-08-01,Sat,BK-03,Old Mill,D07,V07,motorbike,Clear,2026-08-01 07:30:00,2026-08-01 11:57:30,22,21,1,20,95.2,40.2,41.9,4.2,24,1.6,26.19,2.66
R02232,2026-08-01,Sat,BK-01,Harbor Row,D09,V09,motorbike,Clear,2026-08-01 12:30:00,2026-08-01 16:34:22,20,20,0,16,80.0,36.2,37.1,2.5,45,1.21,30.67,2.01
R02233,2026-08-01,Sat,BK-03,Old Mill,D11,V11,motorbike,Clear,2026-08-01 07:38:00,2026-08-01 11:59:21,22,20,2,19,95.0,40.2,41.7,3.7,34,1.19,35.08,1.97
R02234,2026-08-01,Sat,BK-06,Elm Park,D13,V13,motorbike,Clear,2026-08-01 07:36:00,2026-08-01 12:54:59,28,25,3,25,100.0,42.0,42.9,2.1,0,1.06,40.58,1.76
R02235,2026-08-01,Sat,VN-03,Stonebridge,D17,V17,van,Clear,2026-08-01 07:36:00,2026-08-01 13:10:34,18,18,0,18,100.0,97.2,100.5,3.4,13,9.23,10.89,13.91
R02236,2026-08-01,Sat,VN-01,Cedar Point,D19,V19,van,Clear,2026-08-01 07:34:00,2026-08-01 12:49:49,17,17,0,17,100.0,79.7,79.9,0.3,0,6.73,11.87,10.32
R02237,2026-08-01,Sat,TR-03,Granite Hill,D21,V21,truck,Clear,2026-08-01 06:07:00,2026-08-01 14:32:18,10,9,1,8,88.9,210.0,213.0,1.4,39,60.54,3.52,91.29
R02238,2026-08-01,Sat,TR-01,Foundry District,D23,V23,truck,Clear,2026-08-01 06:06:00,2026-08-01 13:53:15,9,8,1,7,87.5,300.4,302.7,0.8,0,76.77,3.94,117.39
R02239,2026-08-03,Mon,BK-02,Maple Heights,D01,V01,motorbike,Rain,2026-08-03 12:33:00,2026-08-03 17:47:02,26,24,2,20,83.3,48.8,52.6,7.8,0,1.31,40.26,2.15
R02240,2026-08-03,Mon,BK-05,Northgate,D02,V02,motorbike,Rain,2026-08-03 12:32:00,2026-08-03 18:23:46,30,26,4,17,65.4,42.9,46.4,8.2,0,1.43,32.48,2.37
R02241,2026-08-03,Mon,BK-01,Harbor Row,D03,V03,motorbike,Rain,2026-08-03 12:39:00,2026-08-03 16:28:50,19,18,1,18,100.0,34.4,36.6,6.4,0,0.96,37.93,1.61
R02242,2026-08-03,Mon,BK-06,Elm Park,D04,V04,motorbike,Rain,2026-08-03 12:35:00,2026-08-03 17:50:27,27,27,0,27,100.0,40.5,43.8,8.1,15,1.25,34.96,2.07
R02243,2026-08-03,Mon,BK-02,Maple Heights,D05,V05,motorbike,Rain,2026-08-03 07:40:00,2026-08-03 12:15:36,23,22,1,15,68.2,43.1,45.1,4.6,38,1.32,34.06,2.18
R02244,2026-08-03,Mon,BK-01,Harbor Row,D06,V06,motorbike,Rain,2026-08-03 07:37:00,2026-08-03 11:49:23,21,21,0,21,100.0,38.0,40.6,6.8,34,1.29,31.42,2.15
R02245,2026-08-03,Mon,BK-06,Elm Park,D07,V07,motorbike,Rain,2026-08-03 07:30:00,2026-08-03 12:29:43,26,26,0,26,100.0,39.0,42.2,8.2,5,1.58,26.63,2.58
R02246,2026-08-03,Mon,BK-02,Maple Heights,D08,V08,motorbike,Rain,2026-08-03 07:35:00,2026-08-03 12:32:15,24,24,0,10,41.7,45.0,48.4,7.6,27,1.46,33.13,2.45
R02247,2026-08-03,Mon,BK-01,Harbor Row,D09,V09,motorbike,Rain,2026-08-03 12:30:00,2026-08-03 16:53:00,22,21,1,20,95.2,39.8,41.0,3.0,16,1.21,33.77,2.01
R02248,2026-08-03,Mon,BK-02,Maple Heights,D10,V10,motorbike,Rain,2026-08-03 12:35:00,2026-08-03 17:23:55,24,22,2,22,100.0,45.0,48.4,7.6,20,1.43,33.86,2.36
R02249,2026-08-03,Mon,BK-01,Harbor Row,D11,V11,motorbike,Rain,2026-08-03 07:30:00,2026-08-03 11:47:44,22,22,0,22,100.0,39.8,44.4,11.6,23,1.3,34.14,2.15
R02250,2026-08-03,Mon,BK-06,Elm Park,D12,V12,motorbike,Rain,2026-08-03 07:38:00,2026-08-03 12:20:34,24,23,1,23,100.0,36.0,40.7,13.1,30,1.33,30.5,2.19
R02251,2026-08-03,Mon,BK-06,Elm Park,D13,V13,motorbike,Rain,2026-08-03 07:33:00,2026-08-03 12:38:10,26,25,1,20,80.0,39.0,41.0,5.1,18,1.18,34.82,1.96
R02252,2026-08-03,Mon,BK-04,Riverside,D14,V14,motorbike,Rain,2026-08-03 12:31:00,2026-08-03 16:44:49,21,20,1,20,100.0,59.0,64.6,9.5,24,1.88,34.3,3.08
R02253,2026-08-03,Mon,VN-02,Brookfield,D15,V15,van,Rain,2026-08-03 07:40:00,2026-08-03 13:02:09,17,16,1,14,87.5,84.0,88.7,5.6,22,8.85,10.02,13.46
R02254,2026-08-03,Mon,VN-04,Lakeview,D16,V16,van,Rain,2026-08-03 07:37:00,2026-08-03 12:57:11,17,16,1,15,93.8,111.6,117.4,5.2,0,10.45,11.24,15.68
R02255,2026-08-03,Mon,VN-02,Brookfield,D17,V17,van,Rain,2026-08-03 07:39:00,2026-08-03 13:04:53,18,17,1,17,100.0,88.9,94.9,6.7,0,8.97,10.57,13.71
R02256,2026-08-03,Mon,VN-03,Stonebridge,D18,V18,van,Rain,2026-08-03 07:32:00,2026-08-03 13:02:35,18,18,0,18,100.0,97.2,104.8,7.8,0,10.09,10.39,15.35
R02257,2026-08-03,Mon,VN-02,Brookfield,D19,V19,van,Rain,2026-08-03 07:31:00,2026-08-03 12:57:36,18,17,1,17,100.0,88.9,94.9,6.7,31,9.15,10.37,13.84
R02258,2026-08-03,Mon,VN-04,Lakeview,D20,V20,van,Rain,2026-08-03 07:37:00,2026-08-03 13:11:47,18,15,3,15,100.0,118.1,123.6,4.7,14,11.6,10.65,17.73
R02259,2026-08-03,Mon,TR-03,Granite Hill,D21,V21,truck,Rain,2026-08-03 06:07:00,2026-08-03 14:35:09,10,10,0,9,90.0,210.0,224.3,6.8,69,65.44,3.43,98.38
R02260,2026-08-03,Mon,TR-03,Granite Hill,D22,V22,truck,Rain,2026-08-03 06:05:00,2026-08-03 14:34:14,10,8,2,7,87.5,210.0,223.0,6.2,0,68.8,3.24,103.71
R02261,2026-08-03,Mon,TR-02,Westfield,D23,V23,truck,Rain,2026-08-03 06:03:00,2026-08-03 12:17:13,7,7,0,6,85.7,239.8,259.1,8.0,18,70.05,3.7,105.51
R02262,2026-08-03,Mon,TR-02,Westfield,D24,V24,truck,Rain,2026-08-03 06:02:00,2026-08-03 12:14:49,7,7,0,5,71.4,239.8,254.6,6.2,58,72.53,3.51,109.68
R02263,2026-08-04,Tue,BK-04,Riverside,D01,V01,motorbike,Clear,2026-08-04 12:32:00,2026-08-04 16:38:07,20,19,1,18,94.7,56.2,58.4,3.9,34,1.55,37.75,2.55
R02264,2026-08-04,Tue,BK-01,Harbor Row,D02,V02,motorbike,Clear,2026-08-04 12:38:00,2026-08-04 16:43:41,20,20,0,19,95.0,36.2,37.9,4.7,36,1.17,32.3,1.94
R02265,2026-08-04,Tue,BK-04,Riverside,D03,V03,motorbike,Clear,2026-08-04 12:35:00,2026-08-04 17:06:52,23,20,3,18,90.0,64.6,67.7,4.8,0,1.69,40.18,2.8
R02266,2026-08-04,Tue,BK-05,Northgate,D04,V04,motorbike,Clear,2026-08-04 12:36:00,2026-08-04 17:52:24,26,25,1,23,92.0,37.1,38.1,2.7,10,1.06,36.04,1.73
R02267,2026-08-04,Tue,BK-01,Harbor Row,D05,V05,motorbike,Clear,2026-08-04 07:35:00,2026-08-04 11:39:42,21,21,0,19,90.5,38.0,38.1,0.3,7,0.98,38.98,1.61
R02268,2026-08-04,Tue,BK-05,Northgate,D06,V06,motorbike,Clear,2026-08-04 07:38:00,2026-08-04 13:11:49,28,27,1,23,85.2,40.0,40.4,1.0,21,1.25,32.35,2.06
R02269,2026-08-04,Tue,BK-01,Harbor Row,D07,V07,motorbike,Clear,2026-08-04 07:39:00,2026-08-04 11:45:37,21,20,1,20,100.0,38.0,39.3,3.4,46,1.63,24.17,2.71
R02270,2026-08-04,Tue,BK-05,Northgate,D08,V08,motorbike,Clear,2026-08-04 07:30:00,2026-08-04 12:41:13,26,26,0,25,96.2,37.1,37.5,1.1,8,0.99,37.94,1.64
R02271,2026-08-04,Tue,BK-05,Northgate,D09,V09,motorbike,Clear,2026-08-04 12:36:00,2026-08-04 18:34:02,30,30,0,20,66.7,42.9,43.5,1.4,0,1.12,38.85,1.84
R02272,2026-08-04,Tue,BK-03,Old Mill,D10,V10,motorbike,Clear,2026-08-04 12:33:00,2026-08-04 16:52:58,23,23,0,23,100.0,42.0,43.2,2.9,0,1.12,38.66,1.85
R02273,2026-08-04,Tue,BK-02,Maple Heights,D11,V11,motorbike,Clear,2026-08-04 07:37:00,2026-08-04 12:07:36,22,22,0,18,81.8,41.2,42.6,3.4,11,1.13,37.84,1.86
R02274,2026-08-04,Tue,BK-06,Elm Park,D12,V12,motorbike,Clear,2026-08-04 07:39:00,2026-08-04 12:30:42,25,23,2,22,95.7,37.5,40.8,8.8,43,1.46,27.88,2.43
R02275,2026-08-04,Tue,BK-04,Riverside,D13,V13,motorbike,Clear,2026-08-04 07:36:00,2026-08-04 12:09:52,23,21,2,21,100.0,64.6,66.4,2.8,23,1.87,35.52,3.09
R02276,2026-08-04,Tue,BK-05,Northgate,D14,V14,motorbike,Clear,2026-08-04 12:32:00,2026-08-04 18:26:03,30,27,3,24,88.9,42.9,45.3,5.6,0,1.16,38.98,1.93
R02277,2026-08-04,Tue,VN-03,Stonebridge,D15,V15,van,Clear,2026-08-04 07:37:00,2026-08-04 13:33:55,19,19,0,17,89.5,102.6,106.5,3.8,36,10.06,10.59,15.21
R02278,2026-08-04,Tue,VN-04,Lakeview,D16,V16,van,Clear,2026-08-04 07:35:00,2026-08-04 11:52:01,14,14,0,14,100.0,91.9,94.1,2.4,0,8.36,11.26,12.57
R02279,2026-08-04,Tue,VN-02,Brookfield,D17,V17,van,Clear,2026-08-04 07:40:00,2026-08-04 12:49:25,17,16,1,16,100.0,84.0,85.4,1.7,12,8.13,10.51,12.4
R02280,2026-08-04,Tue,VN-02,Brookfield,D18,V18,van,Clear,2026-08-04 07:33:00,2026-08-04 12:27:18,16,16,0,16,100.0,79.1,82.6,4.4,0,7.24,11.41,10.99
R02281,2026-08-04,Tue,VN-04,Lakeview,D19,V19,van,Clear,2026-08-04 07:40:00,2026-08-04 12:32:47,16,16,0,16,100.0,105.0,107.3,2.2,17,10.01,10.72,15.1
R02282,2026-08-04,Tue,VN-02,Brookfield,D20,V20,van,Clear,2026-08-04 07:32:00,2026-08-04 12:24:14,16,14,2,14,100.0,79.1,79.9,1.0,9,7.0,11.41,10.6
R02283,2026-08-04,Tue,TR-02,Westfield,D21,V21,truck,Clear,2026-08-04 06:05:00,2026-08-04 13:52:38,9,7,2,7,100.0,308.2,317.8,3.1,69,89.52,3.55,135.3
R02284,2026-08-04,Tue,TR-01,Foundry District,D22,V22,truck,Clear,2026-08-04 06:03:00,2026-08-04 12:14:44,7,6,1,4,66.7,233.6,238.6,2.1,41,72.42,3.29,110.12
R02285,2026-08-04,Tue,TR-03,Granite Hill,D23,V23,truck,Clear,2026-08-04 06:01:00,2026-08-04 15:19:01,11,11,0,7,63.6,231.0,238.0,3.0,48,65.23,3.65,98.5
R02286,2026-08-04,Tue,TR-03,Granite Hill,D24,V24,truck,Clear,2026-08-04 06:01:00,2026-08-04 15:59:16,12,12,0,11,91.7,252.0,260.9,3.5,0,68.79,3.79,104.67
R02287,2026-08-05,Wed,BK-01,Harbor Row,D01,V01,motorbike,Clear,2026-08-05 12:37:00,2026-08-05 16:43:34,21,20,1,20,100.0,38.0,39.1,2.9,27,1.09,35.97,1.8
R02288,2026-08-05,Wed,BK-05,Northgate,D02,V02,motorbike,Clear,2026-08-05 12:33:00,2026-08-05 18:24:13,30,30,0,23,76.7,42.9,44.4,3.5,0,1.23,36.05,2.01
R02289,2026-08-05,Wed,BK-01,Harbor Row,D03,V03,motorbike,Clear,2026-08-05 12:30:00,2026-08-05 16:24:39,20,20,0,20,100.0,36.2,38.1,5.2,0,0.91,41.66,1.51
R02290,2026-08-05,Wed,BK-06,Elm Park,D04,V04,motorbike,Clear,2026-08-05 12:33:00,2026-08-05 17:22:46,24,23,1,22,95.7,36.0,38.0,5.6,25,1.09,34.73,1.82
R02291,2026-08-05,Wed,BK-05,Northgate,D05,V05,motorbike,Clear,2026-08-05 07:33:00,2026-08-05 13:16:00,30,29,1,29,100.0,42.9,44.1,2.8,18,1.21,36.48,2.0
R02292,2026-08-05,Wed,BK-03,Old Mill,D06,V06,motorbike,Clear,2026-08-05 07:37:00,2026-08-05 12:08:21,24,24,0,24,100.0,43.8,44.7,2.1,25,1.39,32.25,2.33
R02293,2026-08-05,Wed,BK-05,Northgate,D07,V07,motorbike,Clear,2026-08-05 07:36:00,2026-08-05 12:53:15,26,25,1,13,52.0,37.1,38.4,3.5,34,1.51,25.38,2.49
R02294,2026-08-05,Wed,BK-03,Old Mill,D08,V08,motorbike,Clear,2026-08-05 07:38:00,2026-08-05 11:45:26,21,20,1,20,100.0,38.3,41.0,7.0,0,1.15,35.66,1.89
R02295,2026-08-05,Wed,BK-02,Maple Heights,D09,V09,motorbike,Clear,2026-08-05 12:34:00,2026-08-05 17:21:50,24,24,0,24,100.0,45.0,45.8,1.8,0,1.23,37.18,2.02
R02296,2026-08-05,Wed,BK-06,Elm Park,D10,V10,motorbike,Clear,2026-08-05 12:34:00,2026-08-05 17:56:55,28,27,1,25,92.6,42.0,42.9,2.1,32,1.28,33.57,2.12
R02297,2026-08-05,Wed,BK-03,Old Mill,D11,V11,motorbike,Clear,2026-08-05 07:39:00,2026-08-05 12:18:01,24,23,1,23,100.0,43.8,45.6,4.1,0,1.11,41.15,1.83
R02298,2026-08-05,Wed,BK-01,Harbor Row,D12,V12,motorbike,Clear,2026-08-05 07:32:00,2026-08-05 11:47:29,22,20,2,19,95.0,39.8,44.1,10.8,19,1.4,31.53,2.3
R02299,2026-08-05,Wed,BK-05,Northgate,D13,V13,motorbike,Clear,2026-08-05 07:30:00,2026-08-05 12:36:25,26,25,1,24,96.0,37.1,39.3,5.9,12,1.07,36.73,1.77
R02300,2026-08-05,Wed,BK-03,Old Mill,D14,V14,motorbike,Clear,2026-08-05 12:36:00,2026-08-05 17:19:37,24,23,1,23,100.0,43.8,46.2,5.5,13,1.29,35.82,2.1
R02301,2026-08-05,Wed,VN-02,Brookfield,D15,V15,van,Clear,2026-08-05 07:32:00,2026-08-05 12:49:04,17,17,0,14,82.4,84.0,86.6,3.1,5,7.61,11.39,11.59
R02302,2026-08-05,Wed,VN-03,Stonebridge,D16,V16,van,Clear,2026-08-05 07:33:00,2026-08-05 13:21:41,19,18,1,14,77.8,102.6,102.6,0.0,0,8.87,11.56,13.43
R02303,2026-08-05,Wed,VN-04,Lakeview,D17,V17,van,Clear,2026-08-05 07:36:00,2026-08-05 11:49:16,14,13,1,13,100.0,91.9,90.3,-1.7,0,8.18,11.04,12.43
R02304,2026-08-05,Wed,VN-03,Stonebridge,D18,V18,van,Clear,2026-08-05 07:35:00,2026-08-05 14:02:19,21,17,4,17,100.0,113.4,118.2,4.2,0,10.46,11.3,15.83
R02305,2026-08-05,Wed,VN-03,Stonebridge,D19,V19,van,Clear,2026-08-05 07:36:00,2026-08-05 13:23:13,19,17,2,16,94.1,102.6,105.3,2.6,9,9.49,11.09,14.39
R02306,2026-08-05,Wed,VN-02,Brookfield,D20,V20,van,Clear,2026-08-05 07:40:00,2026-08-05 12:20:42,15,14,1,14,100.0,74.1,76.5,3.2,11,7.18,10.65,10.88
R02307,2026-08-05,Wed,TR-01,Foundry District,D21,V21,truck,Clear,2026-08-05 06:00:00,2026-08-05 12:56:02,8,8,0,8,100.0,267.0,274.2,2.7,39,77.95,3.52,119.13
R02308,2026-08-05,Wed,TR-01,Foundry District,D22,V22,truck,Clear,2026-08-05 06:04:00,2026-08-05 14:29:34,10,10,0,10,100.0,333.8,342.5,2.6,48,104.85,3.27,160.3
R02309,2026-08-05,Wed,TR-03,Granite Hill,D23,V23,truck,Clear,2026-08-05 06:02:00,2026-08-05 13:40:22,9,9,0,9,100.0,189.0,195.8,3.6,62,54.53,3.59,83.04
R02310,2026-08-05,Wed,TR-03,Granite Hill,D24,V24,truck,Clear,2026-08-05 06:05:00,2026-08-05 14:40:18,10,10,0,6,60.0,210.0,213.8,1.8,11,58.8,3.64,89.94
R02311,2026-08-06,Thu,BK-04,Riverside,D01,V01,motorbike,Clear,2026-08-06 12:39:00,2026-08-06 16:30:10,20,20,0,19,95.0,56.2,58.3,3.7,18,1.46,40.06,2.41
R02312,2026-08-06,Thu,BK-04,Riverside,D02,V02,motorbike,Clear,2026-08-06 12:32:00,2026-08-06 16:53:53,22,22,0,21,95.5,61.8,62.8,1.6,20,1.87,33.62,3.08
R02313,2026-08-06,Thu,BK-03,Old Mill,D03,V03,motorbike,Clear,2026-08-06 12:38:00,2026-08-06 17:25:30,24,24,0,20,83.3,43.8,46.4,5.9,0,1.09,42.43,1.8
R02314,2026-08-06,Thu,BK-06,Elm Park,D04,V04,motorbike,Clear,2026-08-06 12:38:00,2026-08-06 17:29:50,25,23,2,21,91.3,37.5,39.3,4.8,7,1.11,35.43,1.83
R02315,2026-08-06,Thu,BK-04,Riverside,D05,V05,motorbike,Clear,2026-08-06 07:36:00,2026-08-06 11:25:59,20,19,1,19,100.0,56.2,57.8,2.8,13,1.53,37.75,2.54
R02316,2026-08-06,Thu,BK-02,Maple Heights,D06,V06,motorbike,Clear,2026-08-06 07:40:00,2026-08-06 12:44:06,26,24,2,23,95.8,48.8,49.8,2.0,18,1.45,34.36,2.4
R02317,2026-08-06,Thu,BK-06,Elm Park,D07,V07,motorbike,Clear,2026-08-06 07:40:00,2026-08-06 12:51:41,26,26,0,23,88.5,39.0,40.3,3.3,32,1.53,26.35,2.53
R02318,2026-08-06,Thu,BK-05,Northgate,D08,V08,motorbike,Clear,2026-08-06 07:37:00,2026-08-06 12:50:47,26,24,2,23,95.8,37.1,38.3,3.2,0,1.03,37.1,1.7
R02319,2026-08-06,Thu,BK-02,Maple Heights,D09,V09,motorbike,Clear,2026-08-06 12:33:00,2026-08-06 17:20:10,24,23,1,21,91.3,45.0,45.5,1.1,0,1.16,39.08,1.92
R02320,2026-08-06,Thu,BK-06,Elm Park,D10,V10,motorbike,Clear,2026-08-06 12:31:00,2026-08-06 17:48:10,27,25,2,24,96.0,40.5,41.4,2.2,17,1.18,35.05,1.93
R02321,2026-08-06,Thu,BK-06,Elm Park,D11,V11,motorbike,Clear,2026-08-06 07:35:00,2026-08-06 13:04:46,28,26,2,26,100.0,42.0,43.7,4.0,7,1.05,41.63,1.74
R02322,2026-08-06,Thu,BK-06,Elm Park,D12,V12,motorbike,Clear,2026-08-06 07:35:00,2026-08-06 12:18:26,24,24,0,24,100.0,36.0,39.4,9.4,6,1.21,32.64,1.99
R02323,2026-08-06,Thu,BK-04,Riverside,D13,V13,motorbike,Clear,2026-08-06 07:31:00,2026-08-06 11:41:01,22,21,1,21,100.0,61.8,62.9,1.8,42,1.75,35.94,2.84
R02324,2026-08-06,Thu,BK-05,Northgate,D14,V14,motorbike,Clear,2026-08-06 12:38:00,2026-08-06 18:07:53,27,27,0,23,85.2,38.6,41.1,6.5,0,1.03,39.84,1.7
R02325,2026-08-06,Thu,VN-03,Stonebridge,D15,V15,van,Clear,2026-08-06 07:35:00,2026-08-06 13:10:49,18,17,1,15,88.2,97.2,98.5,1.3,67,9.82,10.03,14.8
R02326,2026-08-06,Thu,VN-01,Cedar Point,D16,V16,van,Clear,2026-08-06 07:39:00,2026-08-06 12:59:15,18,18,0,18,100.0,84.4,84.6,0.2,8,7.47,11.33,11.36
R02327,2026-08-06,Thu,VN-03,Stonebridge,D17,V17,van,Clear,2026-08-06 07:38:00,2026-08-06 12:57:24,18,15,3,15,100.0,97.2,98.9,1.7,12,8.82,11.21,13.38
R02328,2026-08-06,Thu,VN-01,Cedar Point,D18,V18,van,Clear,2026-08-06 07:36:00,2026-08-06 11:48:14,14,14,0,14,100.0,65.6,68.0,3.7,18,6.34,10.72,9.79
R02329,2026-08-06,Thu,VN-03,Stonebridge,D19,V19,van,Clear,2026-08-06 07:36:00,2026-08-06 13:58:04,21,21,0,21,100.0,113.4,116.2,2.5,48,11.15,10.42,17.0
R02330,2026-08-06,Thu,VN-02,Brookfield,D20,V20,van,Clear,2026-08-06 07:30:00,2026-08-06 12:34:06,16,15,1,13,86.7,79.1,80.1,1.3,8,7.22,11.09,10.92
R02331,2026-08-06,Thu,TR-02,Westfield,D21,V21,truck,Clear,2026-08-06 06:04:00,2026-08-06 13:03:04,8,8,0,6,75.0,274.0,282.8,3.2,135,84.52,3.35,127.94
R02332,2026-08-06,Thu,TR-01,Foundry District,D22,V22,truck,Clear,2026-08-06 06:03:00,2026-08-06 13:47:49,9,9,0,9,100.0,300.4,304.9,1.5,21,90.8,3.36,138.75
R02333,2026-08-06,Thu,TR-01,Foundry District,D23,V23,truck,Clear,2026-08-06 06:04:00,2026-08-06 13:40:39,9,8,1,8,100.0,300.4,310.1,3.2,58,85.35,3.63,128.81
R02334,2026-08-06,Thu,TR-01,Foundry District,D24,V24,truck,Clear,2026-08-06 06:04:00,2026-08-06 13:50:53,9,8,1,7,87.5,300.4,306.1,1.9,28,86.65,3.53,131.92
R02335,2026-08-07,Fri,BK-03,Old Mill,D01,V01,motorbike,Clear,2026-08-07 12:35:00,2026-08-07 16:48:10,22,21,1,21,100.0,40.2,41.4,3.0,33,1.18,35.11,1.95
R02336,2026-08-07,Fri,BK-05,Northgate,D02,V02,motorbike,Clear,2026-08-07 12:30:00,2026-08-07 18:14:32,29,27,2,22,81.5,41.4,42.3,2.2,36,1.36,31.02,2.28
R02337,2026-08-07,Fri,BK-05,Northgate,D03,V03,motorbike,Clear,2026-08-07 12:36:00,2026-08-07 18:06:26,28,28,0,25,89.3,40.0,41.5,3.8,16,1.1,37.62,1.82
R02338,2026-08-07,Fri,BK-05,Northgate,D04,V04,motorbike,Clear,2026-08-07 12:38:00,2026-08-07 18:11:18,29,27,2,27,100.0,41.4,43.4,4.8,0,1.13,38.57,1.82
R02339,2026-08-07,Fri,BK-06,Elm Park,D05,V05,motorbike,Clear,2026-08-07 07:34:00,2026-08-07 12:26:29,26,24,2,23,95.8,39.0,40.5,3.8,12,1.08,37.44,1.79
R02340,2026-08-07,Fri,BK-02,Maple Heights,D06,V06,motorbike,Clear,2026-08-07 07:30:00,2026-08-07 12:23:26,25,25,0,24,96.0,46.9,46.9,0.0,61,1.6,29.25,2.63
R02341,2026-08-07,Fri,BK-02,Maple Heights,D07,V07,motorbike,Clear,2026-08-07 07:32:00,2026-08-07 12:35:07,26,24,2,24,100.0,48.8,49.5,1.4,6,1.76,28.12,2.9
R02342,2026-08-07,Fri,BK-06,Elm Park,D08,V08,motorbike,Clear,2026-08-07 07:32:00,2026-08-07 12:39:30,26,25,1,24,96.0,39.0,40.6,4.1,22,1.17,34.7,1.9
R02343,2026-08-07,Fri,BK-05,Northgate,D09,V09,motorbike,Clear,2026-08-07 12:37:00,2026-08-07 18:18:19,29,28,1,25,89.3,41.4,41.2,-0.5,33,1.21,33.95,2.0
R02344,2026-08-07,Fri,BK-05,Northgate,D10,V10,motorbike,Clear,2026-08-07 12:31:00,2026-08-07 18:03:43,28,27,1,24,88.9,40.0,40.7,1.8,0,1.08,37.53,1.79
R02345,2026-08-07,Fri,BK-03,Old Mill,D11,V11,motorbike,Clear,2026-08-07 07:32:00,2026-08-07 12:11:35,24,23,1,23,100.0,43.8,46.3,5.7,18,1.19,38.83,1.97
R02346,2026-08-07,Fri,BK-01,Harbor Row,D12,V12,motorbike,Clear,2026-08-07 07:30:00,2026-08-07 11:59:33,23,21,2,21,100.0,41.6,45.9,10.3,29,1.5,30.62,2.48
R02347,2026-08-07,Fri,BK-01,Harbor Row,D13,V13,motorbike,Clear,2026-08-07 07:30:00,2026-08-07 11:52:28,23,22,1,22,100.0,41.6,43.4,4.3,28,1.25,34.73,2.07
R02348,2026-08-07,Fri,BK-04,Riverside,D14,V14,motorbike,Clear,2026-08-07 12:32:00,2026-08-07 16:41:20,21,19,2,19,100.0,59.0,62.1,5.3,0,1.59,39.15,2.61
R02349,2026-08-07,Fri,VN-03,Stonebridge,D15,V15,van,Clear,2026-08-07 07:37:00,2026-08-07 13:44:50,20,18,2,18,100.0,108.0,113.4,5.0,26,10.98,10.33,16.7
R02350,2026-08-07,Fri,VN-01,Cedar Point,D16,V16,van,Clear,2026-08-07 07:34:00,2026-08-07 11:58:34,14,12,2,12,100.0,65.6,65.8,0.3,0,5.6,11.75,8.52
R02351,2026-08-07,Fri,VN-01,Cedar Point,D18,V18,van,Clear,2026-08-07 07:32:00,2026-08-07 12:45:00,17,15,2,15,100.0,79.7,81.9,2.8,0,7.36,11.13,11.09
R02352,2026-08-07,Fri,VN-03,Stonebridge,D19,V19,van,Clear,2026-08-07 07:31:00,2026-08-07 13:39:29,20,18,2,18,100.0,108.0,109.1,1.0,0,9.18,11.89,14.03
R02353,2026-08-07,Fri,VN-03,Stonebridge,D20,V20,van,Clear,2026-08-07 07:40:00,2026-08-07 13:59:10,21,20,1,20,100.0,113.4,116.7,2.9,24,10.85,10.76,16.33
R02354,2026-08-07,Fri,TR-03,Granite Hill,D21,V21,truck,Clear,2026-08-07 06:01:00,2026-08-07 13:49:44,9,9,0,8,88.9,189.0,192.0,1.6,18,53.71,3.57,81.51
R02355,2026-08-07,Fri,TR-02,Westfield,D22,V22,truck,Clear,2026-08-07 06:01:00,2026-08-07 14:29:07,10,10,0,10,100.0,342.5,346.2,1.1,21,104.41,3.32,157.47
R02356,2026-08-07,Fri,TR-03,Granite Hill,D23,V23,truck,Clear,2026-08-07 06:10:00,2026-08-07 16:52:49,13,13,0,12,92.3,273.0,286.9,5.1,13,75.51,3.8,114.36
R02357,2026-08-07,Fri,TR-03,Granite Hill,D24,V24,truck,Clear,2026-08-07 06:09:00,2026-08-07 15:24:42,11,11,0,10,90.9,231.0,239.3,3.6,51,67.29,3.56,102.17
R02358,2026-08-08,Sat,BK-03,Old Mill,D01,V01,motorbike,Clear,2026-08-08 12:40:00,2026-08-08 17:16:16,23,22,1,21,95.5,42.0,44.6,6.2,16,1.2,37.12,1.98
R02359,2026-08-08,Sat,BK-03,Old Mill,D03,V03,motorbike,Clear,2026-08-08 12:33:00,2026-08-08 17:36:12,25,24,1,17,70.8,45.7,48.7,6.6,8,1.2,40.42,2.0
R02360,2026-08-08,Sat,BK-02,Maple Heights,D05,V05,motorbike,Clear,2026-08-08 07:32:00,2026-08-08 12:07:22,24,23,1,23,100.0,45.0,46.2,2.7,17,1.22,37.72,2.03
R02361,2026-08-08,Sat,BK-02,Maple Heights,D07,V07,motorbike,Clear,2026-08-08 07:32:00,2026-08-08 12:02:42,23,22,1,22,100.0,43.1,44.6,3.5,17,1.58,28.16,2.61
R02362,2026-08-08,Sat,BK-02,Maple Heights,D09,V09,motorbike,Clear,2026-08-08 12:39:00,2026-08-08 17:56:35,26,24,2,20,83.3,48.8,49.1,0.6,14,1.34,36.63,2.22
R02363,2026-08-08,Sat,BK-05,Northgate,D11,V11,motorbike,Clear,2026-08-08 07:36:00,2026-08-08 13:02:08,27,26,1,24,92.3,38.6,40.4,4.7,0,1.01,39.9,1.68
R02364,2026-08-08,Sat,BK-04,Riverside,D13,V13,motorbike,Clear,2026-08-08 07:37:00,2026-08-08 11:50:12,21,21,0,20,95.2,59.0,60.4,2.4,0,1.45,41.66,2.4
R02365,2026-08-08,Sat,VN-01,Cedar Point,D15,V15,van,Clear,2026-08-08 07:36:00,2026-08-08 13:05:52,18,16,2,16,100.0,84.4,89.2,5.7,24,8.57,10.41,13.03
R02366,2026-08-08,Sat,VN-03,Stonebridge,D17,V17,van,Clear,2026-08-08 07:37:00,2026-08-08 13:00:18,18,18,0,18,100.0,97.2,98.1,0.9,7,9.01,10.89,13.44
R02367,2026-08-08,Sat,VN-03,Stonebridge,D19,V19,van,Clear,2026-08-08 07:33:00,2026-08-08 14:15:45,22,22,0,22,100.0,118.8,127.5,7.3,30,11.5,11.09,17.57
R02368,2026-08-08,Sat,TR-02,Westfield,D21,V21,truck,Clear,2026-08-08 06:01:00,2026-08-08 11:30:08,6,6,0,6,100.0,205.5,210.2,2.3,105,62.86,3.34,94.97
R02369,2026-08-08,Sat,TR-03,Granite Hill,D23,V23,truck,Clear,2026-08-08 06:06:00,2026-08-08 14:32:56,10,9,1,8,88.9,210.0,216.5,3.1,23,59.57,3.63,90.18
R02370,2026-08-10,Mon,BK-02,Maple Heights,D01,V01,motorbike,Clear,2026-08-10 12:35:00,2026-08-10 17:43:46,26,26,0,25,96.2,48.8,50.4,3.3,0,1.19,42.42,1.95
R02371,2026-08-10,Mon,BK-02,Maple Heights,D02,V02,motorbike,Clear,2026-08-10 12:32:00,2026-08-10 17:01:25,23,21,2,21,100.0,43.1,44.3,2.8,0,1.26,35.16,2.09
R02372,2026-08-10,Mon,BK-01,Harbor Row,D03,V03,motorbike,Clear,2026-08-10 12:33:00,2026-08-10 16:33:16,20,19,1,18,94.7,36.2,37.2,2.8,0,0.91,40.76,1.51
R02373,2026-08-10,Mon,BK-01,Harbor Row,D04,V04,motorbike,Clear,2026-08-10 12:40:00,2026-08-10 16:39:08,20,20,0,20,100.0,36.2,38.1,5.2,0,1.01,37.74,1.66
R02374,2026-08-10,Mon,BK-04,Riverside,D05,V05,motorbike,Clear,2026-08-10 07:37:00,2026-08-10 11:27:29,20,20,0,20,100.0,56.2,58.8,4.6,15,1.5,39.08,2.5
R02375,2026-08-10,Mon,BK-04,Riverside,D06,V06,motorbike,Clear,2026-08-10 07:36:00,2026-08-10 11:40:13,21,21,0,21,100.0,59.0,60.4,2.4,0,1.64,36.86,2.72
R02376,2026-08-10,Mon,BK-04,Riverside,D07,V07,motorbike,Clear,2026-08-10 07:39:00,2026-08-10 11:27:06,20,19,1,19,100.0,56.2,58.4,3.9,0,1.98,29.47,3.29
R02377,2026-08-10,Mon,BK-01,Harbor Row,D08,V08,motorbike,Clear,2026-08-10 07:38:00,2026-08-10 11:57:19,22,21,1,21,100.0,39.8,42.5,6.8,0,1.11,38.42,1.81
R02378,2026-08-10,Mon,BK-05,Northgate,D09,V09,motorbike,Clear,2026-08-10 12:34:00,2026-08-10 18:02:20,27,26,1,23,88.5,38.6,39.7,2.8,0,1.03,38.4,1.7
R02379,2026-08-10,Mon,BK-04,Riverside,D10,V10,motorbike,Clear,2026-08-10 12:31:00,2026-08-10 16:53:22,22,22,0,21,95.5,61.8,63.0,1.9,13,1.67,37.7,2.75
R02380,2026-08-10,Mon,BK-04,Riverside,D11,V11,motorbike,Clear,2026-08-10 07:35:00,2026-08-10 11:38:06,20,19,1,18,94.7,56.2,58.4,3.9,24,1.54,37.94,2.52
R02381,2026-08-10,Mon,BK-01,Harbor Row,D12,V12,motorbike,Clear,2026-08-10 07:30:00,2026-08-10 12:08:16,23,22,1,21,95.5,41.6,46.6,12.0,0,1.34,34.77,2.22
R02382,2026-08-10,Mon,BK-02,Maple Heights,D13,V13,motorbike,Clear,2026-08-10 07:40:00,2026-08-10 12:16:23,23,21,2,20,95.2,43.1,44.8,3.9,31,1.29,34.84,2.13
R02383,2026-08-10,Mon,VN-03,Stonebridge,D15,V15,van,Clear,2026-08-10 07:38:00,2026-08-10 14:07:46,21,20,1,19,95.0,113.4,118.7,4.7,6,10.5,11.31,16.08
R02384,2026-08-10,Mon,VN-02,Brookfield,D16,V16,van,Clear,2026-08-10 07:30:00,2026-08-10 13:27:57,19,17,2,16,94.1,93.9,95.3,1.5,18,8.47,11.25,12.85
R02385,2026-08-10,Mon,VN-02,Brookfield,D17,V17,van,Clear,2026-08-10 07:33:00,2026-08-10 13:17:28,19,18,1,18,100.0,93.9,95.1,1.3,12,8.8,10.81,13.34
R02386,2026-08-10,Mon,VN-03,Stonebridge,D18,V18,van,Clear,2026-08-10 07:40:00,2026-08-10 13:45:22,20,19,1,18,94.7,108.0,110.7,2.5,11,10.31,10.73,15.77
R02387,2026-08-10,Mon,VN-01,Cedar Point,D19,V19,van,Clear,2026-08-10 07:39:00,2026-08-10 13:10:47,18,18,0,18,100.0,84.4,86.2,2.1,19,7.47,11.54,11.17
R02388,2026-08-10,Mon,VN-04,Lakeview,D20,V20,van,Clear,2026-08-10 07:32:00,2026-08-10 12:28:12,16,14,2,14,100.0,105.0,108.0,2.9,0,9.71,11.12,14.65
R02389,2026-08-10,Mon,TR-02,Westfield,D21,V21,truck,Clear,2026-08-10 06:10:00,2026-08-10 12:15:47,7,7,0,7,100.0,239.8,244.3,1.9,52,70.22,3.48,106.64
R02390,2026-08-10,Mon,TR-01,Foundry District,D22,V22,truck,Clear,2026-08-10 06:04:00,2026-08-10 12:59:48,8,7,1,7,100.0,267.0,272.8,2.2,19,84.93,3.21,127.71
R02391,2026-08-10,Mon,TR-03,Granite Hill,D23,V23,truck,Clear,2026-08-10 06:02:00,2026-08-10 16:47:28,13,11,2,9,81.8,273.0,278.4,2.0,27,72.27,3.85,109.13
R02392,2026-08-10,Mon,TR-03,Granite Hill,D24,V24,truck,Clear,2026-08-10 06:07:00,2026-08-10 14:41:18,10,10,0,9,90.0,210.0,218.1,3.9,25,59.25,3.68,89.76
R02393,2026-08-11,Tue,BK-06,Elm Park,D01,V01,motorbike,Clear,2026-08-11 12:40:00,2026-08-11 17:15:16,24,24,0,24,100.0,36.0,36.9,2.5,0,0.9,40.82,1.5
R02394,2026-08-11,Tue,BK-03,Old Mill,D02,V02,motorbike,Clear,2026-08-11 12:31:00,2026-08-11 16:48:28,22,21,1,21,100.0,40.2,41.1,2.2,23,1.32,31.05,2.19
R02395,2026-08-11,Tue,BK-05,Northgate,D03,V03,motorbike,Clear,2026-08-11 12:38:00,2026-08-11 17:53:57,26,26,0,23,88.5,37.1,38.9,4.9,0,0.92,42.25,1.52
R02396,2026-08-11,Tue,BK-01,Harbor Row,D04,V04,motorbike,Clear,2026-08-11 12:39:00,2026-08-11 17:05:06,22,21,1,21,100.0,39.8,42.6,7.0,0,1.14,37.47,1.87
R02397,2026-08-11,Tue,BK-03,Old Mill,D05,V05,motorbike,Clear,2026-08-11 07:35:00,2026-08-11 12:00:21,23,22,1,22,100.0,42.0,44.2,5.2,18,1.18,37.44,1.96
R02398,2026-08-11,Tue,BK-04,Riverside,D06,V06,motorbike,Clear,2026-08-11 07:33:00,2026-08-11 12:04:32,23,23,0,20,87.0,64.6,66.4,2.8,54,2.11,31.45,3.48
R02399,2026-08-11,Tue,BK-01,Harbor Row,D07,V07,motorbike,Clear,2026-08-11 07:34:00,2026-08-11 11:28:17,20,16,4,16,100.0,36.2,37.3,3.0,25,1.44,25.88,2.38
R02400,2026-08-11,Tue,BK-02,Maple Heights,D08,V08,motorbike,Clear,2026-08-11 07:30:00,2026-08-11 11:46:45,22,21,1,21,100.0,41.2,42.8,3.9,6,1.13,37.8,1.84
R02401,2026-08-11,Tue,BK-02,Maple Heights,D09,V09,motorbike,Clear,2026-08-11 12:32:00,2026-08-11 17:04:03,23,23,0,22,95.7,43.1,44.2,2.6,13,1.19,37.05,1.96
R02402,2026-08-11,Tue,BK-04,Riverside,D10,V10,motorbike,Clear,2026-08-11 12:34:00,2026-08-11 16:25:21,19,17,2,15,88.2,53.4,54.9,2.8,11,1.5,36.65,2.47
R02403,2026-08-11,Tue,BK-06,Elm Park,D11,V11,motorbike,Clear,2026-08-11 07:32:00,2026-08-11 12:08:43,24,22,2,22,100.0,36.0,38.2,6.1,6,0.99,38.47,1.64
R02404,2026-08-11,Tue,BK-03,Old Mill,D12,V12,motorbike,Clear,2026-08-11 07:35:00,2026-08-11 11:53:44,22,21,1,21,100.0,40.2,43.8,9.0,0,1.29,34.01,2.13
R02405,2026-08-11,Tue,BK-02,Maple Heights,D13,V13,motorbike,Clear,2026-08-11 07:40:00,2026-08-11 12:33:56,25,24,1,24,100.0,46.9,47.3,0.9,0,1.22,38.69,1.99
R02406,2026-08-11,Tue,BK-05,Northgate,D14,V14,motorbike,Clear,2026-08-11 12:40:00,2026-08-11 18:24:49,29,29,0,28,96.6,41.4,43.4,4.8,0,1.1,39.34,1.82
R02407,2026-08-11,Tue,VN-01,Cedar Point,D15,V15,van,Clear,2026-08-11 07:36:00,2026-08-11 12:44:54,17,17,0,17,100.0,79.7,82.8,3.9,0,7.17,11.55,10.92
R02408,2026-08-11,Tue,VN-03,Stonebridge,D16,V16,van,Clear,2026-08-11 07:34:00,2026-08-11 13:46:29,20,19,1,18,94.7,108.0,107.5,-0.5,8,9.34,11.51,14.1
R02409,2026-08-11,Tue,VN-01,Cedar Point,D17,V17,van,Clear,2026-08-11 07:36:00,2026-08-11 12:24:29,16,16,0,16,100.0,75.0,75.9,1.2,13,6.73,11.28,10.18
R02410,2026-08-11,Tue,VN-04,Lakeview,D18,V18,van,Clear,2026-08-11 07:32:00,2026-08-11 12:32:21,16,16,0,15,93.8,105.0,108.5,3.3,27,10.2,10.63,15.64
R02411,2026-08-11,Tue,VN-02,Brookfield,D19,V19,van,Clear,2026-08-11 07:40:00,2026-08-11 13:24:45,19,19,0,14,73.7,93.9,99.1,5.5,28,8.78,11.28,13.27
R02412,2026-08-11,Tue,VN-02,Brookfield,D20,V20,van,Clear,2026-08-11 07:40:00,2026-08-11 12:36:05,16,15,1,15,100.0,79.1,79.0,-0.1,0,6.65,11.89,10.19
R02413,2026-08-11,Tue,TR-02,Westfield,D21,V21,truck,Clear,2026-08-11 06:08:00,2026-08-11 12:25:46,7,7,0,6,85.7,239.8,248.4,3.6,64,72.49,3.43,110.12
R02414,2026-08-11,Tue,TR-01,Foundry District,D22,V22,truck,Clear,2026-08-11 06:00:00,2026-08-11 13:00:10,8,7,1,7,100.0,267.0,277.0,3.7,25,81.27,3.41,124.78
R02415,2026-08-11,Tue,TR-02,Westfield,D23,V23,truck,Clear,2026-08-11 06:00:00,2026-08-11 13:44:07,9,8,1,8,100.0,308.2,325.7,5.7,53,89.82,3.63,136.93
R02416,2026-08-11,Tue,TR-03,Granite Hill,D24,V24,truck,Clear,2026-08-11 06:10:00,2026-08-11 16:11:46,12,10,2,9,90.0,252.0,263.2,4.4,25,74.3,3.54,112.07
R02417,2026-08-12,Wed,BK-01,Harbor Row,D01,V01,motorbike,Clear,2026-08-12 12:34:00,2026-08-12 16:38:05,21,21,0,21,100.0,38.0,39.9,5.0,13,1.0,40.1,1.64
R02418,2026-08-12,Wed,BK-06,Elm Park,D02,V02,motorbike,Clear,2026-08-12 12:30:00,2026-08-12 17:34:55,26,26,0,26,100.0,39.0,40.5,3.8,0,1.19,33.91,1.99
R02419,2026-08-12,Wed,BK-02,Maple Heights,D03,V03,motorbike,Clear,2026-08-12 12:31:00,2026-08-12 17:27:28,25,25,0,17,68.0,46.9,49.2,4.9,15,1.25,39.45,2.07
R02420,2026-08-12,Wed,BK-02,Maple Heights,D04,V04,motorbike,Clear,2026-08-12 12:33:00,2026-08-12 17:26:29,25,24,1,24,100.0,46.9,49.1,4.7,71,1.63,30.1,2.69
R02421,2026-08-12,Wed,BK-04,Riverside,D05,V05,motorbike,Clear,2026-08-12 07:33:00,2026-08-12 11:18:58,19,19,0,19,100.0,53.4,56.6,6.0,12,1.51,37.52,2.48
R02422,2026-08-12,Wed,BK-05,Northgate,D06,V06,motorbike,Clear,2026-08-12 07:30:00,2026-08-12 13:24:52,30,29,1,27,93.1,42.9,44.3,3.3,0,1.18,37.54,1.96
R02423,2026-08-12,Wed,BK-04,Riverside,D07,V07,motorbike,Clear,2026-08-12 07:35:00,2026-08-12 12:04:11,23,22,1,22,100.0,64.6,67.5,4.5,29,2.42,27.87,4.04
R02424,2026-08-12,Wed,BK-05,Northgate,D08,V08,motorbike,Clear,2026-08-12 07:30:00,2026-08-12 12:33:41,26,25,1,24,96.0,37.1,38.4,3.5,45,1.21,31.66,2.01
R02425,2026-08-12,Wed,BK-04,Riverside,D09,V09,motorbike,Clear,2026-08-12 12:33:00,2026-08-12 16:52:59,22,22,0,21,95.5,61.8,62.3,0.8,18,1.7,36.59,2.82
R02426,2026-08-12,Wed,BK-04,Riverside,D10,V10,motorbike,Clear,2026-08-12 12:40:00,2026-08-12 16:51:51,21,21,0,21,100.0,59.0,60.2,2.0,13,1.68,35.86,2.8
R02427,2026-08-12,Wed,BK-06,Elm Park,D11,V11,motorbike,Clear,2026-08-12 07:33:00,2026-08-12 12:11:06,24,24,0,23,95.8,36.0,37.9,5.3,9,0.94,40.51,1.56
R02428,2026-08-12,Wed,BK-05,Northgate,D12,V12,motorbike,Clear,2026-08-12 07:39:00,2026-08-12 13:06:50,27,24,3,15,62.5,38.6,42.4,9.8,36,1.48,28.66,2.43
R02429,2026-08-12,Wed,BK-01,Harbor Row,D13,V13,motorbike,Clear,2026-08-12 07:37:00,2026-08-12 11:47:04,21,19,2,19,100.0,38.0,39.1,2.9,10,1.06,36.91,1.75
R02430,2026-08-12,Wed,BK-02,Maple Heights,D14,V14,motorbike,Clear,2026-08-12 12:34:00,2026-08-12 17:14:43,24,23,1,23,100.0,45.0,47.9,6.4,0,1.23,38.99,2.05
R02431,2026-08-12,Wed,VN-03,Stonebridge,D15,V15,van,Clear,2026-08-12 07:31:00,2026-08-12 14:00:52,21,20,1,19,95.0,113.4,120.0,5.8,7,11.07,10.84,16.9
R02432,2026-08-12,Wed,VN-01,Cedar Point,D16,V16,van,Clear,2026-08-12 07:30:00,2026-08-12 12:11:16,15,15,0,15,100.0,70.3,71.9,2.3,14,6.32,11.37,9.52
R02433,2026-08-12,Wed,VN-04,Lakeview,D17,V17,van,Clear,2026-08-12 07:37:00,2026-08-12 11:57:34,14,14,0,14,100.0,91.9,93.3,1.5,34,8.92,10.46,13.54
R02434,2026-08-12,Wed,VN-04,Lakeview,D19,V19,van,Clear,2026-08-12 07:31:00,2026-08-12 12:32:32,16,16,0,16,100.0,105.0,107.8,2.7,31,10.28,10.48,15.59
R02435,2026-08-12,Wed,VN-04,Lakeview,D20,V20,van,Clear,2026-08-12 07:34:00,2026-08-12 12:09:22,15,13,2,13,100.0,98.4,101.0,2.6,17,9.22,10.95,13.84
R02436,2026-08-12,Wed,TR-01,Foundry District,D21,V21,truck,Clear,2026-08-12 06:00:00,2026-08-12 14:29:12,10,10,0,9,90.0,333.8,334.7,0.3,28,93.25,3.59,141.38
R02437,2026-08-12,Wed,TR-01,Foundry District,D22,V22,truck,Clear,2026-08-12 06:08:00,2026-08-12 12:18:43,7,7,0,7,100.0,233.6,233.5,-0.0,36,68.36,3.42,102.5
R02438,2026-08-12,Wed,TR-03,Granite Hill,D23,V23,truck,Clear,2026-08-12 06:07:00,2026-08-12 15:22:02,11,11,0,11,100.0,231.0,243.3,5.3,8,65.47,3.72,99.87
R02439,2026-08-13,Thu,BK-02,Maple Heights,D01,V01,motorbike,Clear,2026-08-13 12:38:00,2026-08-13 16:53:35,22,22,0,22,100.0,41.2,42.2,2.4,15,1.06,39.64,1.76
R02440,2026-08-13,Thu,BK-05,Northgate,D02,V02,motorbike,Clear,2026-08-13 12:32:00,2026-08-13 17:46:49,26,25,1,22,88.0,37.1,38.8,4.6,0,1.09,35.68,1.78
R02441,2026-08-13,Thu,BK-05,Northgate,D03,V03,motorbike,Clear,2026-08-13 12:39:00,2026-08-13 18:05:14,27,26,1,23,88.5,38.6,40.1,3.9,11,1.01,39.62,1.68
R02442,2026-08-13,Thu,BK-05,Northgate,D04,V04,motorbike,Clear,2026-08-13 12:32:00,2026-08-13 18:31:05,30,28,2,25,89.3,42.9,44.0,2.6,18,1.23,35.69,2.03
R02443,2026-08-13,Thu,BK-05,Northgate,D05,V05,motorbike,Clear,2026-08-13 07:40:00,2026-08-13 12:39:57,26,24,2,24,100.0,37.1,38.1,2.7,14,1.03,36.98,1.71
R02444,2026-08-13,Thu,BK-03,Old Mill,D06,V06,motorbike,Clear,2026-08-13 07:38:00,2026-08-13 11:40:53,21,21,0,21,100.0,38.3,38.5,0.5,23,1.18,32.62,1.96
R02445,2026-08-13,Thu,BK-06,Elm Park,D07,V07,motorbike,Clear,2026-08-13 07:37:00,2026-08-13 12:59:21,28,27,1,27,100.0,42.0,43.5,3.6,0,1.51,28.82,2.51
R02446,2026-08-13,Thu,BK-01,Harbor Row,D08,V08,motorbike,Clear,2026-08-13 07:37:00,2026-08-13 11:45:25,21,20,1,20,100.0,38.0,39.3,3.4,14,1.14,34.62,1.89
R02447,2026-08-13,Thu,BK-03,Old Mill,D09,V09,motorbike,Clear,2026-08-13 12:38:00,2026-08-13 17:24:29,24,22,2,22,100.0,43.8,44.3,1.1,0,1.17,37.72,1.92
R02448,2026-08-13,Thu,BK-03,Old Mill,D10,V10,motorbike,Clear,2026-08-13 12:34:00,2026-08-13 16:59:02,22,21,1,19,90.5,40.2,41.1,2.2,26,1.21,33.9,2.0
R02449,2026-08-13,Thu,BK-02,Maple Heights,D11,V11,motorbike,Clear,2026-08-13 07:35:00,2026-08-13 11:59:25,23,23,0,23,100.0,43.1,45.7,6.0,0,1.09,41.88,1.81
R02450,2026-08-13,Thu,BK-02,Maple Heights,D12,V12,motorbike,Clear,2026-08-13 07:30:00,2026-08-13 12:22:26,25,21,4,21,100.0,46.9,51.1,9.0,0,1.49,34.22,2.45
R02451,2026-08-13,Thu,BK-01,Harbor Row,D13,V13,motorbike,Clear,2026-08-13 07:38:00,2026-08-13 11:55:41,22,21,1,21,100.0,39.8,41.0,3.0,10,1.04,39.24,1.74
R02452,2026-08-13,Thu,BK-04,Riverside,D14,V14,motorbike,Clear,2026-08-13 12:35:00,2026-08-13 16:48:58,22,21,1,21,100.0,61.8,63.6,2.9,17,1.67,38.16,2.76
R02453,2026-08-13,Thu,VN-01,Cedar Point,D15,V15,van,Clear,2026-08-13 07:32:00,2026-08-13 13:01:23,18,18,0,17,94.4,84.4,86.5,2.5,6,7.37,11.74,11.26
R02454,2026-08-13,Thu,VN-02,Brookfield,D16,V16,van,Clear,2026-08-13 07:35:00,2026-08-13 13:03:26,18,18,0,18,100.0,88.9,90.0,1.2,0,7.69,11.7,11.75
R02455,2026-08-13,Thu,VN-01,Cedar Point,D17,V17,van,Clear,2026-08-13 07:31:00,2026-08-13 11:47:05,14,14,0,14,100.0,65.6,66.9,2.0,0,5.96,11.23,9.04
R02456,2026-08-13,Thu,VN-03,Stonebridge,D18,V18,van,Clear,2026-08-13 07:30:00,2026-08-13 13:00:04,18,18,0,16,88.9,97.2,101.6,4.5,0,9.04,11.24,13.75
R02457,2026-08-13,Thu,VN-03,Stonebridge,D19,V19,van,Clear,2026-08-13 07:31:00,2026-08-13 13:06:04,18,16,2,15,93.8,97.2,99.3,2.2,0,8.69,11.43,13.25
R02458,2026-08-13,Thu,VN-04,Lakeview,D20,V20,van,Clear,2026-08-13 07:34:00,2026-08-13 13:01:16,18,18,0,18,100.0,118.1,118.0,-0.1,24,11.02,10.71,16.75
R02459,2026-08-13,Thu,TR-02,Westfield,D21,V21,truck,Clear,2026-08-13 06:09:00,2026-08-13 12:22:40,7,7,0,7,100.0,239.8,244.7,2.0,72,70.35,3.48,105.83
R02460,2026-08-13,Thu,TR-03,Granite Hill,D23,V23,truck,Clear,2026-08-13 06:00:00,2026-08-13 15:16:32,11,11,0,10,90.9,231.0,235.7,2.0,9,64.88,3.63,98.77
R02461,2026-08-13,Thu,TR-02,Westfield,D24,V24,truck,Clear,2026-08-13 06:08:00,2026-08-13 12:19:59,7,7,0,7,100.0,239.8,247.9,3.4,78,69.14,3.59,105.32
R02462,2026-08-14,Fri,BK-01,Harbor Row,D01,V01,motorbike,Rain,2026-08-14 12:39:00,2026-08-14 16:42:32,20,19,1,18,94.7,36.2,38.7,6.9,48,1.25,31.06,2.07
R02463,2026-08-14,Fri,BK-01,Harbor Row,D02,V02,motorbike,Rain,2026-08-14 12:35:00,2026-08-14 16:47:45,21,21,0,21,100.0,38.0,41.0,7.9,22,1.36,30.19,2.25
R02464,2026-08-14,Fri,BK-03,Old Mill,D03,V03,motorbike,Rain,2026-08-14 12:33:00,2026-08-14 17:07:39,23,21,2,21,100.0,42.0,44.0,4.8,0,1.09,40.38,1.82
R02465,2026-08-14,Fri,BK-03,Old Mill,D04,V04,motorbike,Rain,2026-08-14 12:33:00,2026-08-14 17:19:48,24,24,0,23,95.8,43.8,47.0,7.3,16,1.35,34.74,2.21
R02466,2026-08-14,Fri,BK-02,Maple Heights,D05,V05,motorbike,Rain,2026-08-14 07:36:00,2026-08-14 12:11:05,23,21,2,20,95.2,43.1,45.8,6.3,53,1.49,30.7,2.46
R02467,2026-08-14,Fri,BK-04,Riverside,D06,V06,motorbike,Rain,2026-08-14 07:36:00,2026-08-14 11:58:32,22,22,0,21,95.5,61.8,65.4,5.8,33,2.08,31.42,3.39
R02468,2026-08-14,Fri,BK-02,Maple Heights,D07,V07,motorbike,Rain,2026-08-14 07:40:00,2026-08-14 12:44:51,25,23,2,20,87.0,46.9,50.2,7.0,38,1.95,25.72,3.2
R02469,2026-08-14,Fri,BK-05,Northgate,D08,V08,motorbike,Rain,2026-08-14 07:31:00,2026-08-14 13:26:27,30,26,4,24,92.3,42.9,45.9,7.0,33,1.45,31.66,2.39
R02470,2026-08-14,Fri,BK-01,Harbor Row,D09,V09,motorbike,Rain,2026-08-14 12:30:00,2026-08-14 17:02:08,23,23,0,23,100.0,41.6,43.6,4.8,6,1.22,35.73,2.03
R02471,2026-08-14,Fri,BK-03,Old Mill,D10,V10,motorbike,Rain,2026-08-14 12:36:00,2026-08-14 17:30:51,24,21,3,16,76.2,43.8,46.2,5.5,29,1.4,32.92,2.33
R02472,2026-08-14,Fri,BK-01,Harbor Row,D11,V11,motorbike,Rain,2026-08-14 07:31:00,2026-08-14 11:42:16,21,19,2,19,100.0,38.0,41.5,9.2,0,1.05,39.58,1.74
R02473,2026-08-14,Fri,BK-04,Riverside,D12,V12,motorbike,Rain,2026-08-14 07:32:00,2026-08-14 11:36:22,20,19,1,18,94.7,56.2,64.3,14.4,9,2.08,30.88,3.42
R02474,2026-08-14,Fri,BK-03,Old Mill,D13,V13,motorbike,Rain,2026-08-14 07:35:00,2026-08-14 12:05:13,23,22,1,22,100.0,42.0,44.4,5.7,13,1.28,34.62,2.11
R02475,2026-08-14,Fri,BK-06,Elm Park,D14,V14,motorbike,Rain,2026-08-14 12:33:00,2026-08-14 18:06:10,28,25,3,24,96.0,42.0,44.0,4.8,8,1.21,36.46,1.98
R02476,2026-08-14,Fri,VN-04,Lakeview,D15,V15,van,Rain,2026-08-14 07:36:00,2026-08-14 12:01:58,14,13,1,13,100.0,91.9,98.0,6.6,12,9.7,10.11,14.59
R02477,2026-08-14,Fri,VN-03,Stonebridge,D16,V16,van,Rain,2026-08-14 07:36:00,2026-08-14 13:35:35,20,18,2,18,100.0,108.0,111.4,3.1,14,10.65,10.46,16.21
R02478,2026-08-14,Fri,VN-03,Stonebridge,D17,V17,van,Rain,2026-08-14 07:37:00,2026-08-14 13:04:04,18,17,1,17,100.0,97.2,102.0,4.9,21,9.84,10.36,14.99
R02479,2026-08-14,Fri,VN-03,Stonebridge,D19,V19,van,Rain,2026-08-14 07:32:00,2026-08-14 13:09:18,18,16,2,15,93.8,97.2,100.6,3.5,0,9.17,10.97,14.22
R02480,2026-08-14,Fri,VN-01,Cedar Point,D20,V20,van,Rain,2026-08-14 07:39:00,2026-08-14 11:58:11,14,13,1,13,100.0,65.6,70.2,7.0,6,6.69,10.5,10.21
R02481,2026-08-14,Fri,TR-03,Granite Hill,D21,V21,truck,Rain,2026-08-14 06:10:00,2026-08-14 16:59:05,13,12,1,10,83.3,273.0,290.7,6.5,97,89.31,3.26,136.75
R02482,2026-08-14,Fri,TR-03,Granite Hill,D22,V22,truck,Rain,2026-08-14 06:01:00,2026-08-14 16:10:03,12,12,0,6,50.0,252.0,263.7,4.6,0,78.59,3.36,119.49
R02483,2026-08-14,Fri,TR-02,Westfield,D23,V23,truck,Rain,2026-08-14 06:06:00,2026-08-14 13:59:08,9,9,0,6,66.7,308.2,324.6,5.3,29,91.08,3.56,138.63
R02484,2026-08-15,Sat,BK-03,Old Mill,D01,V01,motorbike,Clear,2026-08-15 12:35:00,2026-08-15 16:44:05,21,20,1,20,100.0,38.3,39.0,1.8,23,1.01,38.66,1.65
R02485,2026-08-15,Sat,BK-01,Harbor Row,D03,V03,motorbike,Clear,2026-08-15 12:32:00,2026-08-15 17:15:42,23,23,0,21,91.3,41.6,43.2,3.8,29,1.2,36.06,1.97
R02486,2026-08-15,Sat,BK-05,Northgate,D05,V05,motorbike,Clear,2026-08-15 07:37:00,2026-08-15 13:15:53,30,30,0,30,100.0,42.9,44.7,4.2,13,1.19,37.72,1.96
R02487,2026-08-15,Sat,BK-05,Northgate,D07,V07,motorbike,Clear,2026-08-15 07:31:00,2026-08-15 13:08:05,28,27,1,27,100.0,40.0,41.8,4.5,33,1.62,25.82,2.7
R02488,2026-08-15,Sat,BK-01,Harbor Row,D09,V09,motorbike,Clear,2026-08-15 12:31:00,2026-08-15 16:20:11,19,19,0,16,84.2,34.4,35.9,4.4,15,1.04,34.37,1.72
R02489,2026-08-15,Sat,BK-06,Elm Park,D11,V11,motorbike,Clear,2026-08-15 07:38:00,2026-08-15 12:31:33,25,25,0,24,96.0,37.5,38.9,3.7,0,0.99,39.31,1.64
R02490,2026-08-15,Sat,BK-05,Northgate,D13,V13,motorbike,Clear,2026-08-15 07:40:00,2026-08-15 13:19:09,29,29,0,29,100.0,41.4,42.4,2.4,15,1.14,37.24,1.89
R02491,2026-08-15,Sat,VN-04,Lakeview,D15,V15,van,Clear,2026-08-15 07:35:00,2026-08-15 11:59:20,14,13,1,13,100.0,91.9,95.6,4.0,12,8.68,11.01,13.32
R02492,2026-08-15,Sat,VN-01,Cedar Point,D17,V17,van,Clear,2026-08-15 07:38:00,2026-08-15 12:07:44,14,14,0,13,92.9,65.6,65.4,-0.3,0,5.65,11.58,8.57
R02493,2026-08-15,Sat,VN-01,Cedar Point,D19,V19,van,Clear,2026-08-15 07:38:00,2026-08-15 12:35:40,16,15,1,15,100.0,75.0,76.5,2.0,18,7.29,10.49,11.03
R02494,2026-08-15,Sat,TR-01,Foundry District,D21,V21,truck,Clear,2026-08-15 06:05:00,2026-08-15 14:40:34,10,9,1,3,33.3,333.8,344.0,3.1,76,101.58,3.39,154.83
R02495,2026-08-15,Sat,TR-03,Granite Hill,D23,V23,truck,Clear,2026-08-15 06:02:00,2026-08-15 13:47:27,9,9,0,9,100.0,189.0,191.3,1.2,0,51.01,3.75,77.28
R02496,2026-08-17,Mon,BK-05,Northgate,D01,V01,motorbike,Clear,2026-08-17 12:40:00,2026-08-17 18:20:00,29,29,0,25,86.2,41.4,42.6,2.9,8,1.07,39.83,1.77
R02497,2026-08-17,Mon,BK-05,Northgate,D02,V02,motorbike,Clear,2026-08-17 12:31:00,2026-08-17 17:50:19,26,25,1,20,80.0,37.1,38.3,3.2,0,1.06,36.15,1.76
R02498,2026-08-17,Mon,BK-03,Old Mill,D03,V03,motorbike,Clear,2026-08-17 12:31:00,2026-08-17 16:55:56,22,22,0,22,100.0,40.2,41.6,3.5,7,1.02,40.78,1.7
R02499,2026-08-17,Mon,BK-02,Maple Heights,D04,V04,motorbike,Clear,2026-08-17 12:35:00,2026-08-17 16:56:55,22,19,3,15,78.9,41.2,42.9,4.1,0,1.14,37.5,1.92
R02500,2026-08-17,Mon,BK-03,Old Mill,D05,V05,motorbike,Clear,2026-08-17 07:40:00,2026-08-17 12:18:23,24,23,1,23,100.0,43.8,45.1,3.0,19,1.2,37.71,1.95
R02501,2026-08-17,Mon,BK-02,Maple Heights,D06,V06,motorbike,Clear,2026-08-17 07:36:00,2026-08-17 11:56:19,22,22,0,22,100.0,41.2,42.0,1.9,29,1.26,33.22,2.08
R02502,2026-08-17,Mon,BK-03,Old Mill,D07,V07,motorbike,Clear,2026-08-17 07:35:00,2026-08-17 11:46:49,21,19,2,19,100.0,38.3,39.8,3.9,19,1.52,26.17,2.5
R02503,2026-08-17,Mon,BK-04,Riverside,D08,V08,motorbike,Clear,2026-08-17 07:35:00,2026-08-17 12:04:37,23,23,0,23,100.0,64.6,66.7,3.3,45,1.98,33.72,3.28
R02504,2026-08-17,Mon,BK-05,Northgate,D09,V09,motorbike,Clear,2026-08-17 12:38:00,2026-08-17 17:49:27,26,26,0,20,76.9,37.1,37.7,1.6,0,1.03,36.76,1.68
R02505,2026-08-17,Mon,BK-02,Maple Heights,D10,V10,motorbike,Clear,2026-08-17 12:30:00,2026-08-17 17:32:35,26,26,0,26,100.0,48.8,49.8,2.0,25,1.46,34.1,2.41
R02506,2026-08-17,Mon,BK-01,Harbor Row,D11,V11,motorbike,Clear,2026-08-17 07:30:00,2026-08-17 11:13:09,19,19,0,19,100.0,34.4,35.5,3.2,10,0.92,38.42,1.52
R02507,2026-08-17,Mon,BK-06,Elm Park,D12,V12,motorbike,Clear,2026-08-17 07:40:00,2026-08-17 12:28:18,25,24,1,24,100.0,37.5,41.5,10.7,0,1.26,33.06,2.07
R02508,2026-08-17,Mon,BK-01,Harbor Row,D13,V13,motorbike,Clear,2026-08-17 07:32:00,2026-08-17 11:52:23,22,22,0,22,100.0,39.8,40.4,1.5,56,1.34,30.18,2.19
R02509,2026-08-17,Mon,BK-02,Maple Heights,D14,V14,motorbike,Clear,2026-08-17 12:35:00,2026-08-17 16:58:51,22,22,0,22,100.0,41.2,42.8,3.9,11,1.16,36.91,1.9
R02510,2026-08-17,Mon,VN-02,Brookfield,D15,V15,van,Clear,2026-08-17 07:31:00,2026-08-17 13:09:51,18,17,1,14,82.4,88.9,91.0,2.4,55,8.47,10.75,12.94
R02511,2026-08-17,Mon,VN-01,Cedar Point,D16,V16,van,Clear,2026-08-17 07:34:00,2026-08-17 13:06:11,18,18,0,18,100.0,84.4,83.7,-0.8,7,7.13,11.74,10.69
R02512,2026-08-17,Mon,VN-03,Stonebridge,D18,V18,van,Clear,2026-08-17 07:36:00,2026-08-17 13:43:20,20,19,1,17,89.5,108.0,115.2,6.7,18,10.55,10.91,15.99
R02513,2026-08-17,Mon,VN-03,Stonebridge,D19,V19,van,Clear,2026-08-17 07:31:00,2026-08-17 14:10:06,22,22,0,22,100.0,118.8,124.5,4.8,9,11.3,11.02,17.0
R02514,2026-08-17,Mon,VN-01,Cedar Point,D20,V20,van,Clear,2026-08-17 07:37:00,2026-08-17 12:50:13,17,17,0,17,100.0,79.7,81.9,2.8,13,7.7,10.64,11.69
R02515,2026-08-17,Mon,TR-02,Westfield,D21,V21,truck,Clear,2026-08-17 06:07:00,2026-08-17 11:29:30,6,6,0,6,100.0,205.5,207.4,0.9,74,62.01,3.34,93.13
R02516,2026-08-17,Mon,TR-02,Westfield,D22,V22,truck,Clear,2026-08-17 06:10:00,2026-08-17 13:56:58,9,9,0,6,66.7,308.2,305.5,-0.9,0,90.54,3.37,136.41
R02517,2026-08-17,Mon,TR-02,Westfield,D23,V23,truck,Clear,2026-08-17 06:00:00,2026-08-17 14:27:28,10,9,1,8,88.9,342.5,350.8,2.4,9,92.67,3.79,141.58
R02518,2026-08-17,Mon,TR-03,Granite Hill,D24,V24,truck,Clear,2026-08-17 06:04:00,2026-08-17 16:50:10,13,13,0,10,76.9,273.0,274.8,0.7,29,79.42,3.46,121.94
R02519,2026-08-18,Tue,BK-02,Maple Heights,D02,V02,motorbike,Rain,2026-08-18 12:38:00,2026-08-18 17:19:16,23,22,1,20,90.9,43.1,44.5,3.2,16,1.4,31.89,2.29
R02520,2026-08-18,Tue,BK-02,Maple Heights,D03,V03,motorbike,Rain,2026-08-18 12:33:00,2026-08-18 17:28:33,24,22,2,6,27.3,45.0,46.5,3.3,0,1.16,40.1,1.9
R02521,2026-08-18,Tue,BK-04,Riverside,D04,V04,motorbike,Rain,2026-08-18 12:39:00,2026-08-18 16:26:15,19,16,3,15,93.8,53.4,58.8,10.1,18,1.73,34.08,2.83
R02522,2026-08-18,Tue,BK-04,Riverside,D05,V05,motorbike,Rain,2026-08-18 07:33:00,2026-08-18 12:00:48,23,21,2,21,100.0,64.6,69.2,7.1,10,1.88,36.84,3.08
R02523,2026-08-18,Tue,BK-02,Maple Heights,D06,V06,motorbike,Rain,2026-08-18 07:31:00,2026-08-18 12:43:47,26,25,1,18,72.0,48.8,49.5,1.4,17,1.48,33.34,2.47
R02524,2026-08-18,Tue,BK-03,Old Mill,D07,V07,motorbike,Rain,2026-08-18 07:37:00,2026-08-18 12:35:42,25,25,0,25,100.0,45.7,47.6,4.2,0,1.77,26.94,2.91
R02525,2026-08-18,Tue,BK-03,Old Mill,D08,V08,motorbike,Rain,2026-08-18 07:36:00,2026-08-18 12:22:32,25,23,2,21,91.3,45.7,48.5,6.1,7,1.31,36.96,2.15
R02526,2026-08-18,Tue,BK-04,Riverside,D09,V09,motorbike,Rain,2026-08-18 12:35:00,2026-08-18 16:33:43,20,18,2,17,94.4,56.2,59.1,5.2,17,1.64,36.09,2.7
R02527,2026-08-18,Tue,BK-01,Harbor Row,D10,V10,motorbike,Rain,2026-08-18 12:40:00,2026-08-18 16:48:28,21,21,0,20,95.2,38.0,40.8,7.4,28,1.26,32.46,2.08
R02528,2026-08-18,Tue,BK-05,Northgate,D11,V11,motorbike,Rain,2026-08-18 07:40:00,2026-08-18 13:09:57,28,27,1,23,85.2,40.0,42.9,7.2,30,1.2,35.7,2.0
R02529,2026-08-18,Tue,BK-01,Harbor Row,D12,V12,motorbike,Rain,2026-08-18 07:36:00,2026-08-18 11:43:32,21,20,1,19,95.0,38.0,43.3,13.9,0,1.32,32.7,2.19
R02530,2026-08-18,Tue,BK-01,Harbor Row,D13,V13,motorbike,Rain,2026-08-18 07:37:00,2026-08-18 12:00:48,22,21,1,21,100.0,39.8,42.1,5.8,13,1.17,35.94,1.93
R02531,2026-08-18,Tue,BK-01,Harbor Row,D14,V14,motorbike,Rain,2026-08-18 12:33:00,2026-08-18 16:56:56,22,20,2,19,95.0,39.8,43.6,9.5,0,1.17,37.33,1.93
R02532,2026-08-18,Tue,VN-03,Stonebridge,D15,V15,van,Rain,2026-08-18 07:38:00,2026-08-18 14:01:23,21,20,1,19,95.0,113.4,119.6,5.5,21,11.59,10.32,17.68
R02533,2026-08-18,Tue,VN-04,Lakeview,D16,V16,van,Rain,2026-08-18 07:37:00,2026-08-18 12:21:27,15,12,3,11,91.7,98.4,100.5,2.1,0,9.28,10.82,14.12
R02534,2026-08-18,Tue,VN-03,Stonebridge,D17,V17,van,Rain,2026-08-18 07:34:00,2026-08-18 13:02:04,18,18,0,18,100.0,97.2,99.6,2.5,0,9.37,10.63,14.34
R02535,2026-08-18,Tue,VN-01,Cedar Point,D18,V18,van,Rain,2026-08-18 07:33:00,2026-08-18 12:47:56,17,17,0,16,94.1,79.7,85.3,7.0,22,8.44,10.1,12.8
R02536,2026-08-18,Tue,VN-04,Lakeview,D19,V19,van,Rain,2026-08-18 07:31:00,2026-08-18 13:01:23,18,17,1,17,100.0,118.1,125.6,6.4,17,11.81,10.64,17.98
R02537,2026-08-18,Tue,VN-04,Lakeview,D20,V20,van,Rain,2026-08-18 07:30:00,2026-08-18 12:11:45,15,15,0,14,93.3,98.4,101.8,3.5,24,9.88,10.31,15.1
R02538,2026-08-18,Tue,TR-01,Foundry District,D21,V21,truck,Rain,2026-08-18 06:00:00,2026-08-18 12:14:47,7,7,0,5,71.4,233.6,246.6,5.6,86,74.39,3.31,113.39
R02539,2026-08-18,Tue,TR-02,Westfield,D22,V22,truck,Rain,2026-08-18 06:08:00,2026-08-18 12:27:01,7,7,0,6,85.7,239.8,251.0,4.7,28,80.09,3.13,121.39
R02540,2026-08-18,Tue,TR-03,Granite Hill,D23,V23,truck,Rain,2026-08-18 06:05:00,2026-08-18 16:56:46,13,12,1,7,58.3,273.0,294.4,7.8,36,82.14,3.58,123.27
R02541,2026-08-18,Tue,TR-01,Foundry District,D24,V24,truck,Rain,2026-08-18 06:03:00,2026-08-18 14:40:15,10,10,0,8,80.0,333.8,357.3,7.0,20,100.74,3.55,153.74
R02542,2026-08-19,Wed,BK-01,Harbor Row,D01,V01,motorbike,Clear,2026-08-19 12:38:00,2026-08-19 16:21:05,19,18,1,18,100.0,34.4,35.5,3.2,18,0.95,37.44,1.57
R02543,2026-08-19,Wed,BK-03,Old Mill,D02,V02,motorbike,Clear,2026-08-19 12:40:00,2026-08-19 17:09:16,23,21,2,19,90.5,42.0,43.7,4.0,42,1.52,28.66,2.5
R02544,2026-08-19,Wed,BK-05,Northgate,D03,V03,motorbike,Clear,2026-08-19 12:39:00,2026-08-19 17:56:45,26,25,1,18,72.0,37.1,38.8,4.6,6,0.94,41.27,1.55
R02545,2026-08-19,Wed,BK-06,Elm Park,D04,V04,motorbike,Clear,2026-08-19 12:34:00,2026-08-19 17:37:49,26,24,2,24,100.0,39.0,41.2,5.6,0,1.08,38.14,1.78
R02546,2026-08-19,Wed,BK-03,Old Mill,D05,V05,motorbike,Clear,2026-08-19 07:34:00,2026-08-19 11:51:43,22,19,3,19,100.0,40.2,41.7,3.7,0,1.04,40.2,1.73
R02547,2026-08-19,Wed,BK-05,Northgate,D06,V06,motorbike,Clear,2026-08-19 07:36:00,2026-08-19 13:23:56,29,27,2,21,77.8,41.4,42.6,2.9,0,1.17,36.44,1.93
R02548,2026-08-19,Wed,BK-02,Maple Heights,D07,V07,motorbike,Clear,2026-08-19 07:35:00,2026-08-19 12:08:42,23,23,0,23,100.0,43.1,44.8,3.9,0,1.6,28.04,2.65
R02549,2026-08-19,Wed,BK-03,Old Mill,D08,V08,motorbike,Clear,2026-08-19 07:32:00,2026-08-19 11:52:20,22,18,4,18,100.0,40.2,43.2,7.5,15,1.23,35.16,2.02
R02550,2026-08-19,Wed,BK-02,Maple Heights,D09,V09,motorbike,Clear,2026-08-19 12:33:00,2026-08-19 17:19:13,25,24,1,24,100.0,46.9,47.0,0.2,0,1.24,37.89,2.03
R02551,2026-08-19,Wed,BK-04,Riverside,D10,V10,motorbike,Clear,2026-08-19 12:37:00,2026-08-19 16:38:35,20,19,1,18,94.7,56.2,56.7,0.9,28,1.58,35.87,2.61
R02552,2026-08-19,Wed,BK-05,Northgate,D11,V11,motorbike,Clear,2026-08-19 07:30:00,2026-08-19 12:51:01,28,26,2,25,96.2,40.0,41.4,3.5,17,1.1,37.49,1.83
R02553,2026-08-19,Wed,BK-06,Elm Park,D12,V12,motorbike,Clear,2026-08-19 07:39:00,2026-08-19 12:48:27,26,26,0,26,100.0,39.0,43.5,11.5,0,1.26,34.44,2.08
R02554,2026-08-19,Wed,BK-04,Riverside,D13,V13,motorbike,Clear,2026-08-19 07:31:00,2026-08-19 11:39:27,21,20,1,20,100.0,59.0,60.8,3.1,8,1.57,38.8,2.59
R02555,2026-08-19,Wed,BK-04,Riverside,D14,V14,motorbike,Clear,2026-08-19 12:30:00,2026-08-19 16:11:33,19,16,3,16,100.0,53.4,54.6,2.2,18,1.5,36.39,2.44
R02556,2026-08-19,Wed,VN-01,Cedar Point,D15,V15,van,Clear,2026-08-19 07:36:00,2026-08-19 12:18:07,15,15,0,14,93.3,70.3,72.6,3.3,23,7.26,10.0,11.06
R02557,2026-08-19,Wed,VN-01,Cedar Point,D16,V16,van,Clear,2026-08-19 07:33:00,2026-08-19 12:32:06,16,16,0,16,100.0,75.0,76.6,2.1,0,6.49,11.8,9.79
R02558,2026-08-19,Wed,VN-01,Cedar Point,D17,V17,van,Clear,2026-08-19 07:37:00,2026-08-19 11:46:00,14,14,0,14,100.0,65.6,66.4,1.2,0,5.86,11.34,8.95
R02559,2026-08-19,Wed,VN-02,Brookfield,D18,V18,van,Clear,2026-08-19 07:35:00,2026-08-19 12:47:52,17,16,1,15,93.8,84.0,88.2,5.0,11,8.12,10.86,12.27
R02560,2026-08-19,Wed,VN-01,Cedar Point,D19,V19,van,Clear,2026-08-19 07:31:00,2026-08-19 12:45:38,17,16,1,15,93.8,79.7,79.8,0.1,15,7.32,10.9,11.09
R02561,2026-08-19,Wed,VN-01,Cedar Point,D20,V20,van,Clear,2026-08-19 07:40:00,2026-08-19 12:38:55,16,15,1,13,86.7,75.0,75.9,1.2,0,6.69,11.35,9.94
R02562,2026-08-19,Wed,TR-01,Foundry District,D21,V21,truck,Clear,2026-08-19 06:09:00,2026-08-19 13:06:09,8,8,0,8,100.0,267.0,274.7,2.9,46,81.72,3.36,125.32
R02563,2026-08-19,Wed,TR-01,Foundry District,D22,V22,truck,Clear,2026-08-19 06:00:00,2026-08-19 14:33:31,10,9,1,7,77.8,333.8,337.0,1.0,50,99.99,3.37,152.43
R02564,2026-08-19,Wed,TR-01,Foundry District,D23,V23,truck,Clear,2026-08-19 06:04:00,2026-08-19 13:03:09,8,8,0,8,100.0,267.0,274.8,2.9,0,75.98,3.62,116.15
R02565,2026-08-19,Wed,TR-02,Westfield,D24,V24,truck,Clear,2026-08-19 06:00:00,2026-08-19 13:43:19,9,9,0,7,77.8,308.2,312.6,1.4,0,84.42,3.7,127.41
R02566,2026-08-20,Thu,BK-04,Riverside,D01,V01,motorbike,Rain,2026-08-20 12:35:00,2026-08-20 16:45:45,21,20,1,19,95.0,59.0,63.5,7.6,9,1.59,39.9,2.63
R02567,2026-08-20,Thu,BK-01,Harbor Row,D02,V02,motorbike,Rain,2026-08-20 12:34:00,2026-08-20 16:48:45,21,21,0,18,85.7,38.0,40.3,6.1,41,1.38,29.19,2.3
R02568,2026-08-20,Thu,BK-05,Northgate,D03,V03,motorbike,Rain,2026-08-20 12:32:00,2026-08-20 18:20:28,29,26,3,15,57.7,41.4,45.0,8.7,18,1.23,36.46,2.05
R02569,2026-08-20,Thu,BK-02,Maple Heights,D04,V04,motorbike,Rain,2026-08-20 12:35:00,2026-08-20 17:32:43,25,20,5,17,85.0,46.9,50.3,7.2,19,1.44,34.85,2.38
R02570,2026-08-20,Thu,BK-05,Northgate,D05,V05,motorbike,Rain,2026-08-20 07:38:00,2026-08-20 12:41:07,26,24,2,22,91.7,37.1,39.1,5.4,0,0.98,39.79,1.64
R02571,2026-08-20,Thu,BK-06,Elm Park,D06,V06,motorbike,Rain,2026-08-20 07:34:00,2026-08-20 12:35:30,25,25,0,24,96.0,37.5,39.8,6.1,28,1.26,31.51,2.1
R02572,2026-08-20,Thu,BK-04,Riverside,D07,V07,motorbike,Rain,2026-08-20 07:30:00,2026-08-20 11:14:23,19,18,1,18,100.0,53.4,56.3,5.4,13,2.03,27.78,3.34
R02573,2026-08-20,Thu,BK-02,Maple Heights,D08,V08,motorbike,Rain,2026-08-20 07:38:00,2026-08-20 12:14:15,23,20,3,20,100.0,43.1,46.3,7.4,23,1.39,33.32,2.28
R02574,2026-08-20,Thu,BK-02,Maple Heights,D09,V09,motorbike,Rain,2026-08-20 12:33:00,2026-08-20 17:39:35,25,23,2,15,65.2,46.9,48.7,3.8,13,1.41,34.46,2.33
R02575,2026-08-20,Thu,BK-01,Harbor Row,D10,V10,motorbike,Rain,2026-08-20 12:38:00,2026-08-20 16:47:13,21,20,1,20,100.0,38.0,40.5,6.6,0,1.2,33.69,1.99
R02576,2026-08-20,Thu,BK-04,Riverside,D11,V11,motorbike,Rain,2026-08-20 07:34:00,2026-08-20 11:29:12,20,19,1,19,100.0,56.2,60.2,7.1,7,1.62,37.09,2.67
R02577,2026-08-20,Thu,BK-04,Riverside,D12,V12,motorbike,Rain,2026-08-20 07:36:00,2026-08-20 12:07:27,23,21,2,21,100.0,64.6,73.4,13.6,26,2.37,31.0,3.9
R02578,2026-08-20,Thu,BK-05,Northgate,D13,V13,motorbike,Rain,2026-08-20 07:34:00,2026-08-20 13:17:23,29,26,3,24,92.3,41.4,44.5,7.5,18,1.27,34.98,2.11
R02579,2026-08-20,Thu,BK-06,Elm Park,D14,V14,motorbike,Rain,2026-08-20 12:36:00,2026-08-20 18:09:43,28,27,1,26,96.3,42.0,44.7,6.4,11,1.25,35.7,2.09
R02580,2026-08-20,Thu,VN-04,Lakeview,D15,V15,van,Rain,2026-08-20 07:35:00,2026-08-20 12:40:48,16,15,1,14,93.3,105.0,110.5,5.2,37,11.19,9.88,16.99
R02581,2026-08-20,Thu,VN-03,Stonebridge,D16,V16,van,Rain,2026-08-20 07:36:00,2026-08-20 14:24:25,22,21,1,19,90.5,118.8,122.7,3.3,19,11.32,10.84,17.38
R02582,2026-08-20,Thu,VN-03,Stonebridge,D17,V17,van,Rain,2026-08-20 07:35:00,2026-08-20 13:57:05,21,21,0,21,100.0,113.4,118.2,4.2,13,11.72,10.09,17.69
R02583,2026-08-20,Thu,VN-04,Lakeview,D18,V18,van,Rain,2026-08-20 07:39:00,2026-08-20 12:04:30,14,12,2,12,100.0,91.9,96.8,5.3,54,9.59,10.09,14.53
R02584,2026-08-20,Thu,VN-04,Lakeview,D19,V19,van,Rain,2026-08-20 07:35:00,2026-08-20 12:10:16,15,13,2,13,100.0,98.4,103.6,5.3,34,9.79,10.58,15.03
R02585,2026-08-20,Thu,VN-02,Brookfield,D20,V20,van,Rain,2026-08-20 07:33:00,2026-08-20 12:15:59,15,15,0,13,86.7,74.1,78.3,5.7,24,7.37,10.62,11.12
R02586,2026-08-20,Thu,TR-01,Foundry District,D21,V21,truck,Rain,2026-08-20 06:03:00,2026-08-20 14:41:32,10,10,0,5,50.0,333.8,352.1,5.5,28,103.12,3.41,157.62
R02587,2026-08-20,Thu,TR-03,Granite Hill,D22,V22,truck,Rain,2026-08-20 06:10:00,2026-08-20 15:27:36,11,11,0,10,90.9,231.0,246.8,6.8,25,75.58,3.27,114.84
R02588,2026-08-20,Thu,TR-03,Granite Hill,D23,V23,truck,Rain,2026-08-20 06:08:00,2026-08-20 16:12:14,12,10,2,5,50.0,252.0,262.4,4.1,64,77.02,3.41,118.71
R02589,2026-08-21,Fri,BK-03,Old Mill,D01,V01,motorbike,Clear,2026-08-21 12:39:00,2026-08-21 16:46:15,21,20,1,20,100.0,38.3,40.3,5.2,13,0.99,40.62,1.65
R02590,2026-08-21,Fri,BK-06,Elm Park,D02,V02,motorbike,Clear,2026-08-21 12:37:00,2026-08-21 17:34:13,26,24,2,24,100.0,39.0,39.9,2.3,17,1.26,31.54,2.07
R02591,2026-08-21,Fri,BK-06,Elm Park,D03,V03,motorbike,Clear,2026-08-21 12:38:00,2026-08-21 17:24:22,24,24,0,23,95.8,36.0,36.9,2.5,7,0.91,40.46,1.51
R02592,2026-08-21,Fri,BK-03,Old Mill,D04,V04,motorbike,Clear,2026-08-21 12:39:00,2026-08-21 17:19:37,24,23,1,23,100.0,43.8,45.3,3.4,23,1.35,33.47,2.23
R02593,2026-08-21,Fri,BK-04,Riverside,D05,V05,motorbike,Clear,2026-08-21 07:37:00,2026-08-21 11:28:40,20,19,1,19,100.0,56.2,57.5,2.3,52,1.72,33.45,2.87
R02594,2026-08-21,Fri,BK-03,Old Mill,D06,V06,motorbike,Clear,2026-08-21 07:33:00,2026-08-21 11:55:45,23,22,1,22,100.0,42.0,43.3,3.1,0,1.17,37.14,1.92
R02595,2026-08-21,Fri,BK-03,Old Mill,D07,V07,motorbike,Clear,2026-08-21 07:32:00,2026-08-21 12:19:12,24,23,1,22,95.7,43.8,45.7,4.3,0,1.54,29.67,2.57
R02596,2026-08-21,Fri,BK-04,Riverside,D08,V08,motorbike,Clear,2026-08-21 07:37:00,2026-08-21 11:42:14,21,21,0,21,100.0,59.0,61.5,4.2,0,1.61,38.32,2.66
R02597,2026-08-21,Fri,BK-01,Harbor Row,D09,V09,motorbike,Clear,2026-08-21 12:30:00,2026-08-21 17:09:58,23,23,0,22,95.7,41.6,42.8,2.9,0,1.09,39.33,1.81
R02598,2026-08-21,Fri,BK-05,Northgate,D10,V10,motorbike,Clear,2026-08-21 12:36:00,2026-08-21 17:54:37,27,26,1,22,84.6,38.6,39.0,1.0,42,1.22,31.85,2.02
R02599,2026-08-21,Fri,BK-01,Harbor Row,D11,V11,motorbike,Clear,2026-08-21 07:36:00,2026-08-21 12:09:58,23,21,2,20,95.2,41.6,44.4,6.7,25,1.21,36.79,1.98
R02600,2026-08-21,Fri,BK-06,Elm Park,D12,V12,motorbike,Clear,2026-08-21 07:39:00,2026-08-21 12:21:55,24,24,0,24,100.0,36.0,39.2,8.9,13,1.18,33.28,1.94
R02601,2026-08-21,Fri,BK-01,Harbor Row,D13,V13,motorbike,Clear,2026-08-21 07:37:00,2026-08-21 11:38:39,21,21,0,21,100.0,38.0,39.9,5.0,0,0.97,41.01,1.61
R02602,2026-08-21,Fri,BK-03,Old Mill,D14,V14,motorbike,Clear,2026-08-21 12:39:00,2026-08-21 16:55:44,22,21,1,21,100.0,40.2,42.8,6.5,34,1.29,33.3,2.15
R02603,2026-08-21,Fri,VN-03,Stonebridge,D15,V15,van,Clear,2026-08-21 07:40:00,2026-08-21 13:31:12,19,18,1,18,100.0,102.6,109.5,6.7,0,9.72,11.27,14.85
R02604,2026-08-21,Fri,VN-04,Lakeview,D16,V16,van,Clear,2026-08-21 07:30:00,2026-08-21 12:23:24,16,15,1,14,93.3,105.0,107.8,2.7,0,9.1,11.84,13.96
R02605,2026-08-21,Fri,VN-03,Stonebridge,D18,V18,van,Clear,2026-08-21 07:31:00,2026-08-21 13:39:07,20,20,0,20,100.0,108.0,113.5,5.1,30,11.01,10.31,16.69
R02606,2026-08-21,Fri,VN-04,Lakeview,D19,V19,van,Clear,2026-08-21 07:30:00,2026-08-21 12:39:26,17,17,0,17,100.0,111.6,115.1,3.1,0,10.16,11.32,15.76
R02607,2026-08-21,Fri,VN-01,Cedar Point,D20,V20,van,Clear,2026-08-21 07:37:00,2026-08-21 12:32:50,16,15,1,15,100.0,75.0,77.0,2.7,0,6.9,11.16,10.34
R02608,2026-08-21,Fri,TR-01,Foundry District,D21,V21,truck,Clear,2026-08-21 06:09:00,2026-08-21 11:31:02,6,6,0,6,100.0,200.2,208.5,4.1,28,59.65,3.5,89.92
R02609,2026-08-21,Fri,TR-01,Foundry District,D22,V22,truck,Clear,2026-08-21 06:07:00,2026-08-21 13:49:03,9,9,0,7,77.8,300.4,308.5,2.7,44,93.12,3.31,142.26
R02610,2026-08-21,Fri,TR-03,Granite Hill,D23,V23,truck,Clear,2026-08-21 06:04:00,2026-08-21 13:49:16,9,8,1,8,100.0,189.0,199.4,5.5,0,53.12,3.75,81.4
R02611,2026-08-21,Fri,TR-01,Foundry District,D24,V24,truck,Clear,2026-08-21 06:05:00,2026-08-21 11:30:08,6,6,0,6,100.0,200.2,210.0,4.9,0,55.45,3.79,84.38
R02612,2026-08-22,Sat,BK-06,Elm Park,D01,V01,motorbike,Clear,2026-08-22 12:37:00,2026-08-22 17:27:52,25,23,2,20,87.0,37.5,39.4,5.1,15,1.02,38.6,1.68
R02613,2026-08-22,Sat,BK-05,Northgate,D03,V03,motorbike,Clear,2026-08-22 12:31:00,2026-08-22 18:31:37,30,29,1,24,82.8,42.9,44.2,3.0,0,1.04,42.45,1.71
R02614,2026-08-22,Sat,BK-03,Old Mill,D05,V05,motorbike,Clear,2026-08-22 07:34:00,2026-08-22 11:32:23,21,20,1,20,100.0,38.3,39.4,2.9,5,0.98,40.1,1.62
R02615,2026-08-22,Sat,BK-03,Old Mill,D07,V07,motorbike,Clear,2026-08-22 07:36:00,2026-08-22 11:42:20,21,20,1,20,100.0,38.3,41.3,7.8,6,1.48,28.0,2.45
R02616,2026-08-22,Sat,BK-02,Maple Heights,D09,V09,motorbike,Clear,2026-08-22 12:35:00,2026-08-22 17:16:22,24,23,1,23,100.0,45.0,45.7,1.6,25,1.28,35.65,2.11
R02617,2026-08-22,Sat,BK-02,Maple Heights,D11,V11,motorbike,Clear,2026-08-22 07:37:00,2026-08-22 12:34:16,25,24,1,24,100.0,46.9,48.2,2.8,7,1.2,40.31,1.99
R02618,2026-08-22,Sat,BK-04,Riverside,D13,V13,motorbike,Clear,2026-08-22 07:37:00,2026-08-22 12:05:36,23,23,0,22,95.7,64.6,66.7,3.3,5,1.73,38.55,2.83
R02619,2026-08-22,Sat,VN-02,Brookfield,D15,V15,van,Clear,2026-08-22 07:34:00,2026-08-22 13:26:51,19,17,2,16,94.1,93.9,96.5,2.8,36,9.62,10.03,14.58
R02620,2026-08-22,Sat,VN-03,Stonebridge,D17,V17,van,Clear,2026-08-22 07:35:00,2026-08-22 13:46:35,21,19,2,19,100.0,113.4,114.8,1.2,15,10.1,11.37,15.05
R02621,2026-08-22,Sat,VN-04,Lakeview,D19,V19,van,Clear,2026-08-22 07:32:00,2026-08-22 11:52:39,14,14,0,13,92.9,91.9,95.5,3.9,33,8.96,10.66,13.55
R02622,2026-08-22,Sat,TR-03,Granite Hill,D21,V21,truck,Clear,2026-08-22 06:05:00,2026-08-22 14:40:29,10,10,0,6,60.0,210.0,212.9,1.4,102,65.44,3.25,100.24
R02623,2026-08-22,Sat,TR-03,Granite Hill,D23,V23,truck,Clear,2026-08-22 06:10:00,2026-08-22 13:48:25,9,8,1,8,100.0,189.0,195.2,3.3,29,53.54,3.65,81.07
R02624,2026-08-24,Mon,BK-04,Riverside,D01,V01,motorbike,Clear,2026-08-24 12:32:00,2026-08-24 16:59:59,22,22,0,22,100.0,61.8,64.5,4.4,18,1.64,39.35,2.72
R02625,2026-08-24,Mon,BK-02,Maple Heights,D03,V03,motorbike,Clear,2026-08-24 12:30:00,2026-08-24 17:46:00,26,26,0,21,80.8,48.8,50.0,2.5,26,1.38,36.27,2.28
R02626,2026-08-24,Mon,BK-04,Riverside,D04,V04,motorbike,Clear,2026-08-24 12:34:00,2026-08-24 17:00:05,22,19,3,17,89.5,61.8,65.4,5.8,8,1.78,36.69,2.95
R02627,2026-08-24,Mon,BK-04,Riverside,D05,V05,motorbike,Clear,2026-08-24 07:30:00,2026-08-24 11:48:50,22,21,1,21,100.0,61.8,63.7,3.1,9,1.64,38.92,2.72
R02628,2026-08-24,Mon,BK-05,Northgate,D06,V06,motorbike,Clear,2026-08-24 07:33:00,2026-08-24 13:30:40,30,30,0,24,80.0,42.9,44.4,3.5,0,1.21,36.84,2.0
R02629,2026-08-24,Mon,BK-05,Northgate,D07,V07,motorbike,Clear,2026-08-24 07:38:00,2026-08-24 13:31:56,30,29,1,29,100.0,42.9,44.0,2.6,0,1.58,27.91,2.61
R02630,2026-08-24,Mon,BK-02,Maple Heights,D09,V09,motorbike,Clear,2026-08-24 12:30:00,2026-08-24 16:58:01,22,21,1,21,100.0,41.2,42.2,2.4,0,1.11,38.02,1.84
R02631,2026-08-24,Mon,BK-03,Old Mill,D10,V10,motorbike,Clear,2026-08-24 12:39:00,2026-08-24 17:32:56,25,25,0,25,100.0,45.7,47.1,3.1,0,1.21,38.94,2.01
R02632,2026-08-24,Mon,BK-01,Harbor Row,D11,V11,motorbike,Clear,2026-08-24 07:33:00,2026-08-24 11:17:18,19,19,0,19,100.0,34.4,36.4,5.8,19,1.0,36.28,1.65
R02633,2026-08-24,Mon,BK-05,Northgate,D12,V12,motorbike,Clear,2026-08-24 07:40:00,2026-08-24 13:31:24,29,28,1,24,85.7,41.4,45.1,8.9,12,1.42,31.78,2.35
R02634,2026-08-24,Mon,BK-05,Northgate,D13,V13,motorbike,Clear,2026-08-24 07:32:00,2026-08-24 12:36:10,27,25,2,25,100.0,38.6,41.4,7.3,0,1.08,38.33,1.8
R02635,2026-08-24,Mon,BK-04,Riverside,D14,V14,motorbike,Clear,2026-08-24 12:38:00,2026-08-24 17:09:44,23,22,1,19,86.4,64.6,67.7,4.8,0,1.69,40.02,2.81
R02636,2026-08-24,Mon,VN-02,Brookfield,D15,V15,van,Clear,2026-08-24 07:39:00,2026-08-24 12:56:28,17,15,2,15,100.0,84.0,85.4,1.7,22,8.18,10.44,12.41
R02637,2026-08-24,Mon,VN-01,Cedar Point,D17,V17,van,Clear,2026-08-24 07:35:00,2026-08-24 12:23:15,16,14,2,14,100.0,75.0,76.7,2.3,7,6.85,11.19,10.64
R02638,2026-08-24,Mon,VN-04,Lakeview,D18,V18,van,Clear,2026-08-24 07:34:00,2026-08-24 11:50:28,14,12,2,12,100.0,91.9,95.6,4.0,18,9.27,10.31,14.22
R02639,2026-08-24,Mon,VN-04,Lakeview,D19,V19,van,Clear,2026-08-24 07:36:00,2026-08-24 12:48:04,17,15,2,15,100.0,111.6,115.1,3.1,29,11.13,10.35,17.08
R02640,2026-08-24,Mon,VN-03,Stonebridge,D20,V20,van,Clear,2026-08-24 07:32:00,2026-08-24 13:57:28,21,21,0,21,100.0,113.4,116.0,2.3,5,10.07,11.52,15.3
R02641,2026-08-24,Mon,TR-02,Westfield,D21,V21,truck,Clear,2026-08-24 06:10:00,2026-08-24 11:39:52,6,6,0,5,83.3,205.5,207.6,1.0,73,60.95,3.41,92.26
R02642,2026-08-24,Mon,TR-02,Westfield,D22,V22,truck,Clear,2026-08-24 06:05:00,2026-08-24 12:23:00,7,7,0,4,57.1,239.8,246.5,2.8,38,76.03,3.24,115.44
R02643,2026-08-24,Mon,TR-02,Westfield,D23,V23,truck,Clear,2026-08-24 06:09:00,2026-08-24 13:04:32,8,8,0,8,100.0,274.0,288.9,5.4,46,77.57,3.72,118.96
R02644,2026-08-24,Mon,TR-02,Westfield,D24,V24,truck,Clear,2026-08-24 06:01:00,2026-08-24 12:19:31,7,7,0,7,100.0,239.8,251.9,5.0,11,68.88,3.66,104.25
R02645,2026-08-25,Tue,BK-02,Maple Heights,D01,V01,motorbike,Clear,2026-08-25 12:30:00,2026-08-25 17:04:17,24,24,0,21,87.5,45.0,46.2,2.7,6,1.17,39.53,1.92
R02646,2026-08-25,Tue,BK-01,Harbor Row,D02,V02,motorbike,Clear,2026-08-25 12:30:00,2026-08-25 17:07:01,23,21,2,19,90.5,41.6,42.7,2.6,14,1.32,32.43,2.19
R02647,2026-08-25,Tue,BK-05,Northgate,D03,V03,motorbike,Clear,2026-08-25 12:35:00,2026-08-25 18:12:36,28,27,1,22,81.5,40.0,41.4,3.5,7,1.04,39.83,1.71
R02648,2026-08-25,Tue,BK-06,Elm Park,D04,V04,motorbike,Clear,2026-08-25 12:38:00,2026-08-25 17:54:16,28,27,1,27,100.0,42.0,44.2,5.2,36,1.33,33.28,2.2
R02649,2026-08-25,Tue,BK-01,Harbor Row,D05,V05,motorbike,Clear,2026-08-25 07:36:00,2026-08-25 11:34:10,21,21,0,21,100.0,38.0,39.4,3.7,0,0.99,39.99,1.64
R02650,2026-08-25,Tue,BK-04,Riverside,D06,V06,motorbike,Clear,2026-08-25 07:31:00,2026-08-25 12:01:14,23,23,0,23,100.0,64.6,64.8,0.3,14,1.83,35.39,3.07
R02651,2026-08-25,Tue,BK-02,Maple Heights,D07,V07,motorbike,Clear,2026-08-25 07:30:00,2026-08-25 12:01:42,23,22,1,22,100.0,43.1,45.3,5.1,12,1.55,29.15,2.57
R02652,2026-08-25,Tue,BK-05,Northgate,D08,V08,motorbike,Clear,2026-08-25 07:35:00,2026-08-25 12:59:16,27,27,0,23,85.2,38.6,40.5,4.9,15,1.08,37.55,1.8
R02653,2026-08-25,Tue,BK-02,Maple Heights,D09,V09,motorbike,Clear,2026-08-25 12:31:00,2026-08-25 17:27:33,25,23,2,20,87.0,46.9,47.3,0.9,0,1.22,38.77,2.01
R02654,2026-08-25,Tue,BK-04,Riverside,D10,V10,motorbike,Clear,2026-08-25 12:34:00,2026-08-25 16:49:26,22,20,2,18,90.0,61.8,64.4,4.2,21,1.73,37.17,2.88
R02655,2026-08-25,Tue,BK-06,Elm Park,D11,V11,motorbike,Clear,2026-08-25 07:35:00,2026-08-25 12:19:40,24,24,0,21,87.5,36.0,37.3,3.6,17,1.0,37.4,1.64
R02656,2026-08-25,Tue,BK-03,Old Mill,D12,V12,motorbike,Clear,2026-08-25 07:33:00,2026-08-25 11:36:54,21,20,1,20,100.0,38.3,42.3,10.4,71,1.59,26.67,2.63
R02657,2026-08-25,Tue,BK-05,Northgate,D13,V13,motorbike,Clear,2026-08-25 07:35:00,2026-08-25 13:16:59,29,29,0,25,86.2,41.4,42.7,3.1,0,1.07,39.85,1.8
R02658,2026-08-25,Tue,BK-04,Riverside,D14,V14,motorbike,Clear,2026-08-25 12:34:00,2026-08-25 16:28:37,20,15,5,15,100.0,56.2,59.3,5.5,21,1.62,36.6,2.7
R02659,2026-08-25,Tue,VN-03,Stonebridge,D15,V15,van,Clear,2026-08-25 07:33:00,2026-08-25 13:47:23,20,20,0,19,95.0,108.0,110.9,2.7,70,10.7,10.36,16.27
R02660,2026-08-25,Tue,VN-01,Cedar Point,D16,V16,van,Clear,2026-08-25 07:37:00,2026-08-25 12:03:58,14,13,1,11,84.6,65.6,66.1,0.8,0,5.68,11.63,8.63
R02661,2026-08-25,Tue,VN-03,Stonebridge,D17,V17,van,Clear,2026-08-25 07:39:00,2026-08-25 14:01:42,21,20,1,20,100.0,113.4,113.0,-0.4,0,10.04,11.26,15.31
R02662,2026-08-25,Tue,VN-01,Cedar Point,D18,V18,van,Clear,2026-08-25 07:31:00,2026-08-25 12:11:29,15,15,0,15,100.0,70.3,73.8,5.0,18,6.76,10.92,10.3
R02663,2026-08-25,Tue,VN-02,Brookfield,D19,V19,van,Clear,2026-08-25 07:31:00,2026-08-25 13:16:45,19,17,2,17,100.0,93.9,97.9,4.3,7,8.63,11.35,13.02
R02664,2026-08-25,Tue,VN-03,Stonebridge,D20,V20,van,Clear,2026-08-25 07:35:00,2026-08-25 13:41:56,20,20,0,20,100.0,108.0,111.1,2.9,16,9.87,11.25,14.87
R02665,2026-08-25,Tue,TR-03,Granite Hill,D21,V21,truck,Clear,2026-08-25 06:06:00,2026-08-25 16:51:49,13,13,0,11,84.6,273.0,276.1,1.1,48,82.4,3.35,126.69
R02666,2026-08-25,Tue,TR-01,Foundry District,D22,V22,truck,Clear,2026-08-25 06:05:00,2026-08-25 11:24:59,6,6,0,6,100.0,200.2,208.0,3.9,0,61.76,3.37,93.85
R02667,2026-08-25,Tue,TR-03,Granite Hill,D23,V23,truck,Clear,2026-08-25 06:01:00,2026-08-25 15:12:05,11,11,0,11,100.0,231.0,236.9,2.6,34,66.96,3.54,101.42
R02668,2026-08-25,Tue,TR-03,Granite Hill,D24,V24,truck,Clear,2026-08-25 06:01:00,2026-08-25 14:33:29,10,8,2,8,100.0,210.0,214.8,2.3,23,58.38,3.68,89.15
R02669,2026-08-26,Wed,BK-05,Northgate,D01,V01,motorbike,Clear,2026-08-26 12:37:00,2026-08-26 18:09:05,28,28,0,25,89.3,40.0,41.2,3.0,19,1.12,36.94,1.84
R02670,2026-08-26,Wed,BK-02,Maple Heights,D02,V02,motorbike,Clear,2026-08-26 12:36:00,2026-08-26 17:45:59,26,24,2,22,91.7,48.8,50.2,2.9,9,1.44,34.93,2.38
R02671,2026-08-26,Wed,BK-06,Elm Park,D03,V03,motorbike,Clear,2026-08-26 12:37:00,2026-08-26 18:12:09,28,27,1,25,92.6,42.0,43.4,3.3,20,1.16,37.52,1.93
R02672,2026-08-26,Wed,BK-02,Maple Heights,D04,V04,motorbike,Clear,2026-08-26 12:36:00,2026-08-26 16:52:09,22,21,1,21,100.0,41.2,44.1,7.0,35,1.31,33.66,2.19
R02673,2026-08-26,Wed,BK-04,Riverside,D05,V05,motorbike,Clear,2026-08-26 07:38:00,2026-08-26 11:48:04,22,21,1,21,100.0,61.8,64.9,5.0,32,1.77,36.75,2.93
R02674,2026-08-26,Wed,BK-04,Riverside,D06,V06,motorbike,Clear,2026-08-26 07:36:00,2026-08-26 11:36:46,20,20,0,20,100.0,56.2,57.7,2.7,8,1.64,35.16,2.72
R02675,2026-08-26,Wed,BK-03,Old Mill,D07,V07,motorbike,Clear,2026-08-26 07:30:00,2026-08-26 11:32:50,21,20,1,20,100.0,38.3,39.7,3.7,12,1.44,27.65,2.39
R02676,2026-08-26,Wed,BK-03,Old Mill,D09,V09,motorbike,Clear,2026-08-26 12:39:00,2026-08-26 17:35:48,25,24,1,24,100.0,45.7,45.8,0.2,0,1.2,38.22,1.98
R02677,2026-08-26,Wed,BK-02,Maple Heights,D10,V10,motorbike,Clear,2026-08-26 12:32:00,2026-08-26 17:07:46,24,22,2,22,100.0,45.0,48.2,7.1,0,1.27,37.99,2.12
R02678,2026-08-26,Wed,BK-03,Old Mill,D11,V11,motorbike,Clear,2026-08-26 07:34:00,2026-08-26 12:14:55,24,24,0,22,91.7,43.8,46.7,6.6,5,1.19,39.4,1.96
R02679,2026-08-26,Wed,BK-05,Northgate,D12,V12,motorbike,Clear,2026-08-26 07:30:00,2026-08-26 13:10:57,30,29,1,29,100.0,42.9,47.7,11.2,10,1.44,33.05,2.38
R02680,2026-08-26,Wed,BK-05,Northgate,D13,V13,motorbike,Clear,2026-08-26 07:37:00,2026-08-26 12:53:28,27,23,4,22,95.7,38.6,39.8,3.1,0,0.96,41.54,1.59
R02681,2026-08-26,Wed,BK-04,Riverside,D14,V14,motorbike,Clear,2026-08-26 12:34:00,2026-08-26 16:18:43,19,17,2,17,100.0,53.4,55.8,4.5,24,1.55,35.98,2.58
R02682,2026-08-26,Wed,VN-01,Cedar Point,D15,V15,van,Clear,2026-08-26 07:30:00,2026-08-26 12:14:49,15,15,0,15,100.0,70.3,72.8,3.6,24,7.01,10.39,10.74
R02683,2026-08-26,Wed,VN-04,Lakeview,D16,V16,van,Clear,2026-08-26 07:39:00,2026-08-26 12:41:43,16,14,2,12,85.7,105.0,103.3,-1.6,0,9.01,11.46,13.84
R02684,2026-08-26,Wed,VN-04,Lakeview,D17,V17,van,Clear,2026-08-26 07:38:00,2026-08-26 13:01:14,18,18,0,18,100.0,118.1,121.0,2.5,8,10.81,11.2,16.48
R02685,2026-08-26,Wed,VN-02,Brookfield,D18,V18,van,Clear,2026-08-26 07:31:00,2026-08-26 12:06:19,15,14,1,14,100.0,74.1,77.5,4.6,11,7.1,10.92,10.94
R02686,2026-08-26,Wed,VN-01,Cedar Point,D19,V19,van,Clear,2026-08-26 07:40:00,2026-08-26 12:23:04,15,15,0,14,93.3,70.3,74.0,5.3,26,6.76,10.94,10.35
R02687,2026-08-26,Wed,VN-02,Brookfield,D20,V20,van,Clear,2026-08-26 07:36:00,2026-08-26 13:11:20,18,18,0,18,100.0,88.9,90.4,1.7,0,7.8,11.59,11.93
R02688,2026-08-26,Wed,TR-03,Granite Hill,D21,V21,truck,Clear,2026-08-26 06:05:00,2026-08-26 14:40:02,10,9,1,8,88.9,210.0,218.4,4.0,137,66.12,3.3,101.33
R02689,2026-08-26,Wed,TR-03,Granite Hill,D22,V22,truck,Clear,2026-08-26 06:01:00,2026-08-26 13:42:26,9,9,0,9,100.0,189.0,197.0,4.2,0,57.9,3.4,89.42
R02690,2026-08-26,Wed,TR-01,Foundry District,D23,V23,truck,Clear,2026-08-26 06:01:00,2026-08-26 11:28:38,6,5,1,5,100.0,200.2,207.0,3.4,11,56.23,3.68,86.46
R02691,2026-08-26,Wed,TR-01,Foundry District,D24,V24,truck,Clear,2026-08-26 06:02:00,2026-08-26 14:30:40,10,10,0,9,90.0,333.8,343.4,2.9,0,91.87,3.74,140.66
R02692,2026-08-27,Thu,BK-03,Old Mill,D01,V01,motorbike,Clear,2026-08-27 12:32:00,2026-08-27 17:23:57,25,23,2,22,95.7,45.7,47.3,3.5,13,1.17,40.34,1.92
R02693,2026-08-27,Thu,BK-01,Harbor Row,D02,V02,motorbike,Clear,2026-08-27 12:32:00,2026-08-27 16:48:24,22,22,0,22,100.0,39.8,41.3,3.8,21,1.31,31.41,2.2
R02694,2026-08-27,Thu,BK-04,Riverside,D03,V03,motorbike,Clear,2026-08-27 12:32:00,2026-08-27 16:50:13,21,19,2,19,100.0,59.0,60.6,2.7,33,1.64,36.98,2.73
R02695,2026-08-27,Thu,BK-02,Maple Heights,D04,V04,motorbike,Clear,2026-08-27 12:32:00,2026-08-27 17:33:55,26,24,2,24,100.0,48.8,51.7,5.9,48,1.6,32.41,2.65
R02696,2026-08-27,Thu,BK-05,Northgate,D05,V05,motorbike,Clear,2026-08-27 07:30:00,2026-08-27 13:15:51,29,28,1,25,89.3,41.4,43.3,4.6,0,1.07,40.32,1.79
R02697,2026-08-27,Thu,BK-06,Elm Park,D06,V06,motorbike,Clear,2026-08-27 07:30:00,2026-08-27 12:27:43,25,23,2,23,100.0,37.5,38.5,2.7,0,1.07,36.03,1.77
R02698,2026-08-27,Thu,BK-03,Old Mill,D07,V07,motorbike,Clear,2026-08-27 07:32:00,2026-08-27 12:00:59,23,21,2,21,100.0,42.0,44.4,5.7,14,1.56,28.38,2.58
R02699,2026-08-27,Thu,BK-03,Old Mill,D08,V08,motorbike,Clear,2026-08-27 07:36:00,2026-08-27 11:51:13,21,20,1,18,90.0,38.3,40.4,5.5,28,1.22,33.03,2.04
R02700,2026-08-27,Thu,BK-05,Northgate,D09,V09,motorbike,Clear,2026-08-27 12:37:00,2026-08-27 18:10:14,28,26,2,24,92.3,40.0,40.9,2.2,16,1.1,37.12,1.83
R02701,2026-08-27,Thu,BK-06,Elm Park,D10,V10,motorbike,Clear,2026-08-27 12:36:00,2026-08-27 17:57:17,28,27,1,26,96.3,42.0,42.3,0.7,0,1.14,37.23,1.92
R02702,2026-08-27,Thu,BK-04,Riverside,D11,V11,motorbike,Clear,2026-08-27 07:31:00,2026-08-27 11:47:14,22,21,1,19,90.5,61.8,65.4,5.8,0,1.6,40.98,2.67
R02703,2026-08-27,Thu,BK-03,Old Mill,D13,V13,motorbike,Clear,2026-08-27 07:35:00,2026-08-27 11:54:40,22,19,3,18,94.7,40.2,41.4,3.0,11,1.11,37.21,1.84
R02704,2026-08-27,Thu,BK-04,Riverside,D14,V14,motorbike,Clear,2026-08-27 12:38:00,2026-08-27 16:52:57,21,20,1,20,100.0,59.0,60.8,3.1,0,1.55,39.23,2.57
R02705,2026-08-27,Thu,VN-03,Stonebridge,D15,V15,van,Clear,2026-08-27 07:31:00,2026-08-27 13:26:18,19,18,1,16,88.9,102.6,108.3,5.6,43,10.01,10.81,15.3
R02706,2026-08-27,Thu,VN-04,Lakeview,D16,V16,van,Clear,2026-08-27 07:30:00,2026-08-27 12:38:39,16,16,0,16,100.0,105.0,105.7,0.7,24,9.87,10.71,15.24
R02707,2026-08-27,Thu,VN-01,Cedar Point,D17,V17,van,Clear,2026-08-27 07:31:00,2026-08-27 11:49:20,14,14,0,14,100.0,65.6,65.7,0.2,9,6.02,10.91,9.05
R02708,2026-08-27,Thu,VN-02,Brookfield,D18,V18,van,Clear,2026-08-27 07:39:00,2026-08-27 12:46:21,17,16,1,16,100.0,84.0,88.1,4.9,21,8.07,10.91,12.35
R02709,2026-08-27,Thu,VN-01,Cedar Point,D19,V19,van,Clear,2026-08-27 07:36:00,2026-08-27 11:55:17,14,13,1,13,100.0,65.6,68.3,4.1,0,6.11,11.18,9.25
R02710,2026-08-27,Thu,VN-01,Cedar Point,D20,V20,van,Clear,2026-08-27 07:31:00,2026-08-27 11:57:01,14,13,1,13,100.0,65.6,66.9,2.0,0,6.14,10.89,9.37
R02711,2026-08-27,Thu,TR-02,Westfield,D21,V21,truck,Clear,2026-08-27 06:04:00,2026-08-27 12:59:19,8,8,0,8,100.0,274.0,277.7,1.4,38,80.46,3.45,121.99
R02712,2026-08-27,Thu,TR-01,Foundry District,D22,V22,truck,Clear,2026-08-27 06:07:00,2026-08-27 13:55:04,9,9,0,9,100.0,300.4,305.3,1.6,52,97.86,3.12,149.36
R02713,2026-08-27,Thu,TR-01,Foundry District,D23,V23,truck,Clear,2026-08-27 06:10:00,2026-08-27 14:31:30,10,10,0,10,100.0,333.8,347.0,4.0,0,91.95,3.77,140.61
R02714,2026-08-27,Thu,TR-01,Foundry District,D24,V24,truck,Clear,2026-08-27 06:06:00,2026-08-27 14:28:11,10,10,0,10,100.0,333.8,346.8,3.9,49,94.32,3.68,144.16
R02715,2026-08-28,Fri,BK-01,Harbor Row,D01,V01,motorbike,Clear,2026-08-28 12:35:00,2026-08-28 16:24:28,19,18,1,18,100.0,34.4,35.3,2.6,47,1.1,32.2,1.82
R02716,2026-08-28,Fri,BK-02,Maple Heights,D02,V02,motorbike,Clear,2026-08-28 12:33:00,2026-08-28 17:10:54,24,23,1,23,100.0,45.0,46.7,3.8,33,1.56,29.92,2.59
R02717,2026-08-28,Fri,BK-05,Northgate,D03,V03,motorbike,Clear,2026-08-28 12:40:00,2026-08-28 18:40:11,30,29,1,20,69.0,42.9,44.5,3.7,0,1.08,41.29,1.79
R02718,2026-08-28,Fri,BK-04,Riverside,D05,V05,motorbike,Clear,2026-08-28 07:33:00,2026-08-28 11:44:45,22,19,3,19,100.0,61.8,63.2,2.3,0,1.62,38.99,2.72
R02719,2026-08-28,Fri,BK-02,Maple Heights,D06,V06,motorbike,Clear,2026-08-28 07:40:00,2026-08-28 12:03:25,22,22,0,21,95.5,41.2,42.2,2.4,44,1.42,29.63,2.38
R02720,2026-08-28,Fri,BK-01,Harbor Row,D07,V07,motorbike,Clear,2026-08-28 07:39:00,2026-08-28 11:27:43,19,17,2,17,100.0,34.4,35.4,2.9,0,1.22,28.99,2.04
R02721,2026-08-28,Fri,BK-02,Maple Heights,D08,V08,motorbike,Clear,2026-08-28 07:35:00,2026-08-28 12:15:52,24,23,1,23,100.0,45.0,47.9,6.4,9,1.29,37.06,2.14
R02722,2026-08-28,Fri,BK-01,Harbor Row,D09,V09,motorbike,Clear,2026-08-28 12:32:00,2026-08-28 16:34:04,20,20,0,17,85.0,36.2,36.5,0.8,7,1.01,36.06,1.7
R02723,2026-08-28,Fri,BK-02,Maple Heights,D10,V10,motorbike,Clear,2026-08-28 12:37:00,2026-08-28 17:23:43,25,24,1,24,100.0,46.9,48.7,3.8,0,1.26,38.68,2.1
R02724,2026-08-28,Fri,BK-02,Maple Heights,D11,V11,motorbike,Clear,2026-08-28 07:34:00,2026-08-28 11:57:57,22,22,0,22,100.0,41.2,43.9,6.6,14,1.13,39.0,1.88
R02725,2026-08-28,Fri,BK-04,Riverside,D12,V12,motorbike,Clear,2026-08-28 07:36:00,2026-08-28 11:20:30,19,19,0,19,100.0,53.4,58.4,9.4,15,1.78,32.83,2.93
R02726,2026-08-28,Fri,BK-02,Maple Heights,D13,V13,motorbike,Clear,2026-08-28 07:39:00,2026-08-28 12:03:13,22,22,0,22,100.0,41.2,42.6,3.4,6,1.09,39.21,1.81
R02727,2026-08-28,Fri,BK-03,Old Mill,D14,V14,motorbike,Clear,2026-08-28 12:38:00,2026-08-28 17:27:55,25,25,0,25,100.0,45.7,46.7,2.2,11,1.3,35.9,2.14
R02728,2026-08-28,Fri,VN-03,Stonebridge,D15,V15,van,Clear,2026-08-28 07:37:00,2026-08-28 14:17:01,22,22,0,21,95.5,118.8,124.8,5.1,16,11.56,10.8,17.55
R02729,2026-08-28,Fri,VN-02,Brookfield,D16,V16,van,Clear,2026-08-28 07:30:00,2026-08-28 13:08:04,18,17,1,14,82.4,88.9,86.9,-2.2,10,7.91,10.98,11.99
R02730,2026-08-28,Fri,VN-04,Lakeview,D17,V17,van,Clear,2026-08-28 07:35:00,2026-08-28 13:02:07,18,18,0,18,100.0,118.1,120.5,2.0,13,11.02,10.94,16.78
R02731,2026-08-28,Fri,VN-01,Cedar Point,D18,V18,van,Clear,2026-08-28 07:34:00,2026-08-28 12:28:19,16,14,2,14,100.0,75.0,78.1,4.1,9,7.2,10.85,10.98
R02732,2026-08-28,Fri,VN-02,Brookfield,D19,V19,van,Clear,2026-08-28 07:34:00,2026-08-28 12:44:57,17,17,0,17,100.0,84.0,87.4,4.0,17,8.03,10.89,12.49
R02733,2026-08-28,Fri,VN-02,Brookfield,D20,V20,van,Clear,2026-08-28 07:32:00,2026-08-28 13:24:33,19,19,0,15,78.9,93.9,96.6,2.9,33,8.92,10.84,13.73
R02734,2026-08-28,Fri,TR-02,Westfield,D21,V21,truck,Clear,2026-08-28 06:06:00,2026-08-28 13:46:00,9,9,0,9,100.0,308.2,309.1,0.3,61,90.01,3.43,137.85
R02735,2026-08-28,Fri,TR-01,Foundry District,D22,V22,truck,Clear,2026-08-28 06:07:00,2026-08-28 12:13:35,7,6,1,6,100.0,233.6,235.8,0.9,27,72.18,3.27,110.84
R02736,2026-08-28,Fri,TR-01,Foundry District,D23,V23,truck,Clear,2026-08-28 06:10:00,2026-08-28 11:29:52,6,6,0,6,100.0,200.2,203.4,1.6,47,54.7,3.72,82.65
R02737,2026-08-28,Fri,TR-03,Granite Hill,D24,V24,truck,Clear,2026-08-28 06:09:00,2026-08-28 14:36:25,10,9,1,8,88.9,210.0,220.4,5.0,55,61.3,3.6,93.85
R02738,2026-08-29,Sat,BK-02,Maple Heights,D01,V01,motorbike,Rain,2026-08-29 12:37:00,2026-08-29 17:36:46,25,23,2,15,65.2,46.9,50.2,7.0,0,1.23,40.88,2.05
R02739,2026-08-29,Sat,BK-03,Old Mill,D03,V03,motorbike,Rain,2026-08-29 12:31:00,2026-08-29 16:52:49,21,20,1,18,90.0,38.3,40.8,6.5,38,1.21,33.79,2.03
R02740,2026-08-29,Sat,BK-05,Northgate,D05,V05,motorbike,Rain,2026-08-29 07:36:00,2026-08-29 13:22:05,30,27,3,27,100.0,42.9,45.2,5.4,18,1.26,35.83,2.09
R02741,2026-08-29,Sat,BK-06,Elm Park,D07,V07,motorbike,Rain,2026-08-29 07:33:00,2026-08-29 12:21:04,24,23,1,22,95.7,36.0,37.9,5.3,26,1.53,24.84,2.57
R02742,2026-08-29,Sat,BK-06,Elm Park,D09,V09,motorbike,Rain,2026-08-29 12:34:00,2026-08-29 17:40:23,26,24,2,19,79.2,39.0,39.9,2.3,0,1.05,37.9,1.75
R02743,2026-08-29,Sat,BK-05,Northgate,D11,V11,motorbike,Rain,2026-08-29 07:34:00,2026-08-29 13:18:43,29,27,2,22,81.5,41.4,45.6,10.1,36,1.33,34.28,2.2
R02744,2026-08-29,Sat,BK-05,Northgate,D13,V13,motorbike,Rain,2026-08-29 07:34:00,2026-08-29 12:47:12,26,25,1,23,92.0,37.1,40.3,8.6,24,1.18,34.14,1.95
R02745,2026-08-29,Sat,VN-04,Lakeview,D15,V15,van,Rain,2026-08-29 07:38:00,2026-08-29 12:55:15,17,17,0,14,82.4,111.6,118.2,5.9,28,11.48,10.3,17.62
R02746,2026-08-29,Sat,VN-03,Stonebridge,D17,V17,van,Rain,2026-08-29 07:33:00,2026-08-29 13:03:19,18,18,0,18,100.0,97.2,102.8,5.8,6,9.43,10.9,14.41
R02747,2026-08-29,Sat,VN-03,Stonebridge,D19,V19,van,Rain,2026-08-29 07:32:00,2026-08-29 14:01:31,21,19,2,19,100.0,113.4,116.7,2.9,20,10.92,10.69,16.78
R02748,2026-08-29,Sat,TR-03,Granite Hill,D21,V21,truck,Rain,2026-08-29 06:08:00,2026-08-29 14:40:17,10,9,1,9,100.0,210.0,223.9,6.6,168,73.49,3.05,112.02
R02749,2026-08-29,Sat,TR-01,Foundry District,D23,V23,truck,Rain,2026-08-29 06:05:00,2026-08-29 12:18:22,7,7,0,6,85.7,233.6,242.2,3.7,10,66.42,3.65,101.6
R02750,2026-08-31,Mon,BK-02,Maple Heights,D01,V01,motorbike,Clear,2026-08-31 12:35:00,2026-08-31 17:39:03,26,26,0,26,100.0,48.8,50.7,3.9,0,1.27,39.94,2.11
R02751,2026-08-31,Mon,BK-06,Elm Park,D02,V02,motorbike,Clear,2026-08-31 12:39:00,2026-08-31 17:37:58,26,25,1,25,100.0,39.0,40.4,3.6,0,1.14,35.32,1.89
R02752,2026-08-31,Mon,BK-04,Riverside,D04,V04,motorbike,Clear,2026-08-31 12:36:00,2026-08-31 16:28:33,20,20,0,20,100.0,56.2,60.2,7.1,12,1.59,37.88,2.65
R02753,2026-08-31,Mon,BK-06,Elm Park,D05,V05,motorbike,Clear,2026-08-31 07:40:00,2026-08-31 12:23:45,25,24,1,24,100.0,37.5,38.8,3.5,20,1.08,35.87,1.82
R02754,2026-08-31,Mon,BK-05,Northgate,D06,V06,motorbike,Clear,2026-08-31 07:32:00,2026-08-31 13:14:40,29,28,1,27,96.4,41.4,41.6,0.5,0,1.18,35.15,1.98
R02755,2026-08-31,Mon,BK-01,Harbor Row,D07,V07,motorbike,Clear,2026-08-31 07:32:00,2026-08-31 12:01:06,23,22,1,22,100.0,41.6,43.4,4.3,0,1.53,28.34,2.52
R02756,2026-08-31,Mon,BK-03,Old Mill,D08,V08,motorbike,Clear,2026-08-31 07:34:00,2026-08-31 12:08:10,23,22,1,21,95.5,42.0,44.3,5.5,0,1.18,37.46,1.97
R02757,2026-08-31,Mon,BK-01,Harbor Row,D09,V09,motorbike,Clear,2026-08-31 12:37:00,2026-08-31 16:51:42,21,19,2,13,68.4,38.0,39.4,3.7,0,1.01,39.14,1.71
R02758,2026-08-31,Mon,BK-05,Northgate,D10,V10,motorbike,Clear,2026-08-31 12:36:00,2026-08-31 17:47:12,26,26,0,25,96.2,37.1,39.2,5.7,36,1.19,32.88,2.02
R02759,2026-08-31,Mon,BK-01,Harbor Row,D11,V11,motorbike,Clear,2026-08-31 07:39:00,2026-08-31 11:27:41,19,18,1,18,100.0,34.4,35.9,4.4,8,0.93,38.57,1.56
R02760,2026-08-31,Mon,BK-04,Riverside,D12,V12,motorbike,Clear,2026-08-31 07:39:00,2026-08-31 11:56:17,22,22,0,22,100.0,61.8,68.3,10.5,39,2.23,30.69,3.75
R02761,2026-08-31,Mon,BK-05,Northgate,D13,V13,motorbike,Clear,2026-08-31 07:38:00,2026-08-31 12:44:27,26,24,2,23,95.8,37.1,38.5,3.8,0,0.97,39.79,1.61
R02762,2026-08-31,Mon,BK-01,Harbor Row,D14,V14,motorbike,Clear,2026-08-31 12:34:00,2026-08-31 16:45:15,21,21,0,18,85.7,38.0,39.6,4.2,0,1.08,36.67,1.79
R02763,2026-08-31,Mon,VN-01,Cedar Point,D16,V16,van,Clear,2026-08-31 07:32:00,2026-08-31 12:53:08,17,16,1,16,100.0,79.7,80.9,1.5,14,7.28,11.11,11.23
R02764,2026-08-31,Mon,VN-03,Stonebridge,D17,V17,van,Clear,2026-08-31 07:37:00,2026-08-31 13:15:34,19,19,0,19,100.0,102.6,103.1,0.5,15,9.32,11.06,14.34
R02765,2026-08-31,Mon,VN-03,Stonebridge,D18,V18,van,Clear,2026-08-31 07:37:00,2026-08-31 13:59:06,21,21,0,21,100.0,113.4,115.3,1.7,0,10.47,11.01,16.08
R02766,2026-08-31,Mon,VN-02,Brookfield,D19,V19,van,Clear,2026-08-31 07:34:00,2026-08-31 12:50:39,17,16,1,15,93.8,84.0,84.7,0.8,25,8.01,10.58,12.32
R02767,2026-08-31,Mon,VN-03,Stonebridge,D20,V20,van,Clear,2026-08-31 07:31:00,2026-08-31 13:20:19,19,18,1,18,100.0,102.6,101.7,-0.9,0,8.97,11.34,13.64
R02768,2026-08-31,Mon,TR-01,Foundry District,D21,V21,truck,Clear,2026-08-31 06:07:00,2026-08-31 11:26:40,6,6,0,6,100.0,200.2,206.3,3.0,75,60.77,3.39,93.92
R02769,2026-08-31,Mon,TR-02,Westfield,D22,V22,truck,Clear,2026-08-31 06:10:00,2026-08-31 11:37:57,6,6,0,5,83.3,205.5,208.4,1.4,8,62.88,3.31,97.36
R02770,2026-08-31,Mon,TR-02,Westfield,D23,V23,truck,Clear,2026-08-31 06:07:00,2026-08-31 13:42:45,9,8,1,8,100.0,308.2,318.7,3.4,0,86.38,3.69,132.99
R02771,2026-09-01,Tue,BK-06,Elm Park,D01,V01,motorbike,Clear,2026-09-01 12:31:00,2026-09-01 17:50:38,28,28,0,28,100.0,42.0,44.3,5.5,5,1.08,41.16,1.79
R02772,2026-09-01,Tue,BK-03,Old Mill,D02,V02,motorbike,Clear,2026-09-01 12:38:00,2026-09-01 17:22:56,25,25,0,25,100.0,45.7,46.9,2.6,17,1.41,33.19,2.37
R02773,2026-09-01,Tue,BK-05,Northgate,D03,V03,motorbike,Clear,2026-09-01 12:31:00,2026-09-01 18:02:52,28,26,2,24,92.3,40.0,41.8,4.5,0,1.02,41.04,1.69
R02774,2026-09-01,Tue,BK-02,Maple Heights,D04,V04,motorbike,Clear,2026-09-01 12:32:00,2026-09-01 17:27:46,25,25,0,25,100.0,46.9,50.4,7.5,10,1.37,36.75,2.3
R02775,2026-09-01,Tue,BK-06,Elm Park,D05,V05,motorbike,Clear,2026-09-01 07:39:00,2026-09-01 12:09:20,24,23,1,23,100.0,36.0,37.2,3.3,19,1.03,36.24,1.71
R02776,2026-09-01,Tue,BK-04,Riverside,D06,V06,motorbike,Clear,2026-09-01 07:39:00,2026-09-01 12:10:11,23,21,2,21,100.0,64.6,66.8,3.4,7,1.74,38.36,2.91
R02777,2026-09-01,Tue,BK-02,Maple Heights,D07,V07,motorbike,Clear,2026-09-01 07:35:00,2026-09-01 12:27:11,26,25,1,25,100.0,48.8,50.0,2.5,0,1.7,29.34,2.84
R02778,2026-09-01,Tue,BK-04,Riverside,D08,V08,motorbike,Clear,2026-09-01 07:35:00,2026-09-01 11:41:28,21,20,1,20,100.0,59.0,62.1,5.3,5,1.68,36.93,2.81
R02779,2026-09-01,Tue,BK-04,Riverside,D09,V09,motorbike,Clear,2026-09-01 12:36:00,2026-09-01 17:02:01,22,22,0,21,95.5,61.8,63.3,2.4,0,1.62,39.14,2.71
R02780,2026-09-01,Tue,BK-06,Elm Park,D10,V10,motorbike,Clear,2026-09-01 12:31:00,2026-09-01 17:36:54,26,24,2,24,100.0,39.0,39.8,2.1,44,1.28,31.09,2.12
R02781,2026-09-01,Tue,BK-02,Maple Heights,D11,V11,motorbike,Clear,2026-09-01 07:32:00,2026-09-01 12:08:04,23,23,0,20,87.0,43.1,44.2,2.6,26,1.24,35.65,2.09
R02782,2026-09-01,Tue,BK-05,Northgate,D12,V12,motorbike,Clear,2026-09-01 07:37:00,2026-09-01 13:20:01,29,27,2,24,88.9,41.4,45.3,9.4,0,1.29,35.04,2.16
R02783,2026-09-01,Tue,BK-01,Harbor Row,D13,V13,motorbike,Clear,2026-09-01 07:33:00,2026-09-01 11:37:33,21,20,1,20,100.0,38.0,39.1,2.9,54,1.28,30.59,2.14
R02784,2026-09-01,Tue,VN-03,Stonebridge,D15,V15,van,Clear,2026-09-01 07:32:00,2026-09-01 14:04:57,21,20,1,18,90.0,113.4,119.1,5.0,36,11.28,10.55,17.44
R02785,2026-09-01,Tue,VN-04,Lakeview,D16,V16,van,Clear,2026-09-01 07:33:00,2026-09-01 13:12:38,18,18,0,18,100.0,118.1,119.5,1.2,0,10.44,11.45,16.02
R02786,2026-09-01,Tue,VN-02,Brookfield,D17,V17,van,Clear,2026-09-01 07:40:00,2026-09-01 13:04:23,18,18,0,18,100.0,88.9,92.3,3.8,14,8.22,11.23,12.71
R02787,2026-09-01,Tue,VN-03,Stonebridge,D18,V18,van,Clear,2026-09-01 07:31:00,2026-09-01 13:01:45,18,18,0,18,100.0,97.2,101.2,4.1,12,9.34,10.84,14.24
R02788,2026-09-01,Tue,VN-01,Cedar Point,D19,V19,van,Clear,2026-09-01 07:36:00,2026-09-01 12:25:10,16,16,0,16,100.0,75.0,77.1,2.8,10,6.83,11.28,10.53
R02789,2026-09-01,Tue,VN-01,Cedar Point,D20,V20,van,Clear,2026-09-01 07:32:00,2026-09-01 12:05:09,15,15,0,15,100.0,70.3,70.4,0.1,27,6.68,10.54,10.19
R02790,2026-09-01,Tue,TR-03,Granite Hill,D21,V21,truck,Clear,2026-09-01 06:09:00,2026-09-01 16:49:51,13,13,0,12,92.3,273.0,282.2,3.4,71,79.8,3.54,122.45
R02791,2026-09-01,Tue,TR-01,Foundry District,D22,V22,truck,Clear,2026-09-01 06:03:00,2026-09-01 13:43:19,9,9,0,7,77.8,300.4,305.5,1.7,38,95.21,3.21,145.58
R02792,2026-09-01,Tue,TR-03,Granite Hill,D23,V23,truck,Clear,2026-09-01 06:08:00,2026-09-01 15:24:21,11,10,1,8,80.0,231.0,244.0,5.6,0,65.67,3.72,100.79
R02793,2026-09-01,Tue,TR-02,Westfield,D24,V24,truck,Clear,2026-09-01 06:10:00,2026-09-01 14:00:22,9,9,0,7,77.8,308.2,321.6,4.3,39,90.87,3.54,140.14
R02794,2026-09-02,Wed,BK-04,Riverside,D01,V01,motorbike,Clear,2026-09-02 12:33:00,2026-09-02 16:25:28,20,20,0,20,100.0,56.2,58.5,4.1,8,1.45,40.36,2.4
R02795,2026-09-02,Wed,BK-05,Northgate,D02,V02,motorbike,Clear,2026-09-02 12:38:00,2026-09-02 17:48:37,27,26,1,26,100.0,38.6,38.8,0.5,0,1.04,37.14,1.74
R02796,2026-09-02,Wed,BK-02,Maple Heights,D03,V03,motorbike,Clear,2026-09-02 12:33:00,2026-09-02 17:09:44,23,23,0,22,95.7,43.1,44.1,2.3,0,1.08,40.88,1.79
R02797,2026-09-02,Wed,BK-02,Maple Heights,D04,V04,motorbike,Clear,2026-09-02 12:39:00,2026-09-02 17:47:00,26,26,0,24,92.3,48.8,50.3,3.1,0,1.33,37.82,2.22
R02798,2026-09-02,Wed,BK-04,Riverside,D05,V05,motorbike,Clear,2026-09-02 07:40:00,2026-09-02 11:49:12,22,22,0,22,100.0,61.8,63.7,3.1,9,1.58,40.27,2.67
R02799,2026-09-02,Wed,BK-05,Northgate,D06,V06,motorbike,Clear,2026-09-02 07:38:00,2026-09-02 13:24:58,29,28,1,27,96.4,41.4,42.1,1.7,0,1.17,36.08,1.96
R02800,2026-09-02,Wed,BK-04,Riverside,D07,V07,motorbike,Clear,2026-09-02 07:34:00,2026-09-02 12:11:28,23,22,1,17,77.3,64.6,65.9,2.0,30,2.46,26.74,4.13
R02801,2026-09-02,Wed,BK-03,Old Mill,D08,V08,motorbike,Clear,2026-09-02 07:36:00,2026-09-02 12:13:30,24,24,0,24,100.0,43.8,46.1,5.3,14,1.32,34.91,2.2
R02802,2026-09-02,Wed,BK-04,Riverside,D09,V09,motorbike,Clear,2026-09-02 12:40:00,2026-09-02 17:17:04,23,21,2,21,100.0,64.6,66.1,2.3,0,1.71,38.7,2.84
R02803,2026-09-02,Wed,BK-02,Maple Heights,D10,V10,motorbike,Clear,2026-09-02 12:32:00,2026-09-02 17:12:35,23,23,0,18,78.3,43.1,44.9,4.2,9,1.22,36.81,2.05
R02804,2026-09-02,Wed,BK-03,Old Mill,D11,V11,motorbike,Clear,2026-09-02 07:30:00,2026-09-02 11:49:24,22,20,2,20,100.0,40.2,42.6,6.0,11,1.08,39.29,1.8
R02805,2026-09-02,Wed,BK-04,Riverside,D12,V12,motorbike,Clear,2026-09-02 07:32:00,2026-09-02 11:08:00,19,19,0,19,100.0,53.4,58.3,9.2,0,1.73,33.79,2.87
R02806,2026-09-02,Wed,BK-06,Elm Park,D13,V13,motorbike,Clear,2026-09-02 07:37:00,2026-09-02 12:32:49,25,22,3,21,95.5,37.5,38.3,2.1,24,1.08,35.34,1.81
R02807,2026-09-02,Wed,BK-04,Riverside,D14,V14,motorbike,Clear,2026-09-02 12:38:00,2026-09-02 17:02:44,22,22,0,20,90.9,61.8,64.4,4.2,8,1.67,38.65,2.76
R02808,2026-09-02,Wed,VN-04,Lakeview,D15,V15,van,Clear,2026-09-02 07:31:00,2026-09-02 12:17:03,15,13,2,10,76.9,98.4,100.8,2.4,23,9.28,10.86,14.28
R02809,2026-09-02,Wed,VN-01,Cedar Point,D16,V16,van,Clear,2026-09-02 07:32:00,2026-09-02 12:24:44,16,15,1,15,100.0,75.0,73.5,-2.0,0,6.35,11.58,9.72
R02810,2026-09-02,Wed,VN-04,Lakeview,D17,V17,van,Clear,2026-09-02 07:33:00,2026-09-02 12:22:56,16,14,2,14,100.0,105.0,104.9,-0.1,24,9.55,10.98,14.57
R02811,2026-09-02,Wed,VN-03,Stonebridge,D18,V18,van,Clear,2026-09-02 07:39:00,2026-09-02 13:16:00,19,19,0,19,100.0,102.6,107.1,4.4,17,9.88,10.84,15.18
R02812,2026-09-02,Wed,VN-03,Stonebridge,D19,V19,van,Clear,2026-09-02 07:36:00,2026-09-02 14:21:39,22,21,1,20,95.2,118.8,124.2,4.5,44,11.88,10.46,18.19
R02813,2026-09-02,Wed,VN-03,Stonebridge,D20,V20,van,Clear,2026-09-02 07:31:00,2026-09-02 13:58:47,21,21,0,20,95.2,113.4,116.8,3.0,24,10.9,10.72,16.64
R02814,2026-09-02,Wed,TR-03,Granite Hill,D21,V21,truck,Clear,2026-09-02 06:05:00,2026-09-02 14:43:25,10,9,1,6,66.7,210.0,219.0,4.3,9,61.77,3.55,94.83
R02815,2026-09-02,Wed,TR-01,Foundry District,D22,V22,truck,Clear,2026-09-02 06:10:00,2026-09-02 14:42:58,10,8,2,8,100.0,333.8,339.4,1.7,30,106.35,3.19,163.81
R02816,2026-09-02,Wed,TR-02,Westfield,D23,V23,truck,Clear,2026-09-02 06:07:00,2026-09-02 14:30:01,10,9,1,9,100.0,342.5,348.7,1.8,61,92.1,3.79,140.0
R02817,2026-09-02,Wed,TR-01,Foundry District,D24,V24,truck,Clear,2026-09-02 06:08:00,2026-09-02 13:07:37,8,7,1,5,71.4,267.0,274.8,2.9,27,76.72,3.58,117.81
R02818,2026-09-03,Thu,BK-04,Riverside,D01,V01,motorbike,Clear,2026-09-03 12:33:00,2026-09-03 16:23:08,19,19,0,19,100.0,53.4,55.5,3.9,25,1.46,38.01,2.43
R02819,2026-09-03,Thu,BK-04,Riverside,D02,V02,motorbike,Clear,2026-09-03 12:34:00,2026-09-03 16:39:55,21,20,1,20,100.0,59.0,60.7,2.9,0,1.71,35.45,2.89
R02820,2026-09-03,Thu,BK-05,Northgate,D03,V03,motorbike,Clear,2026-09-03 12:37:00,2026-09-03 17:54:01,26,26,0,13,50.0,37.1,39.6,6.7,16,1.06,37.25,1.78
R02821,2026-09-03,Thu,BK-05,Northgate,D04,V04,motorbike,Clear,2026-09-03 12:38:00,2026-09-03 18:06:34,28,26,2,23,88.5,40.0,41.4,3.5,7,1.09,38.08,1.8
R02822,2026-09-03,Thu,BK-06,Elm Park,D05,V05,motorbike,Clear,2026-09-03 07:37:00,2026-09-03 12:31:55,26,25,1,25,100.0,39.0,39.5,1.3,8,1.05,37.77,1.74
R02823,2026-09-03,Thu,BK-01,Harbor Row,D06,V06,motorbike,Clear,2026-09-03 07:34:00,2026-09-03 11:59:25,22,20,2,18,90.0,39.8,41.0,3.0,28,1.2,34.11,2.0
R02824,2026-09-03,Thu,BK-05,Northgate,D07,V07,motorbike,Clear,2026-09-03 07:33:00,2026-09-03 12:48:42,27,26,1,26,100.0,38.6,39.8,3.1,17,1.48,26.92,2.46
R02825,2026-09-03,Thu,BK-04,Riverside,D08,V08,motorbike,Clear,2026-09-03 07:34:00,2026-09-03 11:50:01,22,22,0,22,100.0,61.8,64.9,5.0,0,1.66,39.12,2.77
R02826,2026-09-03,Thu,BK-06,Elm Park,D09,V09,motorbike,Clear,2026-09-03 12:33:00,2026-09-03 17:31:45,25,24,1,20,83.3,37.5,37.8,0.8,9,1.01,37.32,1.7
R02827,2026-09-03,Thu,BK-04,Riverside,D10,V10,motorbike,Clear,2026-09-03 12:40:00,2026-09-03 16:52:22,21,21,0,21,100.0,59.0,60.1,1.9,37,1.87,32.21,3.11
R02828,2026-09-03,Thu,BK-04,Riverside,D11,V11,motorbike,Clear,2026-09-03 07:36:00,2026-09-03 12:10:07,23,23,0,22,95.7,64.6,67.1,3.9,9,1.67,40.18,2.8
R02829,2026-09-03,Thu,BK-02,Maple Heights,D12,V12,motorbike,Clear,2026-09-03 07:38:00,2026-09-03 12:32:25,25,25,0,25,100.0,46.9,51.1,9.0,44,1.75,29.25,2.94
R02830,2026-09-03,Thu,BK-02,Maple Heights,D13,V13,motorbike,Clear,2026-09-03 07:36:00,2026-09-03 12:41:18,26,23,3,23,100.0,48.8,51.2,4.9,11,1.33,38.35,2.25
R02831,2026-09-03,Thu,BK-05,Northgate,D14,V14,motorbike,Clear,2026-09-03 12:31:00,2026-09-03 17:47:52,27,25,2,24,96.0,38.6,39.7,2.8,9,1.11,35.62,1.86
R02832,2026-09-03,Thu,VN-04,Lakeview,D15,V15,van,Clear,2026-09-03 07:34:00,2026-09-03 12:31:31,16,16,0,16,100.0,105.0,108.1,3.0,32,10.29,10.5,15.77
R02833,2026-09-03,Thu,VN-03,Stonebridge,D16,V16,van,Clear,2026-09-03 07:30:00,2026-09-03 13:39:56,20,19,1,19,100.0,108.0,110.0,1.9,17,9.88,11.13,14.97
R02834,2026-09-03,Thu,VN-02,Brookfield,D17,V17,van,Clear,2026-09-03 07:40:00,2026-09-03 12:51:27,17,16,1,16,100.0,84.0,87.3,3.9,50,8.48,10.29,13.17
R02835,2026-09-03,Thu,VN-04,Lakeview,D18,V18,van,Clear,2026-09-03 07:36:00,2026-09-03 11:59:45,14,13,1,13,100.0,91.9,94.1,2.4,31,8.76,10.74,13.43
R02836,2026-09-03,Thu,VN-02,Brookfield,D19,V19,van,Clear,2026-09-03 07:33:00,2026-09-03 13:15:49,19,18,1,18,100.0,93.9,94.6,0.7,18,8.39,11.28,12.95
R02837,2026-09-03,Thu,VN-01,Cedar Point,D20,V20,van,Clear,2026-09-03 07:30:00,2026-09-03 12:53:26,17,17,0,14,82.4,79.7,81.8,2.6,22,7.59,10.78,11.64
R02838,2026-09-03,Thu,TR-02,Westfield,D21,V21,truck,Clear,2026-09-03 06:04:00,2026-09-03 11:28:23,6,5,1,5,100.0,205.5,210.2,2.3,59,59.32,3.54,90.89
R02839,2026-09-03,Thu,TR-01,Foundry District,D22,V22,truck,Clear,2026-09-03 06:08:00,2026-09-03 13:47:30,9,7,2,7,100.0,300.4,311.7,3.8,15,92.77,3.36,143.71
R02840,2026-09-03,Thu,TR-03,Granite Hill,D23,V23,truck,Clear,2026-09-03 06:10:00,2026-09-03 16:11:47,12,12,0,11,91.7,252.0,256.4,1.7,23,66.11,3.88,101.9
R02841,2026-09-03,Thu,TR-01,Foundry District,D24,V24,truck,Clear,2026-09-03 06:00:00,2026-09-03 12:14:38,7,6,1,6,100.0,233.6,238.3,2.0,0,62.95,3.79,96.72
R02842,2026-09-04,Fri,BK-03,Old Mill,D01,V01,motorbike,Clear,2026-09-04 12:34:00,2026-09-04 16:48:50,22,22,0,22,100.0,40.2,41.6,3.5,38,1.22,34.11,2.05
R02843,2026-09-04,Fri,BK-05,Northgate,D02,V02,motorbike,Clear,2026-09-04 12:33:00,2026-09-04 17:56:52,27,27,0,27,100.0,38.6,40.9,6.0,6,1.19,34.4,1.99
R02844,2026-09-04,Fri,BK-03,Old Mill,D03,V03,motorbike,Clear,2026-09-04 12:30:00,2026-09-04 16:53:43,22,21,1,20,95.2,40.2,42.6,6.0,11,1.1,38.81,1.85
R02845,2026-09-04,Fri,BK-06,Elm Park,D04,V04,motorbike,Clear,2026-09-04 12:30:00,2026-09-04 17:34:24,26,26,0,26,100.0,39.0,40.5,3.8,33,1.21,33.46,2.02
R02846,2026-09-04,Fri,BK-05,Northgate,D05,V05,motorbike,Clear,2026-09-04 07:31:00,2026-09-04 13:06:39,29,27,2,27,100.0,41.4,43.3,4.6,11,1.1,39.41,1.85
R02847,2026-09-04,Fri,BK-03,Old Mill,D06,V06,motorbike,Clear,2026-09-04 07:35:00,2026-09-04 12:28:45,25,25,0,25,100.0,45.7,46.0,0.7,0,1.3,35.3,2.19
R02848,2026-09-04,Fri,BK-05,Northgate,D07,V07,motorbike,Clear,2026-09-04 07:34:00,2026-09-04 12:53:15,27,25,2,24,96.0,38.6,40.3,4.4,9,1.41,28.49,2.38
R02849,2026-09-04,Fri,BK-04,Riverside,D08,V08,motorbike,Clear,2026-09-04 07:37:00,2026-09-04 11:40:35,20,20,0,19,95.0,56.2,58.4,3.9,11,1.62,36.03,2.68
R02850,2026-09-04,Fri,BK-04,Riverside,D09,V09,motorbike,Clear,2026-09-04 12:33:00,2026-09-04 16:25:56,19,19,0,18,94.7,53.4,53.7,0.6,27,1.53,35.13,2.56
R02851,2026-09-04,Fri,BK-04,Riverside,D10,V10,motorbike,Clear,2026-09-04 12:36:00,2026-09-04 17:06:09,23,23,0,23,100.0,64.6,65.4,1.2,7,1.72,38.04,2.88
R02852,2026-09-04,Fri,BK-03,Old Mill,D11,V11,motorbike,Clear,2026-09-04 07:35:00,2026-09-04 12:05:07,23,21,2,21,100.0,42.0,43.8,4.3,17,1.1,39.95,1.85
R02853,2026-09-04,Fri,BK-03,Old Mill,D12,V12,motorbike,Clear,2026-09-04 07:38:00,2026-09-04 12:19:02,24,22,2,22,100.0,43.8,48.7,11.2,0,1.38,35.27,2.29
R02854,2026-09-04,Fri,BK-02,Maple Heights,D14,V14,motorbike,Clear,2026-09-04 12:39:00,2026-09-04 17:16:48,24,22,2,22,100.0,45.0,46.0,2.2,0,1.17,39.19,1.97
R02855,2026-09-04,Fri,VN-03,Stonebridge,D15,V15,van,Clear,2026-09-04 07:34:00,2026-09-04 13:02:55,18,17,1,17,100.0,97.2,98.0,0.8,30,9.13,10.73,14.26
R02856,2026-09-04,Fri,VN-03,Stonebridge,D16,V16,van,Clear,2026-09-04 07:35:00,2026-09-04 13:06:02,18,17,1,17,100.0,97.2,97.1,-0.1,12,8.91,10.9,13.53
R02857,2026-09-04,Fri,VN-03,Stonebridge,D17,V17,van,Clear,2026-09-04 07:31:00,2026-09-04 12:55:27,18,18,0,18,100.0,97.2,96.2,-1.0,27,8.89,10.82,13.77
R02858,2026-09-04,Fri,VN-04,Lakeview,D19,V19,van,Clear,2026-09-04 07:37:00,2026-09-04 12:12:08,15,15,0,15,100.0,98.4,103.5,5.2,16,9.22,11.22,14.38
R02859,2026-09-04,Fri,VN-01,Cedar Point,D20,V20,van,Clear,2026-09-04 07:38:00,2026-09-04 12:20:38,15,14,1,14,100.0,70.3,73.1,4.0,5,6.65,11.0,10.2
R02860,2026-09-04,Fri,TR-01,Foundry District,D21,V21,truck,Clear,2026-09-04 06:10:00,2026-09-04 14:39:23,10,10,0,10,100.0,333.8,342.4,2.6,44,95.57,3.58,147.01
R02861,2026-09-04,Fri,TR-01,Foundry District,D22,V22,truck,Clear,2026-09-04 06:06:00,2026-09-04 11:34:44,6,6,0,6,100.0,200.2,207.0,3.4,0,62.42,3.32,94.83
R02862,2026-09-04,Fri,TR-01,Foundry District,D23,V23,truck,Clear,2026-09-04 06:00:00,2026-09-04 13:33:52,9,9,0,8,88.9,300.4,304.9,1.5,14,80.3,3.8,125.09
R02863,2026-09-04,Fri,TR-01,Foundry District,D24,V24,truck,Clear,2026-09-04 06:02:00,2026-09-04 14:30:03,10,10,0,10,100.0,333.8,348.1,4.3,51,99.54,3.5,154.72
R02864,2026-09-05,Sat,BK-06,Elm Park,D01,V01,motorbike,Clear,2026-09-05 12:40:00,2026-09-05 17:51:40,27,27,0,27,100.0,40.5,42.7,5.4,0,1.0,42.72,1.67
R02865,2026-09-05,Sat,BK-01,Harbor Row,D03,V03,motorbike,Clear,2026-09-05 12:32:00,2026-09-05 16:23:46,19,18,1,16,88.9,34.4,36.1,4.9,0,0.91,39.77,1.52
R02866,2026-09-05,Sat,BK-06,Elm Park,D05,V05,motorbike,Clear,2026-09-05 07:38:00,2026-09-05 12:36:59,26,24,2,24,100.0,39.0,39.4,1.0,32,1.18,33.47,1.97
R02867,2026-09-05,Sat,BK-01,Harbor Row,D07,V07,motorbike,Clear,2026-09-05 07:36:00,2026-09-05 12:04:11,23,21,2,21,100.0,41.6,42.8,2.9,28,1.61,26.62,2.7
R02868,2026-09-05,Sat,BK-02,Maple Heights,D09,V09,motorbike,Clear,2026-09-05 12:30:00,2026-09-05 17:07:14,23,22,1,21,95.5,43.1,43.2,0.2,31,1.27,33.95,2.16
R02869,2026-09-05,Sat,BK-03,Old Mill,D11,V11,motorbike,Clear,2026-09-05 07:34:00,2026-09-05 11:38:44,21,21,0,21,100.0,38.3,39.3,2.6,0,1.0,39.13,1.7
R02870,2026-09-05,Sat,BK-05,Northgate,D13,V13,motorbike,Clear,2026-09-05 07:33:00,2026-09-05 13:24:53,29,29,0,24,82.8,41.4,42.5,2.7,5,1.07,39.65,1.81
R02871,2026-09-05,Sat,VN-03,Stonebridge,D15,V15,van,Clear,2026-09-05 07:31:00,2026-09-05 13:26:49,19,16,3,11,68.8,102.6,103.8,1.2,12,9.91,10.47,15.28
R02872,2026-09-05,Sat,VN-01,Cedar Point,D17,V17,van,Clear,2026-09-05 07:33:00,2026-09-05 13:06:31,18,17,1,16,94.1,84.4,85.7,1.5,0,7.7,11.14,11.76
R02873,2026-09-05,Sat,VN-02,Brookfield,D19,V19,van,Clear,2026-09-05 07:31:00,2026-09-05 13:07:23,18,18,0,17,94.4,88.9,92.5,4.0,41,8.75,10.57,13.54
R02874,2026-09-05,Sat,TR-02,Westfield,D21,V21,truck,Clear,2026-09-05 06:00:00,2026-09-05 11:29:18,6,6,0,5,83.3,205.5,210.8,2.6,54,61.29,3.44,94.13
R02875,2026-09-05,Sat,TR-02,Westfield,D23,V23,truck,Clear,2026-09-05 06:08:00,2026-09-05 12:17:31,7,7,0,7,100.0,239.8,248.0,3.4,0,66.99,3.7,103.05
R02876,2026-09-07,Mon,BK-06,Elm Park,D01,V01,motorbike,Rain,2026-09-07 12:36:00,2026-09-07 18:11:06,28,24,4,23,95.8,42.0,45.2,7.6,9,1.19,38.09,1.97
R02877,2026-09-07,Mon,BK-04,Riverside,D02,V02,motorbike,Rain,2026-09-07 12:38:00,2026-09-07 16:45:29,21,20,1,20,100.0,59.0,62.7,6.3,16,1.91,32.81,3.19
R02878,2026-09-07,Mon,BK-04,Riverside,D03,V03,motorbike,Rain,2026-09-07 12:34:00,2026-09-07 16:42:52,20,19,1,7,36.8,56.2,60.6,7.8,0,1.51,40.22,2.56
R02879,2026-09-07,Mon,BK-06,Elm Park,D04,V04,motorbike,Rain,2026-09-07 12:34:00,2026-09-07 17:55:19,27,27,0,24,88.9,40.5,43.9,8.4,10,1.28,34.21,2.15
R02880,2026-09-07,Mon,BK-06,Elm Park,D05,V05,motorbike,Rain,2026-09-07 07:36:00,2026-09-07 12:28:05,24,21,3,17,81.0,36.0,37.9,5.3,22,1.1,34.49,1.85
R02881,2026-09-07,Mon,BK-05,Northgate,D06,V06,motorbike,Rain,2026-09-07 07:39:00,2026-09-07 13:03:01,27,26,1,22,84.6,38.6,40.7,5.4,49,1.41,28.89,2.35
R02882,2026-09-07,Mon,BK-06,Elm Park,D07,V07,motorbike,Rain,2026-09-07 07:40:00,2026-09-07 13:06:47,28,28,0,27,96.4,42.0,44.5,6.0,0,1.59,28.07,2.65
R02883,2026-09-07,Mon,BK-05,Northgate,D08,V08,motorbike,Rain,2026-09-07 07:37:00,2026-09-07 13:03:32,28,28,0,28,100.0,40.0,42.8,7.0,0,1.12,38.14,1.89
R02884,2026-09-07,Mon,BK-04,Riverside,D09,V09,motorbike,Rain,2026-09-07 12:33:00,2026-09-07 16:48:51,21,19,2,17,89.5,59.0,62.4,5.8,0,1.67,37.31,2.81
R02885,2026-09-07,Mon,BK-02,Maple Heights,D10,V10,motorbike,Rain,2026-09-07 12:33:00,2026-09-07 17:34:58,25,24,1,15,62.5,46.9,49.1,4.7,9,1.37,35.91,2.32
R02886,2026-09-07,Mon,BK-01,Harbor Row,D11,V11,motorbike,Rain,2026-09-07 07:37:00,2026-09-07 11:52:31,21,19,2,15,78.9,38.0,40.6,6.8,9,1.09,37.13,1.83
R02887,2026-09-07,Mon,BK-04,Riverside,D12,V12,motorbike,Rain,2026-09-07 07:33:00,2026-09-07 11:41:18,21,19,2,19,100.0,59.0,65.7,11.4,28,2.06,31.86,3.45
R02888,2026-09-07,Mon,BK-01,Harbor Row,D13,V13,motorbike,Rain,2026-09-07 07:33:00,2026-09-07 11:56:17,23,20,3,20,100.0,41.6,43.7,5.0,27,1.24,35.11,2.1
R02889,2026-09-07,Mon,BK-01,Harbor Row,D14,V14,motorbike,Rain,2026-09-07 12:30:00,2026-09-07 16:10:13,19,18,1,18,100.0,34.4,37.1,7.8,7,1.02,36.45,1.71
R02890,2026-09-07,Mon,VN-04,Lakeview,D15,V15,van,Rain,2026-09-07 07:33:00,2026-09-07 12:33:18,16,16,0,16,100.0,105.0,111.8,6.5,6,10.72,10.43,16.62
R02891,2026-09-07,Mon,VN-02,Brookfield,D16,V16,van,Rain,2026-09-07 07:39:00,2026-09-07 13:30:29,19,19,0,19,100.0,93.9,95.7,1.9,0,8.84,10.83,13.63
R02892,2026-09-07,Mon,VN-03,Stonebridge,D17,V17,van,Rain,2026-09-07 07:38:00,2026-09-07 13:10:17,18,17,1,17,100.0,97.2,100.7,3.6,17,9.66,10.43,15.06
R02893,2026-09-07,Mon,VN-04,Lakeview,D18,V18,van,Rain,2026-09-07 07:39:00,2026-09-07 13:04:20,18,18,0,18,100.0,118.1,126.2,6.9,32,11.92,10.58,18.36
R02894,2026-09-07,Mon,VN-02,Brookfield,D20,V20,van,Rain,2026-09-07 07:37:00,2026-09-07 12:52:33,17,17,0,17,100.0,84.0,87.7,4.4,9,8.37,10.48,12.99
R02895,2026-09-07,Mon,TR-01,Foundry District,D21,V21,truck,Rain,2026-09-07 06:03:00,2026-09-07 13:02:46,8,8,0,8,100.0,267.0,281.5,5.4,171,84.06,3.35,129.63
R02896,2026-09-07,Mon,TR-03,Granite Hill,D22,V22,truck,Rain,2026-09-07 06:10:00,2026-09-07 17:00:49,13,12,1,6,50.0,273.0,281.4,3.1,0,86.56,3.25,133.29
R02897,2026-09-07,Mon,TR-01,Foundry District,D23,V23,truck,Rain,2026-09-07 06:07:00,2026-09-07 12:21:56,7,7,0,6,85.7,233.6,245.4,5.1,79,71.85,3.42,110.86
R02898,2026-09-07,Mon,TR-02,Westfield,D24,V24,truck,Rain,2026-09-07 06:04:00,2026-09-07 11:34:28,6,6,0,4,66.7,205.5,213.0,3.6,47,63.83,3.34,97.54
R02899,2026-09-08,Tue,BK-04,Riverside,D01,V01,motorbike,Clear,2026-09-08 12:34:00,2026-09-08 17:07:29,23,22,1,20,90.9,64.6,66.9,3.6,13,1.69,39.57,2.82
R02900,2026-09-08,Tue,BK-06,Elm Park,D02,V02,motorbike,Clear,2026-09-08 12:38:00,2026-09-08 18:06:04,28,27,1,26,96.3,42.0,42.9,2.1,0,1.24,34.68,2.07
R02901,2026-09-08,Tue,BK-01,Harbor Row,D03,V03,motorbike,Clear,2026-09-08 12:34:00,2026-09-08 17:10:17,23,21,2,18,85.7,41.6,42.7,2.6,0,1.05,40.54,1.77
R02902,2026-09-08,Tue,BK-03,Old Mill,D04,V04,motorbike,Clear,2026-09-08 12:37:00,2026-09-08 17:29:59,25,25,0,25,100.0,45.7,48.6,6.3,0,1.28,38.08,2.17
R02903,2026-09-08,Tue,BK-06,Elm Park,D05,V05,motorbike,Clear,2026-09-08 07:32:00,2026-09-08 12:34:31,26,26,0,26,100.0,39.0,40.9,4.9,22,1.18,34.63,1.99
R02904,2026-09-08,Tue,BK-05,Northgate,D07,V07,motorbike,Clear,2026-09-08 07:33:00,2026-09-08 12:35:42,26,24,2,24,100.0,37.1,38.2,3.0,0,1.25,30.45,2.11
R02905,2026-09-08,Tue,BK-03,Old Mill,D08,V08,motorbike,Clear,2026-09-08 07:35:00,2026-09-08 12:13:43,24,23,1,23,100.0,43.8,46.6,6.4,52,1.5,31.12,2.52
R02906,2026-09-08,Tue,BK-02,Maple Heights,D09,V09,motorbike,Clear,2026-09-08 12:31:00,2026-09-08 17:08:51,24,22,2,22,100.0,45.0,47.2,4.9,0,1.19,39.7,2.01
R02907,2026-09-08,Tue,BK-03,Old Mill,D10,V10,motorbike,Clear,2026-09-08 12:36:00,2026-09-08 17:17:46,24,24,0,23,95.8,43.8,45.0,2.7,16,1.25,36.01,2.1
R02908,2026-09-08,Tue,BK-03,Old Mill,D12,V12,motorbike,Clear,2026-09-08 07:39:00,2026-09-08 12:27:58,25,24,1,24,100.0,45.7,51.1,11.8,34,1.71,29.85,2.87
R02909,2026-09-08,Tue,BK-01,Harbor Row,D13,V13,motorbike,Clear,2026-09-08 07:40:00,2026-09-08 11:49:14,21,21,0,20,95.2,38.0,39.5,3.9,5,0.96,40.97,1.63
R02910,2026-09-08,Tue,BK-02,Maple Heights,D14,V14,motorbike,Clear,2026-09-08 12:33:00,2026-09-08 17:08:58,23,23,0,21,91.3,43.1,44.7,3.7,0,1.13,39.54,1.88
R02911,2026-09-08,Tue,VN-04,Lakeview,D15,V15,van,Clear,2026-09-08 07:39:00,2026-09-08 13:19:12,18,17,1,15,88.2,118.1,120.4,1.9,17,11.26,10.69,17.56
R02912,2026-09-08,Tue,VN-01,Cedar Point,D16,V16,van,Clear,2026-09-08 07:36:00,2026-09-08 12:48:36,17,17,0,17,100.0,79.7,81.7,2.5,0,7.22,11.32,11.19
R02913,2026-09-08,Tue,VN-04,Lakeview,D17,V17,van,Clear,2026-09-08 07:34:00,2026-09-08 12:34:32,16,15,1,15,100.0,105.0,105.8,0.8,8,9.49,11.14,14.71
R02914,2026-09-08,Tue,VN-02,Brookfield,D18,V18,van,Clear,2026-09-08 07:35:00,2026-09-08 12:15:49,15,15,0,15,100.0,74.1,78.1,5.4,0,7.37,10.6,11.38
R02915,2026-09-08,Tue,VN-04,Lakeview,D20,V20,van,Clear,2026-09-08 07:30:00,2026-09-08 12:28:27,16,16,0,16,100.0,105.0,108.8,3.6,22,9.87,11.02,15.25
R02916,2026-09-08,Tue,TR-02,Westfield,D21,V21,truck,Clear,2026-09-08 06:04:00,2026-09-08 14:25:54,10,9,1,9,100.0,342.5,343.7,0.4,74,99.26,3.46,155.5
R02917,2026-09-08,Tue,TR-03,Granite Hill,D22,V22,truck,Clear,2026-09-08 06:03:00,2026-09-08 15:22:12,11,11,0,10,90.9,231.0,237.0,2.6,21,67.73,3.5,105.17
R02918,2026-09-08,Tue,TR-03,Granite Hill,D23,V23,truck,Clear,2026-09-08 06:06:00,2026-09-08 13:42:45,9,9,0,9,100.0,189.0,192.1,1.6,0,50.24,3.82,78.24
R02919,2026-09-08,Tue,TR-03,Granite Hill,D24,V24,truck,Clear,2026-09-08 06:04:00,2026-09-08 13:44:38,9,9,0,7,77.8,189.0,195.8,3.6,22,55.12,3.55,84.11
R02920,2026-09-09,Wed,BK-02,Maple Heights,D01,V01,motorbike,Clear,2026-09-09 12:34:00,2026-09-09 16:53:39,22,22,0,22,100.0,41.2,42.3,2.7,23,1.1,38.59,1.84
R02921,2026-09-09,Wed,BK-05,Northgate,D02,V02,motorbike,Clear,2026-09-09 12:36:00,2026-09-09 18:05:44,28,27,1,27,100.0,40.0,42.2,5.5,0,1.2,35.03,2.03
R02922,2026-09-09,Wed,BK-04,Riverside,D03,V03,motorbike,Clear,2026-09-09 12:37:00,2026-09-09 17:09:01,23,22,1,22,100.0,64.6,67.2,4.0,15,1.73,38.91,2.91
R02923,2026-09-09,Wed,BK-04,Riverside,D04,V04,motorbike,Clear,2026-09-09 12:33:00,2026-09-09 16:38:40,21,20,1,20,100.0,59.0,61.8,4.7,17,1.75,35.24,2.94
R02924,2026-09-09,Wed,BK-01,Harbor Row,D05,V05,motorbike,Clear,2026-09-09 07:31:00,2026-09-09 11:36:04,21,21,0,21,100.0,38.0,38.7,1.8,19,1.03,37.43,1.74
R02925,2026-09-09,Wed,BK-03,Old Mill,D06,V06,motorbike,Clear,2026-09-09 07:38:00,2026-09-09 12:01:43,22,19,3,19,100.0,40.2,41.4,3.0,21,1.27,32.56,2.15
R02926,2026-09-09,Wed,BK-05,Northgate,D07,V07,motorbike,Clear,2026-09-09 07:38:00,2026-09-09 12:54:48,26,26,0,22,84.6,37.1,37.7,1.6,0,1.28,29.48,2.16
R02927,2026-09-09,Wed,BK-04,Riverside,D08,V08,motorbike,Clear,2026-09-09 07:40:00,2026-09-09 11:50:51,22,22,0,22,100.0,61.8,63.4,2.6,0,1.71,37.18,2.88
R02928,2026-09-09,Wed,BK-02,Maple Heights,D09,V09,motorbike,Clear,2026-09-09 12:32:00,2026-09-09 17:14:46,23,22,1,22,100.0,43.1,44.8,3.9,0,1.17,38.16,2.0
R02929,2026-09-09,Wed,BK-05,Northgate,D10,V10,motorbike,Clear,2026-09-09 12:37:00,2026-09-09 17:58:05,27,26,1,23,88.5,38.6,40.4,4.7,12,1.13,35.78,1.89
R02930,2026-09-09,Wed,BK-05,Northgate,D11,V11,motorbike,Clear,2026-09-09 07:36:00,2026-09-09 13:28:54,30,30,0,26,86.7,42.9,45.3,5.6,18,1.25,36.38,2.1
R02931,2026-09-09,Wed,BK-04,Riverside,D12,V12,motorbike,Clear,2026-09-09 07:34:00,2026-09-09 11:40:41,21,18,3,18,100.0,59.0,64.9,10.0,7,1.92,33.73,3.22
R02932,2026-09-09,Wed,BK-06,Elm Park,D13,V13,motorbike,Clear,2026-09-09 07:35:00,2026-09-09 12:19:29,25,24,1,24,100.0,37.5,38.3,2.1,11,1.0,38.22,1.69
R02933,2026-09-09,Wed,BK-03,Old Mill,D14,V14,motorbike,Clear,2026-09-09 12:39:00,2026-09-09 16:37:37,21,20,1,20,100.0,38.3,40.3,5.2,42,1.23,32.63,2.09
R02934,2026-09-09,Wed,VN-02,Brookfield,D15,V15,van,Clear,2026-09-09 07:37:00,2026-09-09 12:18:35,15,14,1,14,100.0,74.1,76.8,3.6,11,7.07,10.86,10.97
R02935,2026-09-09,Wed,VN-03,Stonebridge,D16,V16,van,Clear,2026-09-09 07:39:00,2026-09-09 13:16:56,18,18,0,15,83.3,97.2,99.9,2.8,0,8.41,11.88,12.8
R02936,2026-09-09,Wed,VN-03,Stonebridge,D17,V17,van,Clear,2026-09-09 07:30:00,2026-09-09 13:50:16,21,20,1,20,100.0,113.4,115.8,2.1,18,10.8,10.72,16.73
R02937,2026-09-09,Wed,VN-01,Cedar Point,D19,V19,van,Clear,2026-09-09 07:30:00,2026-09-09 12:44:21,17,16,1,16,100.0,79.7,83.5,4.8,0,7.33,11.39,11.35
R02938,2026-09-09,Wed,VN-03,Stonebridge,D20,V20,van,Clear,2026-09-09 07:40:00,2026-09-09 13:14:26,18,18,0,17,94.4,97.2,97.5,0.3,0,8.65,11.27,13.53
R02939,2026-09-09,Wed,TR-01,Foundry District,D21,V21,truck,Clear,2026-09-09 06:08:00,2026-09-09 12:17:33,7,7,0,7,100.0,233.6,239.7,2.6,123,73.26,3.27,113.76
R02940,2026-09-09,Wed,TR-01,Foundry District,D22,V22,truck,Clear,2026-09-09 06:04:00,2026-09-09 13:01:55,8,6,2,6,100.0,267.0,274.5,2.8,55,80.28,3.42,122.99
R02941,2026-09-09,Wed,TR-02,Westfield,D23,V23,truck,Clear,2026-09-09 06:09:00,2026-09-09 14:33:50,10,10,0,10,100.0,342.5,360.3,5.2,0,96.48,3.73,149.1
R02942,2026-09-09,Wed,TR-01,Foundry District,D24,V24,truck,Clear,2026-09-09 06:05:00,2026-09-09 14:37:28,10,10,0,8,80.0,333.8,337.3,1.0,0,92.42,3.65,142.78
R02943,2026-09-10,Thu,BK-03,Old Mill,D01,V01,motorbike,Clear,2026-09-10 12:33:00,2026-09-10 16:44:39,22,22,0,19,86.4,40.2,42.0,4.5,0,1.08,38.91,1.85
R02944,2026-09-10,Thu,BK-04,Riverside,D02,V02,motorbike,Clear,2026-09-10 12:36:00,2026-09-10 16:22:45,19,19,0,19,100.0,53.4,54.3,1.7,0,1.54,35.27,2.62
R02945,2026-09-10,Thu,BK-02,Maple Heights,D03,V03,motorbike,Clear,2026-09-10 12:31:00,2026-09-10 17:28:32,25,24,1,22,91.7,46.9,48.7,3.8,6,1.21,40.3,2.04
R02946,2026-09-10,Thu,BK-01,Harbor Row,D04,V04,motorbike,Clear,2026-09-10 12:38:00,2026-09-10 16:53:10,22,21,1,21,100.0,39.8,41.6,4.5,28,1.18,35.3,1.98
R02947,2026-09-10,Thu,BK-04,Riverside,D05,V05,motorbike,Clear,2026-09-10 07:31:00,2026-09-10 11:57:20,23,21,2,21,100.0,64.6,64.4,-0.3,56,1.91,33.75,3.21
R02948,2026-09-10,Thu,BK-01,Harbor Row,D06,V06,motorbike,Clear,2026-09-10 07:32:00,2026-09-10 11:23:00,19,19,0,19,100.0,34.4,34.9,1.5,18,1.06,32.93,1.8
R02949,2026-09-10,Thu,BK-03,Old Mill,D07,V07,motorbike,Clear,2026-09-10 07:39:00,2026-09-10 12:21:42,24,21,3,21,100.0,43.8,45.0,2.7,8,1.59,28.27,2.68
R02950,2026-09-10,Thu,BK-01,Harbor Row,D08,V08,motorbike,Clear,2026-09-10 07:34:00,2026-09-10 11:46:05,21,20,1,19,95.0,38.0,39.3,3.4,35,1.2,32.69,2.05
R02951,2026-09-10,Thu,BK-01,Harbor Row,D09,V09,motorbike,Clear,2026-09-10 12:32:00,2026-09-10 17:03:33,23,23,0,22,95.7,41.6,40.4,-2.9,0,1.04,39.03,1.74
R02952,2026-09-10,Thu,BK-04,Riverside,D10,V10,motorbike,Clear,2026-09-10 12:37:00,2026-09-10 16:40:56,20,19,1,17,89.5,56.2,56.5,0.5,31,1.67,33.76,2.8
R02953,2026-09-10,Thu,BK-02,Maple Heights,D11,V11,motorbike,Clear,2026-09-10 07:36:00,2026-09-10 12:15:14,24,23,1,23,100.0,45.0,48.1,6.9,0,1.21,39.59,2.06
R02954,2026-09-10,Thu,BK-05,Northgate,D12,V12,motorbike,Clear,2026-09-10 07:32:00,2026-09-10 12:59:47,28,24,4,21,87.5,40.0,44.8,12.0,15,1.4,32.02,2.35
R02955,2026-09-10,Thu,BK-02,Maple Heights,D13,V13,motorbike,Clear,2026-09-10 07:35:00,2026-09-10 12:20:40,24,22,2,22,100.0,45.0,46.8,4.0,15,1.24,37.78,2.08
R02956,2026-09-10,Thu,BK-06,Elm Park,D14,V14,motorbike,Clear,2026-09-10 12:30:00,2026-09-10 17:14:59,24,22,2,20,90.9,36.0,37.8,5.0,11,1.05,35.93,1.76
R02957,2026-09-10,Thu,VN-04,Lakeview,D15,V15,van,Clear,2026-09-10 07:39:00,2026-09-10 12:58:26,17,17,0,17,100.0,111.6,114.3,2.4,9,10.1,11.32,15.64
R02958,2026-09-10,Thu,VN-01,Cedar Point,D16,V16,van,Clear,2026-09-10 07:32:00,2026-09-10 12:52:16,17,16,1,15,93.8,79.7,81.9,2.8,0,7.29,11.23,11.35
R02959,2026-09-10,Thu,VN-03,Stonebridge,D17,V17,van,Clear,2026-09-10 07:35:00,2026-09-10 14:13:39,22,22,0,22,100.0,118.8,121.1,1.9,24,11.1,10.91,17.16
R02960,2026-09-10,Thu,VN-03,Stonebridge,D18,V18,van,Clear,2026-09-10 07:37:00,2026-09-10 14:02:00,21,20,1,15,75.0,113.4,119.3,5.2,14,10.81,11.04,16.61
R02961,2026-09-10,Thu,VN-02,Brookfield,D19,V19,van,Clear,2026-09-10 07:35:00,2026-09-10 12:21:10,15,15,0,14,93.3,74.1,77.1,4.0,23,7.09,10.87,11.12
R02962,2026-09-10,Thu,VN-01,Cedar Point,D20,V20,van,Clear,2026-09-10 07:33:00,2026-09-10 13:11:35,18,18,0,16,88.9,84.4,87.2,3.3,0,7.67,11.37,11.88
R02963,2026-09-10,Thu,TR-02,Westfield,D21,V21,truck,Clear,2026-09-10 06:02:00,2026-09-10 13:53:32,9,9,0,5,55.6,308.2,306.2,-0.6,83,84.23,3.64,131.72
R02964,2026-09-10,Thu,TR-01,Foundry District,D22,V22,truck,Clear,2026-09-10 06:08:00,2026-09-10 13:10:32,8,8,0,8,100.0,267.0,281.4,5.4,0,86.42,3.26,133.5
R02965,2026-09-10,Thu,TR-03,Granite Hill,D23,V23,truck,Clear,2026-09-10 06:01:00,2026-09-10 15:13:45,11,11,0,9,81.8,231.0,239.1,3.5,0,63.63,3.76,98.68
R02966,2026-09-10,Thu,TR-03,Granite Hill,D24,V24,truck,Clear,2026-09-10 06:09:00,2026-09-10 14:31:58,10,9,1,9,100.0,210.0,206.1,-1.9,22,58.3,3.54,89.65
R02967,2026-09-11,Fri,BK-02,Maple Heights,D01,V01,motorbike,Clear,2026-09-11 12:39:00,2026-09-11 16:54:37,22,22,0,22,100.0,41.2,43.1,4.6,12,1.05,41.21,1.77
R02968,2026-09-11,Fri,BK-06,Elm Park,D02,V02,motorbike,Clear,2026-09-11 12:39:00,2026-09-11 17:45:31,26,25,1,25,100.0,39.0,39.7,1.8,16,1.19,33.44,2.02
R02969,2026-09-11,Fri,BK-06,Elm Park,D03,V03,motorbike,Clear,2026-09-11 12:30:00,2026-09-11 17:25:44,25,25,0,25,100.0,37.5,38.0,1.3,19,1.0,38.09,1.7
R02970,2026-09-11,Fri,BK-02,Maple Heights,D04,V04,motorbike,Clear,2026-09-11 12:38:00,2026-09-11 17:26:17,24,23,1,18,78.3,45.0,47.1,4.7,0,1.28,36.86,2.14
R02971,2026-09-11,Fri,BK-05,Northgate,D05,V05,motorbike,Clear,2026-09-11 07:34:00,2026-09-11 13:05:24,28,27,1,24,88.9,40.0,41.3,3.2,9,1.05,39.49,1.78
R02972,2026-09-11,Fri,BK-01,Harbor Row,D06,V06,motorbike,Clear,2026-09-11 07:32:00,2026-09-11 12:01:57,23,23,0,23,100.0,41.6,43.8,5.3,27,1.36,32.31,2.3
R02973,2026-09-11,Fri,BK-04,Riverside,D07,V07,motorbike,Clear,2026-09-11 07:32:00,2026-09-11 11:13:58,19,19,0,19,100.0,53.4,56.0,4.9,0,1.89,29.57,3.17
R02974,2026-09-11,Fri,BK-05,Northgate,D08,V08,motorbike,Clear,2026-09-11 07:38:00,2026-09-11 13:13:51,28,28,0,22,78.6,40.0,42.0,5.0,0,1.07,39.21,1.83
R02975,2026-09-11,Fri,BK-03,Old Mill,D10,V10,motorbike,Clear,2026-09-11 12:37:00,2026-09-11 17:05:34,22,20,2,20,100.0,40.2,42.2,5.0,0,1.15,36.57,1.96
R02976,2026-09-11,Fri,BK-02,Maple Heights,D11,V11,motorbike,Clear,2026-09-11 07:30:00,2026-09-11 12:06:32,23,22,1,21,95.5,43.1,44.6,3.5,61,1.47,30.35,2.47
R02977,2026-09-11,Fri,BK-04,Riverside,D12,V12,motorbike,Clear,2026-09-11 07:33:00,2026-09-11 12:05:51,23,21,2,21,100.0,64.6,70.4,9.0,0,2.06,34.19,3.45
R02978,2026-09-11,Fri,BK-06,Elm Park,D13,V13,motorbike,Clear,2026-09-11 07:30:00,2026-09-11 12:35:09,26,24,2,24,100.0,39.0,40.8,4.6,26,1.15,35.53,1.95
R02979,2026-09-11,Fri,BK-04,Riverside,D14,V14,motorbike,Clear,2026-09-11 12:30:00,2026-09-11 16:55:14,22,21,1,20,95.2,61.8,65.4,5.8,21,1.74,37.48,2.92
R02980,2026-09-11,Fri,VN-03,Stonebridge,D15,V15,van,Clear,2026-09-11 07:31:00,2026-09-11 13:51:44,21,20,1,19,95.0,113.4,119.9,5.7,0,10.62,11.29,16.31
R02981,2026-09-11,Fri,VN-02,Brookfield,D16,V16,van,Clear,2026-09-11 07:32:00,2026-09-11 12:47:07,17,15,2,14,93.3,84.0,84.5,0.6,16,7.36,11.48,11.42
R02982,2026-09-11,Fri,VN-03,Stonebridge,D17,V17,van,Clear,2026-09-11 07:30:00,2026-09-11 13:01:50,18,18,0,18,100.0,97.2,98.9,1.7,0,8.52,11.6,13.08
R02983,2026-09-11,Fri,VN-03,Stonebridge,D18,V18,van,Clear,2026-09-11 07:40:00,2026-09-11 13:16:10,18,18,0,13,72.2,97.2,99.5,2.4,13,9.32,10.68,14.48
R02984,2026-09-11,Fri,VN-04,Lakeview,D19,V19,van,Clear,2026-09-11 07:40:00,2026-09-11 11:53:02,14,14,0,14,100.0,91.9,95.0,3.4,0,8.45,11.24,13.08
R02985,2026-09-11,Fri,VN-01,Cedar Point,D20,V20,van,Clear,2026-09-11 07:31:00,2026-09-11 11:52:25,14,14,0,14,100.0,65.6,65.9,0.5,0,5.72,11.52,8.84
R02986,2026-09-11,Fri,TR-01,Foundry District,D22,V22,truck,Clear,2026-09-11 06:01:00,2026-09-11 13:02:41,8,7,1,6,85.7,267.0,278.2,4.2,43,87.11,3.19,135.39
R02987,2026-09-11,Fri,TR-03,Granite Hill,D24,V24,truck,Clear,2026-09-11 06:00:00,2026-09-11 15:11:49,11,11,0,10,90.9,231.0,237.4,2.8,19,67.16,3.53,105.05
R02988,2026-09-12,Sat,BK-06,Elm Park,D01,V01,motorbike,Clear,2026-09-12 12:31:00,2026-09-12 17:34:54,26,24,2,24,100.0,39.0,40.5,3.8,0,0.96,42.36,1.62
R02989,2026-09-12,Sat,BK-06,Elm Park,D03,V03,motorbike,Clear,2026-09-12 12:35:00,2026-09-12 17:48:19,26,25,1,25,100.0,39.0,40.0,2.6,7,1.04,38.47,1.76
R02990,2026-09-12,Sat,BK-02,Maple Heights,D05,V05,motorbike,Clear,2026-09-12 07:35:00,2026-09-12 12:27:14,26,25,1,25,100.0,48.8,51.0,4.5,16,1.33,38.2,2.26
R02991,2026-09-12,Sat,BK-06,Elm Park,D07,V07,motorbike,Clear,2026-09-12 07:33:00,2026-09-12 12:59:07,27,25,2,23,92.0,40.5,41.4,2.2,14,1.54,26.92,2.57
R02992,2026-09-12,Sat,BK-02,Maple Heights,D09,V09,motorbike,Clear,2026-09-12 12:34:00,2026-09-12 17:10:07,23,22,1,22,100.0,43.1,44.4,3.0,16,1.23,36.14,2.09
R02993,2026-09-12,Sat,BK-06,Elm Park,D11,V11,motorbike,Clear,2026-09-12 07:39:00,2026-09-12 12:48:35,27,27,0,27,100.0,40.5,42.1,4.0,15,1.14,36.91,1.93
R02994,2026-09-12,Sat,BK-06,Elm Park,D13,V13,motorbike,Clear,2026-09-12 07:31:00,2026-09-12 12:11:18,24,24,0,23,95.8,36.0,37.8,5.0,24,1.08,34.96,1.84
R02995,2026-09-12,Sat,VN-01,Cedar Point,D15,V15,van,Clear,2026-09-12 07:32:00,2026-09-12 12:11:22,15,15,0,15,100.0,70.3,72.8,3.6,12,6.63,10.98,10.33
R02996,2026-09-12,Sat,VN-04,Lakeview,D17,V17,van,Clear,2026-09-12 07:32:00,2026-09-12 12:30:43,16,15,1,15,100.0,105.0,106.0,1.0,0,9.23,11.49,14.27
R02997,2026-09-12,Sat,VN-01,Cedar Point,D19,V19,van,Clear,2026-09-12 07:39:00,2026-09-12 12:23:11,15,15,0,15,100.0,70.3,73.6,4.7,50,7.02,10.48,10.9
R02998,2026-09-12,Sat,TR-01,Foundry District,D21,V21,truck,Clear,2026-09-12 06:02:00,2026-09-12 12:13:41,7,7,0,6,85.7,233.6,235.2,0.7,35,67.6,3.48,104.73
R02999,2026-09-12,Sat,TR-01,Foundry District,D23,V23,truck,Clear,2026-09-12 06:09:00,2026-09-12 12:18:04,7,7,0,7,100.0,233.6,246.6,5.6,37,66.7,3.7,103.15
R03000,2026-09-14,Mon,BK-04,Riverside,D01,V01,motorbike,Clear,2026-09-14 12:36:00,2026-09-14 16:14:05,19,18,1,18,100.0,53.4,54.1,1.3,0,1.28,42.22,2.18
R03001,2026-09-14,Mon,BK-02,Maple Heights,D02,V02,motorbike,Clear,2026-09-14 12:31:00,2026-09-14 17:42:47,26,26,0,25,96.2,48.8,50.7,3.9,21,1.49,34.03,2.52
R03002,2026-09-14,Mon,BK-03,Old Mill,D03,V03,motorbike,Clear,2026-09-14 12:36:00,2026-09-14 17:20:19,24,22,2,20,90.9,43.8,44.5,1.6,12,1.13,39.44,1.93
R03003,2026-09-14,Mon,BK-05,Northgate,D04,V04,motorbike,Clear,2026-09-14 12:33:00,2026-09-14 17:55:48,28,27,1,27,100.0,40.0,43.5,8.8,15,1.27,34.13,2.18
R03004,2026-09-14,Mon,BK-03,Old Mill,D05,V05,motorbike,Clear,2026-09-14 07:39:00,2026-09-14 12:21:00,25,25,0,25,100.0,45.7,46.7,2.2,0,1.12,41.64,1.9
R03005,2026-09-14,Mon,BK-03,Old Mill,D07,V07,motorbike,Clear,2026-09-14 07:33:00,2026-09-14 12:06:53,23,21,2,21,100.0,42.0,42.9,2.1,66,1.79,23.98,3.03
R03006,2026-09-14,Mon,BK-06,Elm Park,D08,V08,motorbike,Clear,2026-09-14 07:33:00,2026-09-14 12:40:11,26,24,2,23,95.8,39.0,40.5,3.8,14,1.17,34.61,1.97
R03007,2026-09-14,Mon,BK-06,Elm Park,D10,V10,motorbike,Clear,2026-09-14 12:30:00,2026-09-14 17:52:17,28,27,1,26,96.3,42.0,42.9,2.1,9,1.13,37.93,1.9
R03008,2026-09-14,Mon,BK-04,Riverside,D11,V11,motorbike,Clear,2026-09-14 07:36:00,2026-09-14 12:04:19,22,19,3,19,100.0,61.8,64.5,4.4,0,1.55,41.6,2.64
R03009,2026-09-14,Mon,BK-01,Harbor Row,D12,V12,motorbike,Clear,2026-09-14 07:30:00,2026-09-14 11:36:00,21,21,0,21,100.0,38.0,40.4,6.3,76,1.59,25.42,2.71
R03010,2026-09-14,Mon,BK-02,Maple Heights,D13,V13,motorbike,Clear,2026-09-14 07:37:00,2026-09-14 12:27:02,25,22,3,22,100.0,46.9,47.9,2.1,15,1.29,37.18,2.16
R03011,2026-09-14,Mon,BK-03,Old Mill,D14,V14,motorbike,Clear,2026-09-14 12:39:00,2026-09-14 17:26:45,24,22,2,21,95.5,43.8,46.1,5.3,0,1.13,40.95,1.89
R03012,2026-09-14,Mon,VN-04,Lakeview,D15,V15,van,Clear,2026-09-14 07:39:00,2026-09-14 12:38:41,16,14,2,13,92.9,105.0,109.6,4.4,41,10.36,10.58,16.33
R03013,2026-09-14,Mon,VN-02,Brookfield,D16,V16,van,Clear,2026-09-14 07:34:00,2026-09-14 12:58:55,17,17,0,14,82.4,84.0,84.0,0.0,6,7.09,11.85,11.05
R03014,2026-09-14,Mon,VN-02,Brookfield,D17,V17,van,Clear,2026-09-14 07:30:00,2026-09-14 12:22:47,16,15,1,15,100.0,79.1,79.6,0.6,0,6.97,11.42,10.8
R03015,2026-09-14,Mon,VN-02,Brookfield,D18,V18,van,Clear,2026-09-14 07:30:00,2026-09-14 13:26:11,19,19,0,19,100.0,93.9,98.1,4.5,50,9.57,10.25,14.96
R03016,2026-09-14,Mon,VN-04,Lakeview,D19,V19,van,Clear,2026-09-14 07:33:00,2026-09-14 12:21:14,15,13,2,13,100.0,98.4,101.9,3.6,0,9.32,10.94,14.59
R03017,2026-09-14,Mon,VN-02,Brookfield,D20,V20,van,Clear,2026-09-14 07:37:00,2026-09-14 13:26:31,19,18,1,18,100.0,93.9,98.4,4.8,14,9.06,10.86,14.07
R03018,2026-09-14,Mon,TR-03,Granite Hill,D21,V21,truck,Clear,2026-09-14 06:04:00,2026-09-14 16:52:33,13,13,0,12,92.3,273.0,275.3,0.8,22,76.38,3.6,118.85
R03019,2026-09-14,Mon,TR-01,Foundry District,D22,V22,truck,Clear,2026-09-14 06:06:00,2026-09-14 11:29:29,6,6,0,6,100.0,200.2,200.5,0.1,36,59.88,3.35,92.61
R03020,2026-09-14,Mon,TR-01,Foundry District,D24,V24,truck,Clear,2026-09-14 06:05:00,2026-09-14 13:44:55,9,8,1,8,100.0,300.4,311.1,3.6,28,86.57,3.59,134.41
R03021,2026-09-15,Tue,BK-05,Northgate,D01,V01,motorbike,Clear,2026-09-15 12:39:00,2026-09-15 17:49:43,26,25,1,23,92.0,37.1,38.9,4.9,8,0.93,41.93,1.56
R03022,2026-09-15,Tue,BK-02,Maple Heights,D02,V02,motorbike,Clear,2026-09-15 12:38:00,2026-09-15 17:19:55,24,22,2,21,95.5,45.0,45.9,2.0,15,1.37,33.59,2.32
R03023,2026-09-15,Tue,BK-05,Northgate,D03,V03,motorbike,Clear,2026-09-15 12:31:00,2026-09-15 18:26:45,29,29,0,16,55.2,41.4,42.6,2.9,8,1.09,39.26,1.84
R03024,2026-09-15,Tue,BK-03,Old Mill,D04,V04,motorbike,Clear,2026-09-15 12:33:00,2026-09-15 16:39:33,21,21,0,21,100.0,38.3,40.0,4.4,17,1.15,34.68,1.97
R03025,2026-09-15,Tue,BK-05,Northgate,D05,V05,motorbike,Clear,2026-09-15 07:31:00,2026-09-15 12:35:12,26,26,0,26,100.0,37.1,39.1,5.4,17,1.08,36.18,1.83
R03026,2026-09-15,Tue,BK-02,Maple Heights,D06,V06,motorbike,Clear,2026-09-15 07:39:00,2026-09-15 12:12:41,24,21,3,20,95.2,45.0,45.7,1.6,30,1.41,32.39,2.39
R03027,2026-09-15,Tue,BK-01,Harbor Row,D08,V08,motorbike,Clear,2026-09-15 07:31:00,2026-09-15 11:23:23,20,18,2,18,100.0,36.2,37.0,2.2,0,1.01,36.69,1.71
R03028,2026-09-15,Tue,BK-03,Old Mill,D09,V09,motorbike,Clear,2026-09-15 12:33:00,2026-09-15 17:10:42,23,23,0,22,95.7,42.0,42.4,1.0,13,1.19,35.54,2.03
R03029,2026-09-15,Tue,BK-01,Harbor Row,D10,V10,motorbike,Clear,2026-09-15 12:39:00,2026-09-15 16:43:11,21,19,2,19,100.0,38.0,39.7,4.5,9,1.06,37.29,1.79
R03030,2026-09-15,Tue,BK-02,Maple Heights,D11,V11,motorbike,Clear,2026-09-15 07:39:00,2026-09-15 12:15:37,23,23,0,22,95.7,43.1,44.3,2.8,0,1.11,40.09,1.88
R03031,2026-09-15,Tue,BK-05,Northgate,D12,V12,motorbike,Clear,2026-09-15 07:35:00,2026-09-15 13:23:16,30,29,1,28,96.6,42.9,47.2,10.0,29,1.54,30.55,2.6
R03032,2026-09-15,Tue,BK-04,Riverside,D13,V13,motorbike,Clear,2026-09-15 07:32:00,2026-09-15 11:30:07,20,20,0,20,100.0,56.2,57.4,2.1,19,1.52,37.66,2.58
R03033,2026-09-15,Tue,BK-02,Maple Heights,D14,V14,motorbike,Clear,2026-09-15 12:36:00,2026-09-15 17:14:36,24,23,1,23,100.0,45.0,47.0,4.4,7,1.23,38.06,2.1
R03034,2026-09-15,Tue,VN-01,Cedar Point,D15,V15,van,Clear,2026-09-15 07:38:00,2026-09-15 12:03:34,14,14,0,13,92.9,65.6,67.9,3.5,9,6.54,10.38,10.29
R03035,2026-09-15,Tue,VN-01,Cedar Point,D16,V16,van,Clear,2026-09-15 07:33:00,2026-09-15 12:07:05,15,14,1,14,100.0,70.3,70.1,-0.3,0,6.1,11.5,9.49
R03036,2026-09-15,Tue,VN-04,Lakeview,D17,V17,van,Clear,2026-09-15 07:38:00,2026-09-15 12:35:53,16,16,0,16,100.0,105.0,106.2,1.1,0,9.83,10.81,15.41
R03037,2026-09-15,Tue,VN-03,Stonebridge,D18,V18,van,Clear,2026-09-15 07:40:00,2026-09-15 14:02:06,21,21,0,20,95.2,113.4,118.2,4.2,11,11.49,10.28,17.87
R03038,2026-09-15,Tue,VN-03,Stonebridge,D19,V19,van,Clear,2026-09-15 07:36:00,2026-09-15 13:33:59,19,19,0,17,89.5,102.6,108.2,5.5,16,9.88,10.96,15.45
R03039,2026-09-15,Tue,VN-02,Brookfield,D20,V20,van,Clear,2026-09-15 07:34:00,2026-09-15 12:46:00,17,16,1,16,100.0,84.0,83.4,-0.7,14,7.54,11.06,11.7
R03040,2026-09-15,Tue,TR-03,Granite Hill,D21,V21,truck,Clear,2026-09-15 06:09:00,2026-09-15 15:27:04,11,11,0,9,81.8,231.0,230.3,-0.3,10,63.72,3.61,100.43
R03041,2026-09-15,Tue,TR-02,Westfield,D24,V24,truck,Clear,2026-09-15 06:00:00,2026-09-15 13:44:37,9,8,1,5,62.5,308.2,320.2,3.9,0,89.3,3.59,140.05
R03042,2026-09-16,Wed,BK-03,Old Mill,D01,V01,motorbike,Rain,2026-09-16 12:37:00,2026-09-16 17:23:30,24,21,3,20,95.2,43.8,46.1,5.3,23,1.24,37.14,2.11
R03043,2026-09-16,Wed,BK-04,Riverside,D02,V02,motorbike,Rain,2026-09-16 12:38:00,2026-09-16 16:59:32,22,22,0,22,100.0,61.8,66.5,7.6,15,2.03,32.81,3.48
R03044,2026-09-16,Wed,BK-06,Elm Park,D03,V03,motorbike,Rain,2026-09-16 12:36:00,2026-09-16 17:37:51,25,24,1,21,87.5,37.5,39.9,6.4,12,1.09,36.76,1.86
R03045,2026-09-16,Wed,BK-05,Northgate,D04,V04,motorbike,Rain,2026-09-16 12:34:00,2026-09-16 18:30:00,29,29,0,18,62.1,41.4,46.0,11.1,17,1.36,33.71,2.3
R03046,2026-09-16,Wed,BK-06,Elm Park,D05,V05,motorbike,Rain,2026-09-16 07:37:00,2026-09-16 12:50:50,27,25,2,25,100.0,40.5,42.7,5.4,51,1.38,30.99,2.33
R03047,2026-09-16,Wed,BK-06,Elm Park,D06,V06,motorbike,Rain,2026-09-16 07:38:00,2026-09-16 12:34:01,25,23,2,20,87.0,37.5,40.5,8.0,41,1.39,29.07,2.37
R03048,2026-09-16,Wed,BK-03,Old Mill,D07,V07,motorbike,Rain,2026-09-16 07:37:00,2026-09-16 12:16:59,24,23,1,23,100.0,43.8,47.2,7.8,28,1.8,26.2,3.07
R03049,2026-09-16,Wed,BK-04,Riverside,D09,V09,motorbike,Rain,2026-09-16 12:35:00,2026-09-16 16:46:14,21,21,0,19,90.5,59.0,63.1,6.9,5,1.77,35.68,3.02
R03050,2026-09-16,Wed,BK-03,Old Mill,D10,V10,motorbike,Rain,2026-09-16 12:30:00,2026-09-16 16:39:03,21,21,0,21,100.0,38.3,40.4,5.5,8,1.15,35.27,1.93
R03051,2026-09-16,Wed,BK-03,Old Mill,D11,V11,motorbike,Rain,2026-09-16 07:38:00,2026-09-16 11:56:08,22,19,3,18,94.7,40.2,44.0,9.5,0,1.12,39.16,1.89
R03052,2026-09-16,Wed,BK-03,Old Mill,D12,V12,motorbike,Rain,2026-09-16 07:30:00,2026-09-16 12:10:36,24,23,1,23,100.0,43.8,48.8,11.4,0,1.45,33.73,2.46
R03053,2026-09-16,Wed,BK-06,Elm Park,D13,V13,motorbike,Rain,2026-09-16 07:31:00,2026-09-16 13:07:01,28,25,3,24,96.0,42.0,45.0,7.1,11,1.24,36.4,2.1
R03054,2026-09-16,Wed,BK-02,Maple Heights,D14,V14,motorbike,Rain,2026-09-16 12:38:00,2026-09-16 17:19:32,23,22,1,18,81.8,43.1,45.7,6.0,14,1.33,34.39,2.26
R03055,2026-09-16,Wed,VN-03,Stonebridge,D15,V15,van,Rain,2026-09-16 07:34:00,2026-09-16 14:20:16,22,20,2,15,75.0,118.8,127.4,7.2,16,11.8,10.8,18.39
R03056,2026-09-16,Wed,VN-02,Brookfield,D17,V17,van,Rain,2026-09-16 07:38:00,2026-09-16 12:33:20,16,15,1,15,100.0,79.1,82.3,4.0,37,8.2,10.04,12.86
R03057,2026-09-16,Wed,VN-03,Stonebridge,D18,V18,van,Rain,2026-09-16 07:32:00,2026-09-16 13:33:42,19,16,3,15,93.8,102.6,109.6,6.8,21,10.45,10.49,16.44
R03058,2026-09-16,Wed,VN-03,Stonebridge,D19,V19,van,Rain,2026-09-16 07:40:00,2026-09-16 13:39:51,20,19,1,19,100.0,108.0,114.2,5.7,20,10.34,11.04,16.13
R03059,2026-09-16,Wed,VN-01,Cedar Point,D20,V20,van,Rain,2026-09-16 07:34:00,2026-09-16 13:08:46,18,17,1,15,88.2,84.4,88.7,5.1,0,8.21,10.81,12.84
R03060,2026-09-16,Wed,TR-01,Foundry District,D21,V21,truck,Rain,2026-09-16 06:09:00,2026-09-16 13:43:06,9,9,0,9,100.0,300.4,309.3,3.0,49,93.4,3.31,147.0
R03061,2026-09-16,Wed,TR-01,Foundry District,D22,V22,truck,Rain,2026-09-16 06:06:00,2026-09-16 13:07:49,8,8,0,7,87.5,267.0,286.6,7.3,44,92.55,3.1,143.87
R03062,2026-09-16,Wed,TR-03,Granite Hill,D23,V23,truck,Rain,2026-09-16 06:06:00,2026-09-16 15:21:11,11,10,1,10,100.0,231.0,249.6,8.1,89,69.54,3.59,108.18
R03063,2026-09-16,Wed,TR-02,Westfield,D24,V24,truck,Rain,2026-09-16 06:02:00,2026-09-16 11:23:54,6,6,0,6,100.0,205.5,217.5,5.8,87,63.91,3.4,99.44
R03064,2026-09-17,Thu,BK-05,Northgate,D01,V01,motorbike,Clear,2026-09-17 12:30:00,2026-09-17 17:42:28,27,24,3,22,91.7,38.6,40.0,3.6,28,1.06,37.91,1.8
R03065,2026-09-17,Thu,BK-04,Riverside,D02,V02,motorbike,Clear,2026-09-17 12:33:00,2026-09-17 16:27:00,19,18,1,17,94.4,53.4,55.1,3.2,14,1.62,33.99,2.76
R03066,2026-09-17,Thu,BK-02,Maple Heights,D03,V03,motorbike,Clear,2026-09-17 12:32:00,2026-09-17 17:13:31,23,20,3,17,85.0,43.1,45.7,6.0,9,1.19,38.4,2.04
R03067,2026-09-17,Thu,BK-03,Old Mill,D04,V04,motorbike,Clear,2026-09-17 12:31:00,2026-09-17 16:49:13,21,21,0,19,90.5,38.3,39.5,3.1,20,1.13,35.08,1.9
R03068,2026-09-17,Thu,BK-06,Elm Park,D05,V05,motorbike,Clear,2026-09-17 07:33:00,2026-09-17 12:32:42,26,26,0,26,100.0,39.0,40.9,4.9,23,1.13,36.12,1.9
R03069,2026-09-17,Thu,BK-04,Riverside,D06,V06,motorbike,Clear,2026-09-17 07:38:00,2026-09-17 11:57:26,22,21,1,21,100.0,61.8,63.2,2.3,25,1.89,33.5,3.19
R03070,2026-09-17,Thu,BK-03,Old Mill,D07,V07,motorbike,Clear,2026-09-17 07:32:00,2026-09-17 12:06:45,24,23,1,23,100.0,43.8,44.9,2.5,32,1.76,25.46,3.0
R03071,2026-09-17,Thu,BK-05,Northgate,D08,V08,motorbike,Clear,2026-09-17 07:31:00,2026-09-17 13:02:16,29,27,2,27,100.0,41.4,43.7,5.6,0,1.18,37.02,2.02
R03072,2026-09-17,Thu,BK-02,Maple Heights,D09,V09,motorbike,Clear,2026-09-17 12:31:00,2026-09-17 17:37:32,26,23,3,21,91.3,48.8,49.6,1.6,0,1.28,38.63,2.2
R03073,2026-09-17,Thu,BK-01,Harbor Row,D10,V10,motorbike,Clear,2026-09-17 12:32:00,2026-09-17 16:45:39,21,19,2,19,100.0,38.0,38.4,1.1,51,1.24,30.87,2.14
R03074,2026-09-17,Thu,BK-05,Northgate,D11,V11,motorbike,Clear,2026-09-17 07:37:00,2026-09-17 12:49:45,26,25,1,25,100.0,37.1,39.3,5.9,23,1.09,36.17,1.85
R03075,2026-09-17,Thu,BK-04,Riverside,D12,V12,motorbike,Clear,2026-09-17 07:38:00,2026-09-17 11:23:46,19,17,2,17,100.0,53.4,59.5,11.4,0,1.81,32.92,3.09
R03076,2026-09-17,Thu,BK-06,Elm Park,D13,V13,motorbike,Clear,2026-09-17 07:38:00,2026-09-17 12:27:04,25,24,1,24,100.0,37.5,40.1,6.9,0,0.99,40.6,1.68
R03077,2026-09-17,Thu,BK-02,Maple Heights,D14,V14,motorbike,Clear,2026-09-17 12:31:00,2026-09-17 17:19:51,25,25,0,25,100.0,46.9,49.5,5.5,0,1.3,38.07,2.22
R03078,2026-09-17,Thu,VN-02,Brookfield,D15,V15,van,Clear,2026-09-17 07:37:00,2026-09-17 12:17:24,15,15,0,15,100.0,74.1,77.2,4.2,42,7.52,10.27,11.81
R03079,2026-09-17,Thu,VN-04,Lakeview,D17,V17,van,Clear,2026-09-17 07:34:00,2026-09-17 12:00:30,14,13,1,13,100.0,91.9,91.0,-1.0,24,8.53,10.67,13.31
R03080,2026-09-17,Thu,VN-03,Stonebridge,D18,V18,van,Clear,2026-09-17 07:39:00,2026-09-17 13:44:33,20,20,0,20,100.0,108.0,114.0,5.6,11,10.39,10.97,16.25
R03081,2026-09-17,Thu,VN-03,Stonebridge,D19,V19,van,Clear,2026-09-17 07:40:00,2026-09-17 13:22:35,19,19,0,19,100.0,102.6,104.8,2.1,8,9.35,11.21,14.5
R03082,2026-09-17,Thu,VN-01,Cedar Point,D20,V20,van,Clear,2026-09-17 07:39:00,2026-09-17 12:41:22,16,14,2,12,85.7,75.0,76.5,2.0,0,6.82,11.22,10.74
R03083,2026-09-17,Thu,TR-01,Foundry District,D21,V21,truck,Clear,2026-09-17 06:08:00,2026-09-17 14:41:38,10,10,0,9,90.0,333.8,342.5,2.6,70,99.56,3.44,156.33
R03084,2026-09-17,Thu,TR-01,Foundry District,D22,V22,truck,Clear,2026-09-17 06:01:00,2026-09-17 13:41:36,9,9,0,9,100.0,300.4,305.6,1.7,20,94.28,3.24,148.17
R03085,2026-09-17,Thu,TR-02,Westfield,D23,V23,truck,Clear,2026-09-17 06:00:00,2026-09-17 12:57:16,8,8,0,7,87.5,274.0,281.0,2.6,18,77.61,3.62,120.75
R03086,2026-09-17,Thu,TR-03,Granite Hill,D24,V24,truck,Clear,2026-09-17 06:02:00,2026-09-17 16:03:56,12,11,1,9,81.8,252.0,266.0,5.6,69,77.09,3.45,120.77
R03087,2026-09-18,Fri,BK-02,Maple Heights,D01,V01,motorbike,Clear,2026-09-18 12:34:00,2026-09-18 17:36:39,26,26,0,26,100.0,48.8,49.9,2.3,7,1.26,39.71,2.13
R03088,2026-09-18,Fri,BK-02,Maple Heights,D02,V02,motorbike,Clear,2026-09-18 12:34:00,2026-09-18 16:49:19,22,21,1,21,100.0,41.2,43.1,4.6,0,1.29,33.51,2.2
R03089,2026-09-18,Fri,BK-04,Riverside,D03,V03,motorbike,Clear,2026-09-18 12:38:00,2026-09-18 17:01:12,22,21,1,12,57.1,61.8,63.7,3.1,21,1.69,37.71,2.88
R03090,2026-09-18,Fri,BK-01,Harbor Row,D04,V04,motorbike,Clear,2026-09-18 12:38:00,2026-09-18 16:49:26,21,19,2,18,94.7,38.0,40.1,5.5,27,1.2,33.43,2.01
R03091,2026-09-18,Fri,BK-06,Elm Park,D05,V05,motorbike,Clear,2026-09-18 07:38:00,2026-09-18 12:24:37,25,24,1,24,100.0,37.5,39.4,5.1,9,1.03,38.11,1.77
R03092,2026-09-18,Fri,BK-05,Northgate,D06,V06,motorbike,Clear,2026-09-18 07:35:00,2026-09-18 13:25:56,29,27,2,25,92.6,41.4,43.4,4.8,0,1.18,36.9,2.0
R03093,2026-09-18,Fri,BK-04,Riverside,D07,V07,motorbike,Clear,2026-09-18 07:35:00,2026-09-18 11:55:46,23,23,0,23,100.0,64.6,67.2,4.0,14,2.35,28.64,3.98
R03094,2026-09-18,Fri,BK-01,Harbor Row,D08,V08,motorbike,Clear,2026-09-18 07:33:00,2026-09-18 12:06:48,23,23,0,23,100.0,41.6,42.2,1.4,0,1.12,37.82,1.91
R03095,2026-09-18,Fri,BK-05,Northgate,D09,V09,motorbike,Clear,2026-09-18 12:35:00,2026-09-18 18:13:48,29,28,1,25,89.3,41.4,42.9,3.6,18,1.23,34.88,2.09
R03096,2026-09-18,Fri,BK-01,Harbor Row,D10,V10,motorbike,Clear,2026-09-18 12:33:00,2026-09-18 16:55:19,22,20,2,20,100.0,39.8,41.9,5.3,31,1.24,33.78,2.11
R03097,2026-09-18,Fri,BK-03,Old Mill,D11,V11,motorbike,Clear,2026-09-18 07:30:00,2026-09-18 12:12:18,23,22,1,18,81.8,42.0,45.2,7.6,6,1.14,39.7,1.95
R03098,2026-09-18,Fri,BK-03,Old Mill,D12,V12,motorbike,Clear,2026-09-18 07:40:00,2026-09-18 12:06:37,23,23,0,23,100.0,42.0,46.4,10.5,0,1.31,35.54,2.25
R03099,2026-09-18,Fri,BK-03,Old Mill,D14,V14,motorbike,Clear,2026-09-18 12:38:00,2026-09-18 17:28:30,25,24,1,24,100.0,45.7,47.3,3.5,0,1.19,39.78,2.02
R03100,2026-09-18,Fri,VN-01,Cedar Point,D15,V15,van,Clear,2026-09-18 07:38:00,2026-09-18 12:37:05,16,16,0,15,93.8,75.0,76.8,2.4,0,6.64,11.56,10.46
R03101,2026-09-18,Fri,VN-02,Brookfield,D16,V16,van,Clear,2026-09-18 07:36:00,2026-09-18 12:29:53,16,16,0,16,100.0,79.1,76.4,-3.4,25,6.92,11.04,10.8
R03102,2026-09-18,Fri,VN-03,Stonebridge,D17,V17,van,Clear,2026-09-18 07:35:00,2026-09-18 13:45:30,21,20,1,20,100.0,113.4,113.0,-0.4,24,10.42,10.85,16.24
R03103,2026-09-18,Fri,VN-04,Lakeview,D18,V18,van,Clear,2026-09-18 07:31:00,2026-09-18 12:43:19,17,16,1,16,100.0,111.6,113.5,1.7,14,10.58,10.72,16.58
R03104,2026-09-18,Fri,VN-02,Brookfield,D20,V20,van,Clear,2026-09-18 07:37:00,2026-09-18 13:28:20,19,17,2,17,100.0,93.9,96.6,2.9,14,8.78,11.0,13.78
R03105,2026-09-18,Fri,TR-03,Granite Hill,D21,V21,truck,Clear,2026-09-18 06:10:00,2026-09-18 14:34:25,10,9,1,9,100.0,210.0,219.2,4.4,95,66.72,3.29,103.86
R03106,2026-09-18,Fri,TR-01,Foundry District,D22,V22,truck,Clear,2026-09-18 06:08:00,2026-09-18 13:57:20,9,9,0,8,88.9,300.4,311.4,3.7,75,102.02,3.05,160.62
R03107,2026-09-18,Fri,TR-03,Granite Hill,D23,V23,truck,Clear,2026-09-18 06:09:00,2026-09-18 13:57:46,9,7,2,6,85.7,189.0,189.9,0.5,20,53.3,3.56,82.75
R03108,2026-09-18,Fri,TR-02,Westfield,D24,V24,truck,Clear,2026-09-18 06:00:00,2026-09-18 12:07:16,7,6,1,6,100.0,239.8,246.6,2.8,44,66.37,3.72,103.22
R03109,2026-09-19,Sat,BK-01,Harbor Row,D01,V01,motorbike,Rain,2026-09-19 12:33:00,2026-09-19 16:45:50,21,21,0,21,100.0,38.0,41.1,8.2,28,1.19,34.67,2.02
R03110,2026-09-19,Sat,BK-06,Elm Park,D03,V03,motorbike,Rain,2026-09-19 12:40:00,2026-09-19 18:16:10,28,28,0,22,78.6,42.0,44.1,5.0,11,1.19,37.04,2.03
R03111,2026-09-19,Sat,BK-01,Harbor Row,D05,V05,motorbike,Rain,2026-09-19 07:30:00,2026-09-19 11:18:17,19,19,0,19,100.0,34.4,36.3,5.5,0,0.95,38.23,1.62
R03112,2026-09-19,Sat,BK-06,Elm Park,D07,V07,motorbike,Rain,2026-09-19 07:34:00,2026-09-19 12:42:33,26,25,1,24,96.0,39.0,41.5,6.4,12,1.57,26.49,2.68
R03113,2026-09-19,Sat,BK-04,Riverside,D09,V09,motorbike,Rain,2026-09-19 12:32:00,2026-09-19 16:25:39,19,18,1,15,83.3,53.4,55.7,4.3,9,1.56,35.64,2.7
R03114,2026-09-19,Sat,BK-06,Elm Park,D11,V11,motorbike,Rain,2026-09-19 07:40:00,2026-09-19 12:34:18,25,25,0,25,100.0,37.5,40.3,7.5,22,1.09,36.82,1.88
R03115,2026-09-19,Sat,BK-01,Harbor Row,D13,V13,motorbike,Rain,2026-09-19 07:33:00,2026-09-19 11:55:54,22,22,0,21,95.5,39.8,42.9,7.8,26,1.27,33.67,2.17
R03116,2026-09-19,Sat,VN-01,Cedar Point,D15,V15,van,Rain,2026-09-19 07:33:00,2026-09-19 11:58:18,14,14,0,12,85.7,65.6,69.6,6.1,13,6.53,10.66,10.26
R03117,2026-09-19,Sat,VN-03,Stonebridge,D17,V17,van,Rain,2026-09-19 07:31:00,2026-09-19 13:33:26,20,19,1,19,100.0,108.0,112.6,4.3,17,10.77,10.46,16.85
R03118,2026-09-19,Sat,VN-02,Brookfield,D19,V19,van,Rain,2026-09-19 07:35:00,2026-09-19 13:25:14,19,18,1,16,88.9,93.9,98.0,4.4,14,9.3,10.54,14.68
R03119,2026-09-19,Sat,TR-03,Granite Hill,D21,V21,truck,Rain,2026-09-19 06:01:00,2026-09-19 16:55:29,13,13,0,6,46.2,273.0,285.5,4.6,88,88.18,3.24,137.79
R03120,2026-09-19,Sat,TR-01,Foundry District,D23,V23,truck,Rain,2026-09-19 06:09:00,2026-09-19 11:41:41,6,5,1,5,100.0,200.2,208.9,4.3,10,58.04,3.6,90.9
R03121,2026-09-21,Mon,BK-06,Elm Park,D01,V01,motorbike,Clear,2026-09-21 12:40:00,2026-09-21 17:28:52,25,25,0,25,100.0,37.5,38.8,3.5,0,0.93,41.78,1.59
R03122,2026-09-21,Mon,BK-03,Old Mill,D02,V02,motorbike,Clear,2026-09-21 12:36:00,2026-09-21 16:58:17,23,21,2,21,100.0,42.0,43.0,2.4,17,1.38,31.21,2.34
R03123,2026-09-21,Mon,BK-05,Northgate,D03,V03,motorbike,Clear,2026-09-21 12:38:00,2026-09-21 18:13:24,28,26,2,20,76.9,40.0,40.9,2.2,7,1.05,39.11,1.79
R03124,2026-09-21,Mon,BK-03,Old Mill,D04,V04,motorbike,Clear,2026-09-21 12:37:00,2026-09-21 17:00:14,22,22,0,21,95.5,40.2,40.5,0.7,22,1.21,33.49,2.06
R03125,2026-09-21,Mon,BK-02,Maple Heights,D05,V05,motorbike,Clear,2026-09-21 07:30:00,2026-09-21 12:04:46,24,21,3,21,100.0,45.0,46.2,2.7,15,1.25,37.05,2.14
R03126,2026-09-21,Mon,BK-06,Elm Park,D06,V06,motorbike,Clear,2026-09-21 07:34:00,2026-09-21 12:31:59,25,24,1,19,79.2,37.5,39.2,4.5,11,1.13,34.8,1.96
R03127,2026-09-21,Mon,BK-01,Harbor Row,D07,V07,motorbike,Clear,2026-09-21 07:30:00,2026-09-21 11:13:45,19,18,1,18,100.0,34.4,35.4,2.9,0,1.18,29.99,2.03
R03128,2026-09-21,Mon,BK-06,Elm Park,D08,V08,motorbike,Clear,2026-09-21 07:40:00,2026-09-21 12:30:36,25,25,0,24,96.0,37.5,39.0,4.0,0,1.04,37.35,1.8
R03129,2026-09-21,Mon,BK-05,Northgate,D09,V09,motorbike,Clear,2026-09-21 12:39:00,2026-09-21 18:08:28,28,28,0,26,92.9,40.0,40.7,1.8,0,1.03,39.67,1.74
R03130,2026-09-21,Mon,BK-01,Harbor Row,D10,V10,motorbike,Clear,2026-09-21 12:39:00,2026-09-21 16:38:43,20,18,2,17,94.4,36.2,37.0,2.2,0,0.96,38.6,1.65
R03131,2026-09-21,Mon,BK-05,Northgate,D11,V11,motorbike,Clear,2026-09-21 07:34:00,2026-09-21 13:24:50,30,28,2,23,82.1,42.9,44.8,4.4,0,1.08,41.29,1.87
R03132,2026-09-21,Mon,BK-03,Old Mill,D12,V12,motorbike,Clear,2026-09-21 07:36:00,2026-09-21 12:27:48,25,24,1,24,100.0,45.7,49.7,8.8,0,1.45,34.27,2.49
R03133,2026-09-21,Mon,BK-06,Elm Park,D13,V13,motorbike,Clear,2026-09-21 07:39:00,2026-09-21 12:43:46,26,25,1,25,100.0,39.0,40.6,4.1,8,1.03,39.39,1.76
R03134,2026-09-21,Mon,BK-05,Northgate,D14,V14,motorbike,Clear,2026-09-21 12:39:00,2026-09-21 18:09:02,28,28,0,28,100.0,40.0,42.1,5.3,18,1.22,34.61,2.09
R03135,2026-09-21,Mon,VN-03,Stonebridge,D15,V15,van,Clear,2026-09-21 07:36:00,2026-09-21 13:46:36,20,20,0,20,100.0,108.0,112.6,4.3,30,10.46,10.76,16.26
R03136,2026-09-21,Mon,VN-02,Brookfield,D17,V17,van,Clear,2026-09-21 07:39:00,2026-09-21 12:19:53,15,13,2,13,100.0,74.1,74.6,0.7,0,6.91,10.79,10.8
R03137,2026-09-21,Mon,VN-03,Stonebridge,D18,V18,van,Clear,2026-09-21 07:31:00,2026-09-21 13:52:58,21,20,1,17,85.0,113.4,119.8,5.6,18,10.83,11.06,16.94
R03138,2026-09-21,Mon,VN-02,Brookfield,D19,V19,van,Clear,2026-09-21 07:30:00,2026-09-21 12:51:55,18,18,0,18,100.0,88.9,92.0,3.5,23,8.83,10.42,13.84
R03139,2026-09-21,Mon,VN-01,Cedar Point,D20,V20,van,Clear,2026-09-21 07:32:00,2026-09-21 11:56:59,14,13,1,10,76.9,65.6,66.5,1.4,8,5.93,11.21,9.28
R03140,2026-09-21,Mon,TR-02,Westfield,D21,V21,truck,Clear,2026-09-21 06:06:00,2026-09-21 12:56:52,8,7,1,7,100.0,274.0,265.7,-3.0,77,76.43,3.48,119.9
R03141,2026-09-21,Mon,TR-03,Granite Hill,D22,V22,truck,Clear,2026-09-21 06:05:00,2026-09-21 16:05:29,12,12,0,10,83.3,252.0,262.8,4.3,41,79.75,3.3,124.98
R03142,2026-09-21,Mon,TR-01,Foundry District,D23,V23,truck,Clear,2026-09-21 06:08:00,2026-09-21 11:31:26,6,6,0,6,100.0,200.2,206.7,3.2,0,56.39,3.67,89.08
R03143,2026-09-21,Mon,TR-02,Westfield,D24,V24,truck,Clear,2026-09-21 06:00:00,2026-09-21 12:13:24,7,7,0,7,100.0,239.8,247.1,3.0,20,71.68,3.45,113.19
R03144,2026-09-22,Tue,BK-04,Riverside,D01,V01,motorbike,Clear,2026-09-22 12:30:00,2026-09-22 16:37:26,21,21,0,21,100.0,59.0,60.8,3.1,12,1.47,41.44,2.54
R03145,2026-09-22,Tue,BK-05,Northgate,D02,V02,motorbike,Clear,2026-09-22 12:38:00,2026-09-22 18:03:17,28,28,0,28,100.0,40.0,40.9,2.2,27,1.32,31.08,2.24
R03146,2026-09-22,Tue,BK-02,Maple Heights,D03,V03,motorbike,Clear,2026-09-22 12:40:00,2026-09-22 17:08:16,22,22,0,18,81.8,41.2,43.0,4.4,0,1.01,42.77,1.72
R03147,2026-09-22,Tue,BK-06,Elm Park,D04,V04,motorbike,Clear,2026-09-22 12:33:00,2026-09-22 17:12:29,24,24,0,24,100.0,36.0,37.5,4.2,6,1.07,34.89,1.85
R03148,2026-09-22,Tue,BK-02,Maple Heights,D06,V06,motorbike,Clear,2026-09-22 07:35:00,2026-09-22 12:00:24,23,23,0,23,100.0,43.1,43.8,1.6,23,1.31,33.38,2.23
R03149,2026-09-22,Tue,BK-05,Northgate,D07,V07,motorbike,Clear,2026-09-22 07:30:00,2026-09-22 13:12:08,29,28,1,26,92.9,41.4,42.2,1.9,30,1.61,26.2,2.76
R03150,2026-09-22,Tue,BK-03,Old Mill,D09,V09,motorbike,Clear,2026-09-22 12:38:00,2026-09-22 17:38:10,25,25,0,24,96.0,45.7,47.4,3.7,0,1.24,38.23,2.12
R03151,2026-09-22,Tue,BK-05,Northgate,D10,V10,motorbike,Clear,2026-09-22 12:37:00,2026-09-22 18:04:05,28,25,3,25,100.0,40.0,42.0,5.0,20,1.21,34.81,2.06
R03152,2026-09-22,Tue,BK-01,Harbor Row,D11,V11,motorbike,Clear,2026-09-22 07:39:00,2026-09-22 12:14:43,23,21,2,21,100.0,41.6,43.0,3.4,0,1.06,40.63,1.81
R03153,2026-09-22,Tue,BK-06,Elm Park,D12,V12,motorbike,Clear,2026-09-22 07:33:00,2026-09-22 12:22:16,25,25,0,25,100.0,37.5,41.9,11.7,27,1.34,31.34,2.29
R03154,2026-09-22,Tue,BK-01,Harbor Row,D13,V13,motorbike,Clear,2026-09-22 07:32:00,2026-09-22 11:34:20,21,19,2,19,100.0,38.0,39.2,3.2,0,0.99,39.76,1.7
R03155,2026-09-22,Tue,VN-03,Stonebridge,D15,V15,van,Clear,2026-09-22 07:40:00,2026-09-22 14:27:19,22,21,1,20,95.2,118.8,124.7,5.0,0,11.03,11.31,17.4
R03156,2026-09-22,Tue,VN-03,Stonebridge,D16,V16,van,Clear,2026-09-22 07:34:00,2026-09-22 13:08:29,18,18,0,18,100.0,97.2,98.8,1.6,11,8.95,11.04,14.37
R03157,2026-09-22,Tue,VN-04,Lakeview,D17,V17,van,Clear,2026-09-22 07:40:00,2026-09-22 12:31:21,16,14,2,14,100.0,105.0,110.0,4.8,16,9.79,11.23,15.46
R03158,2026-09-22,Tue,VN-01,Cedar Point,D18,V18,van,Clear,2026-09-22 07:30:00,2026-09-22 12:52:43,18,17,1,16,94.1,84.4,85.2,0.9,14,7.98,10.68,12.6
R03159,2026-09-22,Tue,VN-02,Brookfield,D19,V19,van,Clear,2026-09-22 07:32:00,2026-09-22 12:42:43,17,17,0,17,100.0,84.0,88.3,5.1,17,8.31,10.63,13.16
R03160,2026-09-22,Tue,VN-03,Stonebridge,D20,V20,van,Clear,2026-09-22 07:40:00,2026-09-22 13:48:22,20,19,1,18,94.7,108.0,108.5,0.5,0,9.93,10.92,15.63
R03161,2026-09-22,Tue,TR-01,Foundry District,D21,V21,truck,Clear,2026-09-22 06:09:00,2026-09-22 13:51:42,9,8,1,7,87.5,300.4,308.3,2.6,0,86.49,3.56,137.53
R03162,2026-09-22,Tue,TR-01,Foundry District,D22,V22,truck,Clear,2026-09-22 06:09:00,2026-09-22 13:59:55,9,9,0,7,77.8,300.4,317.1,5.6,0,98.49,3.22,155.31
R03163,2026-09-22,Tue,TR-03,Granite Hill,D23,V23,truck,Clear,2026-09-22 06:08:00,2026-09-22 14:32:15,10,10,0,9,90.0,210.0,215.7,2.7,23,54.53,3.96,85.53
R03164,2026-09-23,Wed,BK-02,Maple Heights,D01,V01,motorbike,Storm,2026-09-23 12:31:00,2026-09-23 17:36:32,24,21,3,6,28.6,45.0,48.1,6.9,10,1.32,36.55,2.26
R03165,2026-09-23,Wed,BK-01,Harbor Row,D02,V02,motorbike,Storm,2026-09-23 12:34:00,2026-09-23 16:42:54,20,19,1,14,73.7,36.2,37.7,4.1,30,1.29,29.19,2.21
R03166,2026-09-23,Wed,BK-03,Old Mill,D03,V03,motorbike,Storm,2026-09-23 12:37:00,2026-09-23 17:05:10,22,21,1,19,90.5,40.2,42.8,6.5,15,1.16,36.83,2.0
R03167,2026-09-23,Wed,BK-02,Maple Heights,D04,V04,motorbike,Storm,2026-09-23 12:36:00,2026-09-23 17:59:58,26,24,2,7,29.2,48.8,52.8,8.2,13,1.52,34.74,2.62
R03168,2026-09-23,Wed,BK-03,Old Mill,D05,V05,motorbike,Storm,2026-09-23 07:40:00,2026-09-23 12:24:25,23,22,1,14,63.6,42.0,44.6,6.2,27,1.37,32.64,2.35
R03169,2026-09-23,Wed,BK-03,Old Mill,D07,V07,motorbike,Storm,2026-09-23 07:30:00,2026-09-23 12:17:57,25,18,7,18,100.0,45.7,48.8,6.8,28,2.02,24.15,3.44
R03170,2026-09-23,Wed,BK-01,Harbor Row,D08,V08,motorbike,Storm,2026-09-23 07:34:00,2026-09-23 11:48:50,21,20,1,17,85.0,38.0,40.1,5.5,0,1.2,33.48,2.06
R03171,2026-09-23,Wed,BK-05,Northgate,D09,V09,motorbike,Storm,2026-09-23 12:31:00,2026-09-23 17:47:52,26,23,3,16,69.6,37.1,39.4,6.2,0,1.13,34.97,1.94
R03172,2026-09-23,Wed,BK-03,Old Mill,D10,V10,motorbike,Storm,2026-09-23 12:35:00,2026-09-23 17:22:26,24,21,3,19,90.5,43.8,46.6,6.4,8,1.38,33.67,2.35
R03173,2026-09-23,Wed,BK-01,Harbor Row,D11,V11,motorbike,Storm,2026-09-23 07:40:00,2026-09-23 12:11:09,23,21,2,21,100.0,41.6,45.8,10.1,5,1.27,36.05,2.2
R03174,2026-09-23,Wed,BK-02,Maple Heights,D12,V12,motorbike,Storm,2026-09-23 07:32:00,2026-09-23 12:44:31,25,21,4,8,38.1,46.9,52.7,12.4,7,1.74,30.34,2.96
R03175,2026-09-23,Wed,BK-06,Elm Park,D13,V13,motorbike,Storm,2026-09-23 07:38:00,2026-09-23 13:09:47,28,24,4,19,79.2,42.0,43.9,4.5,0,1.2,36.56,2.09
R03176,2026-09-23,Wed,BK-04,Riverside,D14,V14,motorbike,Storm,2026-09-23 12:38:00,2026-09-23 16:41:40,20,18,2,18,100.0,56.2,61.2,8.9,0,1.7,36.02,2.93
R03177,2026-09-23,Wed,VN-01,Cedar Point,D16,V16,van,Storm,2026-09-23 07:31:00,2026-09-23 12:59:26,17,17,0,11,64.7,79.7,84.6,6.1,38,8.9,9.5,13.99
R03178,2026-09-23,Wed,VN-03,Stonebridge,D17,V17,van,Storm,2026-09-23 07:31:00,2026-09-23 13:05:01,18,15,3,15,100.0,97.2,100.8,3.7,11,10.06,10.02,15.95
R03179,2026-09-23,Wed,VN-02,Brookfield,D18,V18,van,Storm,2026-09-23 07:39:00,2026-09-23 12:37:47,16,14,2,14,100.0,79.1,85.0,7.5,0,8.33,10.21,13.16
R03180,2026-09-23,Wed,VN-02,Brookfield,D19,V19,van,Storm,2026-09-23 07:39:00,2026-09-23 12:40:00,16,14,2,13,92.9,79.1,85.3,7.8,18,8.38,10.18,13.27
R03181,2026-09-23,Wed,VN-03,Stonebridge,D20,V20,van,Storm,2026-09-23 07:38:00,2026-09-23 13:12:21,18,13,5,11,84.6,97.2,99.7,2.6,15,10.19,9.79,16.34
R03182,2026-09-23,Wed,TR-02,Westfield,D21,V21,truck,Storm,2026-09-23 06:08:00,2026-09-23 13:07:17,8,7,1,5,71.4,274.0,288.8,5.4,58,90.64,3.19,141.35
R03183,2026-09-23,Wed,TR-03,Granite Hill,D22,V22,truck,Storm,2026-09-23 06:10:00,2026-09-23 14:45:03,10,9,1,7,77.8,210.0,219.6,4.6,0,70.57,3.11,112.02
R03184,2026-09-23,Wed,TR-01,Foundry District,D23,V23,truck,Storm,2026-09-23 06:10:00,2026-09-23 13:07:32,8,8,0,8,100.0,267.0,282.2,5.7,0,81.79,3.45,129.62
R03185,2026-09-23,Wed,TR-02,Westfield,D24,V24,truck,Storm,2026-09-23 06:08:00,2026-09-23 12:24:41,7,6,1,6,100.0,239.8,261.6,9.1,0,75.22,3.48,117.9
R03186,2026-09-24,Thu,BK-02,Maple Heights,D01,V01,motorbike,Clear,2026-09-24 12:40:00,2026-09-24 16:56:42,22,22,0,22,100.0,41.2,43.5,5.6,9,1.11,39.3,1.9
R03187,2026-09-24,Thu,BK-03,Old Mill,D02,V02,motorbike,Clear,2026-09-24 12:30:00,2026-09-24 16:46:53,22,20,2,20,100.0,40.2,41.0,2.0,29,1.34,30.54,2.34
R03188,2026-09-24,Thu,BK-04,Riverside,D03,V03,motorbike,Clear,2026-09-24 12:33:00,2026-09-24 17:06:59,23,23,0,23,100.0,64.6,66.2,2.5,0,1.52,43.6,2.61
R03189,2026-09-24,Thu,BK-02,Maple Heights,D04,V04,motorbike,Clear,2026-09-24 12:33:00,2026-09-24 16:48:09,22,21,1,21,100.0,41.2,43.4,5.3,0,1.17,37.23,2.01
R03190,2026-09-24,Thu,BK-04,Riverside,D05,V05,motorbike,Clear,2026-09-24 07:35:00,2026-09-24 11:18:02,19,19,0,19,100.0,53.4,53.8,0.7,18,1.38,38.9,2.4
R03191,2026-09-24,Thu,BK-03,Old Mill,D06,V06,motorbike,Clear,2026-09-24 07:40:00,2026-09-24 11:53:50,22,21,1,21,100.0,40.2,40.6,1.0,21,1.23,33.02,2.1
R03192,2026-09-24,Thu,BK-02,Maple Heights,D07,V07,motorbike,Clear,2026-09-24 07:32:00,2026-09-24 12:05:44,23,20,3,20,100.0,43.1,45.2,4.9,10,1.55,29.08,2.67
R03193,2026-09-24,Thu,BK-05,Northgate,D08,V08,motorbike,Clear,2026-09-24 07:36:00,2026-09-24 12:38:23,26,24,2,24,100.0,37.1,38.6,4.0,0,1.02,37.76,1.76
R03194,2026-09-24,Thu,BK-01,Harbor Row,D09,V09,motorbike,Clear,2026-09-24 12:37:00,2026-09-24 16:59:08,21,19,2,15,78.9,38.0,39.1,2.9,0,1.03,37.94,1.79
R03195,2026-09-24,Thu,BK-02,Maple Heights,D10,V10,motorbike,Clear,2026-09-24 12:32:00,2026-09-24 17:14:20,24,22,2,20,90.9,45.0,45.6,1.3,0,1.26,36.17,2.17
R03196,2026-09-24,Thu,BK-02,Maple Heights,D11,V11,motorbike,Clear,2026-09-24 07:39:00,2026-09-24 11:52:29,22,21,1,21,100.0,41.2,42.9,4.1,7,1.08,39.84,1.85
R03197,2026-09-24,Thu,BK-01,Harbor Row,D12,V12,motorbike,Clear,2026-09-24 07:30:00,2026-09-24 11:20:57,20,19,1,19,100.0,36.2,40.5,11.9,8,1.25,32.53,2.13
R03198,2026-09-24,Thu,BK-06,Elm Park,D13,V13,motorbike,Clear,2026-09-24 07:31:00,2026-09-24 12:22:49,25,24,1,24,100.0,37.5,38.2,1.9,0,0.97,39.2,1.67
R03199,2026-09-24,Thu,BK-04,Riverside,D14,V14,motorbike,Clear,2026-09-24 12:40:00,2026-09-24 16:35:15,20,19,1,19,100.0,56.2,59.4,5.7,0,1.55,38.4,2.65
R03200,2026-09-24,Thu,VN-02,Brookfield,D15,V15,van,Clear,2026-09-24 07:37:00,2026-09-24 12:28:37,16,16,0,16,100.0,79.1,81.7,3.3,41,7.91,10.33,12.48
R03201,2026-09-24,Thu,VN-01,Cedar Point,D16,V16,van,Clear,2026-09-24 07:37:00,2026-09-24 12:18:21,15,14,1,14,100.0,70.3,70.0,-0.4,15,6.23,11.23,9.85
R03202,2026-09-24,Thu,VN-02,Brookfield,D17,V17,van,Clear,2026-09-24 07:36:00,2026-09-24 12:10:57,15,12,3,12,100.0,74.1,75.8,2.3,18,6.99,10.84,11.17
R03203,2026-09-24,Thu,VN-01,Cedar Point,D18,V18,van,Clear,2026-09-24 07:38:00,2026-09-24 12:45:35,17,17,0,17,100.0,79.7,81.7,2.5,0,7.5,10.89,11.94
R03204,2026-09-24,Thu,VN-03,Stonebridge,D20,V20,van,Clear,2026-09-24 07:32:00,2026-09-24 13:59:00,21,20,1,20,100.0,113.4,115.8,2.1,0,10.34,11.2,16.25
R03205,2026-09-24,Thu,TR-02,Westfield,D21,V21,truck,Clear,2026-09-24 06:01:00,2026-09-24 11:29:57,6,6,0,5,83.3,205.5,209.5,1.9,40,60.18,3.48,94.71
R03206,2026-09-24,Thu,TR-03,Granite Hill,D22,V22,truck,Clear,2026-09-24 06:04:00,2026-09-24 14:30:42,10,9,1,8,88.9,210.0,214.3,2.0,44,68.35,3.14,109.24
R03207,2026-09-24,Thu,TR-01,Foundry District,D23,V23,truck,Clear,2026-09-24 06:00:00,2026-09-24 11:30:12,6,6,0,6,100.0,200.2,209.1,4.4,0,58.93,3.55,92.76
R03208,2026-09-24,Thu,TR-01,Foundry District,D24,V24,truck,Clear,2026-09-24 06:10:00,2026-09-24 12:22:13,7,7,0,7,100.0,233.6,239.6,2.6,38,68.67,3.49,107.59
R03209,2026-09-25,Fri,BK-05,Northgate,D01,V01,motorbike,Clear,2026-09-25 12:34:00,2026-09-25 17:55:25,27,27,0,22,81.5,38.6,40.1,3.9,14,1.04,38.69,1.8
R03210,2026-09-25,Fri,BK-06,Elm Park,D02,V02,motorbike,Clear,2026-09-25 12:40:00,2026-09-25 17:25:34,24,23,1,22,95.7,36.0,36.8,2.2,17,1.18,31.15,2.05
R03211,2026-09-25,Fri,BK-05,Northgate,D03,V03,motorbike,Clear,2026-09-25 12:31:00,2026-09-25 18:27:49,30,30,0,23,76.7,42.9,44.7,4.2,0,1.09,40.99,1.87
R03212,2026-09-25,Fri,BK-01,Harbor Row,D04,V04,motorbike,Clear,2026-09-25 12:35:00,2026-09-25 16:53:07,21,20,1,19,95.0,38.0,39.6,4.2,0,1.07,36.95,1.85
R03213,2026-09-25,Fri,BK-02,Maple Heights,D05,V05,motorbike,Clear,2026-09-25 07:30:00,2026-09-25 12:21:17,25,25,0,25,100.0,46.9,46.7,-0.4,16,1.2,38.88,2.07
R03214,2026-09-25,Fri,BK-01,Harbor Row,D06,V06,motorbike,Clear,2026-09-25 07:30:00,2026-09-25 11:21:25,19,19,0,17,89.5,34.4,34.8,1.2,41,1.17,29.67,2.02
R03215,2026-09-25,Fri,BK-04,Riverside,D07,V07,motorbike,Clear,2026-09-25 07:38:00,2026-09-25 11:30:28,19,16,3,16,100.0,53.4,55.1,3.2,0,1.95,28.23,3.32
R03216,2026-09-25,Fri,BK-01,Harbor Row,D08,V08,motorbike,Clear,2026-09-25 07:37:00,2026-09-25 12:10:47,23,23,0,23,100.0,41.6,43.6,4.8,16,1.28,34.18,2.21
R03217,2026-09-25,Fri,BK-03,Old Mill,D09,V09,motorbike,Clear,2026-09-25 12:33:00,2026-09-25 17:20:44,24,23,1,22,95.7,43.8,45.3,3.4,0,1.11,40.71,1.93
R03218,2026-09-25,Fri,BK-01,Harbor Row,D10,V10,motorbike,Clear,2026-09-25 12:30:00,2026-09-25 17:02:21,23,22,1,22,100.0,41.6,42.9,3.1,0,1.11,38.77,1.91
R03219,2026-09-25,Fri,BK-01,Harbor Row,D11,V11,motorbike,Clear,2026-09-25 07:33:00,2026-09-25 11:47:52,22,22,0,22,100.0,39.8,41.9,5.3,22,1.14,36.63,1.96
R03220,2026-09-25,Fri,BK-03,Old Mill,D12,V12,motorbike,Clear,2026-09-25 07:35:00,2026-09-25 12:00:24,23,22,1,22,100.0,42.0,46.5,10.7,17,1.43,32.46,2.5
R03221,2026-09-25,Fri,BK-05,Northgate,D13,V13,motorbike,Clear,2026-09-25 07:39:00,2026-09-25 12:40:00,26,26,0,26,100.0,37.1,38.7,4.3,16,1.05,36.91,1.81
R03222,2026-09-25,Fri,BK-02,Maple Heights,D14,V14,motorbike,Clear,2026-09-25 12:40:00,2026-09-25 17:36:24,25,24,1,19,79.2,46.9,48.8,4.1,0,1.27,38.28,2.21
R03223,2026-09-25,Fri,VN-02,Brookfield,D15,V15,van,Clear,2026-09-25 07:33:00,2026-09-25 13:21:33,19,19,0,18,94.7,93.9,96.9,3.2,0,8.98,10.8,14.04
R03224,2026-09-25,Fri,VN-04,Lakeview,D16,V16,van,Clear,2026-09-25 07:35:00,2026-09-25 12:28:10,16,16,0,16,100.0,105.0,107.1,2.0,0,9.45,11.33,14.86
R03225,2026-09-25,Fri,VN-02,Brookfield,D17,V17,van,Clear,2026-09-25 07:30:00,2026-09-25 12:50:05,18,17,1,17,100.0,88.9,90.9,2.2,8,8.0,11.36,12.62
R03226,2026-09-25,Fri,VN-02,Brookfield,D18,V18,van,Clear,2026-09-25 07:36:00,2026-09-25 13:23:08,19,19,0,19,100.0,93.9,96.2,2.4,0,9.15,10.51,14.57
R03227,2026-09-25,Fri,VN-02,Brookfield,D19,V19,van,Clear,2026-09-25 07:35:00,2026-09-25 12:45:13,17,16,1,16,100.0,84.0,87.9,4.6,27,8.0,10.99,12.69
R03228,2026-09-25,Fri,VN-04,Lakeview,D20,V20,van,Clear,2026-09-25 07:31:00,2026-09-25 12:49:00,17,17,0,17,100.0,111.6,114.7,2.8,30,10.68,10.74,16.74
R03229,2026-09-25,Fri,TR-01,Foundry District,D21,V21,truck,Clear,2026-09-25 06:07:00,2026-09-25 12:22:23,7,6,1,4,66.7,233.6,232.7,-0.4,15,63.26,3.68,100.19
R03230,2026-09-25,Fri,TR-02,Westfield,D22,V22,truck,Clear,2026-09-25 06:07:00,2026-09-25 13:05:31,8,8,0,7,87.5,274.0,273.0,-0.4,39,86.39,3.16,137.5
R03231,2026-09-25,Fri,TR-03,Granite Hill,D23,V23,truck,Clear,2026-09-25 06:03:00,2026-09-25 13:45:46,9,8,1,6,75.0,189.0,195.4,3.4,48,53.65,3.64,85.49
R03232,2026-09-25,Fri,TR-03,Granite Hill,D24,V24,truck,Clear,2026-09-25 06:04:00,2026-09-25 16:04:34,12,12,0,11,91.7,252.0,259.2,2.9,0,69.32,3.74,109.71
R03233,2026-09-26,Sat,BK-02,Maple Heights,D01,V01,motorbike,Clear,2026-09-26 12:32:00,2026-09-26 17:34:23,26,25,1,25,100.0,48.8,51.3,5.1,0,1.2,42.67,2.09
R03234,2026-09-26,Sat,BK-03,Old Mill,D03,V03,motorbike,Clear,2026-09-26 12:31:00,2026-09-26 17:10:07,23,22,1,19,86.4,42.0,43.6,3.8,24,1.17,37.35,2.01
R03235,2026-09-26,Sat,BK-02,Maple Heights,D05,V05,motorbike,Clear,2026-09-26 07:37:00,2026-09-26 12:09:55,24,24,0,24,100.0,45.0,46.6,3.6,14,1.22,38.16,2.1
R03236,2026-09-26,Sat,BK-02,Maple Heights,D07,V07,motorbike,Clear,2026-09-26 07:33:00,2026-09-26 11:53:33,22,22,0,22,100.0,41.2,43.2,4.9,0,1.49,29.02,2.55
R03237,2026-09-26,Sat,BK-05,Northgate,D09,V09,motorbike,Clear,2026-09-26 12:36:00,2026-09-26 17:39:32,26,24,2,24,100.0,37.1,38.7,4.3,21,1.12,34.67,1.93
R03238,2026-09-26,Sat,BK-02,Maple Heights,D11,V11,motorbike,Clear,2026-09-26 07:32:00,2026-09-26 11:50:01,22,21,1,21,100.0,41.2,43.5,5.6,0,1.07,40.78,1.84
R03239,2026-09-26,Sat,BK-02,Maple Heights,D13,V13,motorbike,Clear,2026-09-26 07:34:00,2026-09-26 12:26:13,25,25,0,22,88.0,46.9,48.6,3.6,15,1.29,37.8,2.21
R03240,2026-09-26,Sat,VN-04,Lakeview,D15,V15,van,Clear,2026-09-26 07:37:00,2026-09-26 12:57:39,17,17,0,13,76.5,111.6,115.9,3.9,31,11.0,10.53,17.55
R03241,2026-09-26,Sat,VN-03,Stonebridge,D17,V17,van,Clear,2026-09-26 07:36:00,2026-09-26 13:10:37,19,19,0,19,100.0,102.6,107.0,4.3,13,9.93,10.77,15.8
R03242,2026-09-26,Sat,VN-01,Cedar Point,D19,V19,van,Clear,2026-09-26 07:37:00,2026-09-26 12:49:42,17,15,2,15,100.0,79.7,81.7,2.5,7,7.16,11.41,11.28
R03243,2026-09-26,Sat,TR-02,Westfield,D21,V21,truck,Clear,2026-09-26 06:10:00,2026-09-26 13:09:44,8,7,1,7,100.0,274.0,274.4,0.1,0,78.86,3.48,124.39
R03244,2026-09-26,Sat,TR-02,Westfield,D23,V23,truck,Clear,2026-09-26 06:08:00,2026-09-26 11:33:17,6,6,0,5,83.3,205.5,211.6,3.0,11,53.87,3.93,85.66
R03245,2026-09-28,Mon,BK-01,Harbor Row,D01,V01,motorbike,Clear,2026-09-28 12:36:00,2026-09-28 16:31:48,20,19,1,19,100.0,36.2,37.9,4.7,6,0.92,41.05,1.6
R03246,2026-09-28,Mon,BK-01,Harbor Row,D02,V02,motorbike,Clear,2026-09-28 12:37:00,2026-09-28 16:40:01,20,17,3,15,88.2,36.2,37.3,3.0,0,1.06,35.21,1.83
R03247,2026-09-28,Mon,BK-06,Elm Park,D03,V03,motorbike,Clear,2026-09-28 12:35:00,2026-09-28 18:00:58,28,28,0,26,92.9,42.0,43.4,3.3,0,1.07,40.74,1.86
R03248,2026-09-28,Mon,BK-01,Harbor Row,D04,V04,motorbike,Clear,2026-09-28 12:37:00,2026-09-28 16:53:21,21,21,0,20,95.2,38.0,39.6,4.2,0,1.05,37.74,1.79
R03249,2026-09-28,Mon,BK-02,Maple Heights,D05,V05,motorbike,Clear,2026-09-28 07:37:00,2026-09-28 11:58:53,22,21,1,21,100.0,41.2,42.4,2.9,30,1.26,33.54,2.18
R03250,2026-09-28,Mon,BK-05,Northgate,D06,V06,motorbike,Clear,2026-09-28 07:34:00,2026-09-28 12:39:30,26,26,0,24,92.3,37.1,37.8,1.9,10,1.05,36.07,1.82
R03251,2026-09-28,Mon,BK-06,Elm Park,D07,V07,motorbike,Clear,2026-09-28 07:32:00,2026-09-28 12:19:47,25,21,4,20,95.2,37.5,37.6,0.3,16,1.33,28.34,2.27
R03252,2026-09-28,Mon,BK-02,Maple Heights,D08,V08,motorbike,Clear,2026-09-28 07:39:00,2026-09-28 11:55:42,22,21,1,18,85.7,41.2,42.2,2.4,0,1.09,38.72,1.89
R03253,2026-09-28,Mon,BK-01,Harbor Row,D09,V09,motorbike,Clear,2026-09-28 12:34:00,2026-09-28 17:02:11,22,21,1,13,61.9,39.8,40.2,1.0,0,1.04,38.54,1.8
R03254,2026-09-28,Mon,BK-04,Riverside,D10,V10,motorbike,Clear,2026-09-28 12:32:00,2026-09-28 16:28:06,20,20,0,20,100.0,56.2,58.3,3.7,24,1.62,36.06,2.79
R03255,2026-09-28,Mon,BK-01,Harbor Row,D11,V11,motorbike,Clear,2026-09-28 07:35:00,2026-09-28 12:08:25,23,23,0,23,100.0,41.6,44.0,5.8,0,1.08,40.89,1.87
R03256,2026-09-28,Mon,BK-06,Elm Park,D12,V12,motorbike,Clear,2026-09-28 07:40:00,2026-09-28 12:38:01,26,25,1,25,100.0,39.0,42.8,9.7,18,1.36,31.48,2.37
R03257,2026-09-28,Mon,BK-04,Riverside,D13,V13,motorbike,Clear,2026-09-28 07:32:00,2026-09-28 11:24:07,20,20,0,20,100.0,56.2,58.1,3.4,0,1.48,39.17,2.58
R03258,2026-09-28,Mon,BK-03,Old Mill,D14,V14,motorbike,Clear,2026-09-28 12:35:00,2026-09-28 16:57:57,22,21,1,21,100.0,40.2,41.6,3.5,0,1.03,40.41,1.8
R03259,2026-09-28,Mon,VN-03,Stonebridge,D15,V15,van,Clear,2026-09-28 07:35:00,2026-09-28 13:22:31,19,18,1,18,100.0,102.6,107.2,4.5,0,9.08,11.8,14.45
R03260,2026-09-28,Mon,VN-02,Brookfield,D16,V16,van,Clear,2026-09-28 07:32:00,2026-09-28 12:28:01,16,16,0,15,93.8,79.1,81.5,3.0,6,7.03,11.59,11.13
R03261,2026-09-28,Mon,VN-01,Cedar Point,D17,V17,van,Clear,2026-09-28 07:32:00,2026-09-28 11:52:16,14,14,0,14,100.0,65.6,66.9,2.0,0,5.86,11.42,9.33
R03262,2026-09-28,Mon,VN-01,Cedar Point,D18,V18,van,Clear,2026-09-28 07:30:00,2026-09-28 12:07:11,15,15,0,15,100.0,70.3,72.0,2.4,0,6.32,11.39,9.95
R03263,2026-09-28,Mon,VN-04,Lakeview,D19,V19,van,Clear,2026-09-28 07:33:00,2026-09-28 12:25:14,16,16,0,16,100.0,105.0,110.1,4.9,11,9.5,11.59,15.2
R03264,2026-09-28,Mon,VN-02,Brookfield,D20,V20,van,Clear,2026-09-28 07:35:00,2026-09-28 12:12:52,15,15,0,15,100.0,74.1,73.1,-1.3,0,6.55,11.17,10.38
R03265,2026-09-28,Mon,TR-01,Foundry District,D21,V21,truck,Clear,2026-09-28 06:06:00,2026-09-28 12:17:20,7,6,1,5,83.3,233.6,241.2,3.3,102,68.15,3.54,108.25
R03266,2026-09-28,Mon,TR-02,Westfield,D22,V22,truck,Clear,2026-09-28 06:10:00,2026-09-28 13:51:56,9,9,0,9,100.0,308.2,314.1,1.9,37,96.72,3.25,153.44
R03267,2026-09-28,Mon,TR-01,Foundry District,D23,V23,truck,Clear,2026-09-28 06:08:00,2026-09-28 12:15:34,7,6,1,6,100.0,233.6,244.2,4.5,22,64.65,3.78,102.99
R03268,2026-09-28,Mon,TR-03,Granite Hill,D24,V24,truck,Clear,2026-09-28 06:03:00,2026-09-28 16:51:46,13,12,1,12,100.0,273.0,286.5,4.9,19,79.63,3.6,127.8
R03269,2026-09-29,Tue,BK-03,Old Mill,D01,V01,motorbike,Clear,2026-09-29 12:40:00,2026-09-29 16:52:13,22,21,1,21,100.0,40.2,41.1,2.2,5,0.99,41.67,1.71
R03270,2026-09-29,Tue,BK-03,Old Mill,D02,V02,motorbike,Clear,2026-09-29 12:35:00,2026-09-29 16:50:23,21,21,0,19,90.5,38.3,38.5,0.5,15,1.21,31.86,2.08
R03271,2026-09-29,Tue,BK-01,Harbor Row,D03,V03,motorbike,Clear,2026-09-29 12:30:00,2026-09-29 16:54:12,22,21,1,17,81.0,39.8,41.4,4.0,0,0.99,41.87,1.72
R03272,2026-09-29,Tue,BK-04,Riverside,D04,V04,motorbike,Clear,2026-09-29 12:36:00,2026-09-29 16:54:50,22,21,1,21,100.0,61.8,65.7,6.3,12,1.85,35.53,3.21
R03273,2026-09-29,Tue,BK-02,Maple Heights,D05,V05,motorbike,Clear,2026-09-29 07:35:00,2026-09-29 11:57:08,23,22,1,22,100.0,43.1,44.7,3.7,17,1.22,36.58,2.12
R03274,2026-09-29,Tue,BK-01,Harbor Row,D06,V06,motorbike,Clear,2026-09-29 07:35:00,2026-09-29 12:03:05,23,23,0,22,95.7,41.6,42.1,1.2,16,1.25,33.8,2.17
R03275,2026-09-29,Tue,BK-06,Elm Park,D07,V07,motorbike,Clear,2026-09-29 07:30:00,2026-09-29 12:59:04,28,26,2,23,88.5,42.0,43.4,3.3,15,1.65,26.35,2.87
R03276,2026-09-29,Tue,BK-02,Maple Heights,D08,V08,motorbike,Clear,2026-09-29 07:34:00,2026-09-29 12:00:11,23,23,0,23,100.0,43.1,46.0,6.7,38,1.4,32.82,2.4
R03277,2026-09-29,Tue,BK-06,Elm Park,D09,V09,motorbike,Clear,2026-09-29 12:37:00,2026-09-29 17:50:10,26,25,1,21,84.0,39.0,39.9,2.3,7,1.04,38.2,1.82
R03278,2026-09-29,Tue,BK-03,Old Mill,D11,V11,motorbike,Clear,2026-09-29 07:30:00,2026-09-29 11:38:30,21,20,1,20,100.0,38.3,39.7,3.7,0,0.93,42.84,1.62
R03279,2026-09-29,Tue,BK-02,Maple Heights,D12,V12,motorbike,Clear,2026-09-29 07:37:00,2026-09-29 12:31:52,25,24,1,24,100.0,46.9,52.3,11.5,11,1.6,32.67,2.73
R03280,2026-09-29,Tue,BK-01,Harbor Row,D13,V13,motorbike,Clear,2026-09-29 07:38:00,2026-09-29 11:54:42,22,22,0,22,100.0,39.8,41.9,5.3,18,1.14,36.9,1.97
R03281,2026-09-29,Tue,BK-02,Maple Heights,D14,V14,motorbike,Clear,2026-09-29 12:40:00,2026-09-29 17:23:10,24,23,1,23,100.0,45.0,47.4,5.3,15,1.28,37.13,2.2
R03282,2026-09-29,Tue,VN-04,Lakeview,D15,V15,van,Clear,2026-09-29 07:31:00,2026-09-29 12:59:21,18,17,1,16,94.1,118.1,122.3,3.6,17,11.26,10.86,17.87
R03283,2026-09-29,Tue,VN-02,Brookfield,D16,V16,van,Clear,2026-09-29 07:33:00,2026-09-29 12:14:39,15,15,0,15,100.0,74.1,77.2,4.2,0,6.66,11.59,10.53
R03284,2026-09-29,Tue,VN-04,Lakeview,D17,V17,van,Clear,2026-09-29 07:33:00,2026-09-29 12:27:05,16,15,1,15,100.0,105.0,105.4,0.4,0,9.39,11.23,14.8
R03285,2026-09-29,Tue,VN-01,Cedar Point,D18,V18,van,Clear,2026-09-29 07:38:00,2026-09-29 12:12:22,15,14,1,14,100.0,70.3,74.2,5.5,40,7.2,10.3,11.47
R03286,2026-09-29,Tue,VN-02,Brookfield,D19,V19,van,Clear,2026-09-29 07:30:00,2026-09-29 12:40:49,17,16,1,16,100.0,84.0,88.2,5.0,0,7.67,11.5,12.21
R03287,2026-09-29,Tue,VN-03,Stonebridge,D20,V20,van,Clear,2026-09-29 07:32:00,2026-09-29 13:52:09,21,19,2,19,100.0,113.4,116.9,3.1,40,10.85,10.78,17.22
R03288,2026-09-29,Tue,TR-02,Westfield,D21,V21,truck,Clear,2026-09-29 06:00:00,2026-09-29 13:51:00,9,8,1,6,75.0,308.2,314.2,1.9,147,93.46,3.36,148.23
R03289,2026-09-29,Tue,TR-02,Westfield,D22,V22,truck,Clear,2026-09-29 06:04:00,2026-09-29 13:46:19,9,9,0,7,77.8,308.2,315.1,2.2,14,91.54,3.44,147.97
R03290,2026-09-29,Tue,TR-02,Westfield,D23,V23,truck,Clear,2026-09-29 06:06:00,2026-09-29 13:49:31,9,9,0,7,77.8,308.2,317.7,3.1,9,85.22,3.73,136.17
R03291,2026-09-29,Tue,TR-03,Granite Hill,D24,V24,truck,Clear,2026-09-29 06:01:00,2026-09-29 14:32:16,10,9,1,8,88.9,210.0,210.7,0.3,0,58.34,3.61,92.17
R03292,2026-09-30,Wed,BK-05,Northgate,D01,V01,motorbike,Clear,2026-09-30 12:33:00,2026-09-30 18:10:33,29,29,0,28,96.6,41.4,42.0,1.4,0,1.03,40.96,1.77
R03293,2026-09-30,Wed,BK-06,Elm Park,D02,V02,motorbike,Clear,2026-09-30 12:34:00,2026-09-30 18:01:49,28,24,4,20,83.3,42.0,44.0,4.8,20,1.38,31.94,2.4
R03294,2026-09-30,Wed,BK-04,Riverside,D03,V03,motorbike,Clear,2026-09-30 12:30:00,2026-09-30 16:24:30,19,19,0,16,84.2,53.4,55.3,3.6,8,1.39,39.89,2.39
R03295,2026-09-30,Wed,BK-06,Elm Park,D04,V04,motorbike,Clear,2026-09-30 12:35:00,2026-09-30 17:51:54,27,27,0,26,96.3,40.5,43.2,6.7,0,1.13,38.24,1.95
R03296,2026-09-30,Wed,BK-04,Riverside,D05,V05,motorbike,Clear,2026-09-30 07:34:00,2026-09-30 11:29:50,20,19,1,19,100.0,56.2,57.2,1.8,10,1.47,38.87,2.56
R03297,2026-09-30,Wed,BK-05,Northgate,D06,V06,motorbike,Clear,2026-09-30 07:36:00,2026-09-30 12:55:11,27,26,1,26,100.0,38.6,40.7,5.4,22,1.22,33.32,2.12
R03298,2026-09-30,Wed,BK-02,Maple Heights,D07,V07,motorbike,Clear,2026-09-30 07:34:00,2026-09-30 12:47:14,26,26,0,24,92.3,48.8,50.7,3.9,8,1.77,28.67,3.06
R03299,2026-09-30,Wed,BK-06,Elm Park,D08,V08,motorbike,Clear,2026-09-30 07:38:00,2026-09-30 12:59:00,27,26,1,25,96.2,40.5,41.2,1.7,0,1.09,37.88,1.89
R03300,2026-09-30,Wed,BK-02,Maple Heights,D09,V09,motorbike,Clear,2026-09-30 12:37:00,2026-09-30 17:51:02,26,26,0,22,84.6,48.8,49.8,2.0,0,1.3,38.35,2.26
R03301,2026-09-30,Wed,BK-02,Maple Heights,D10,V10,motorbike,Clear,2026-09-30 12:32:00,2026-09-30 17:20:12,25,23,2,23,100.0,46.9,48.2,2.8,0,1.31,36.93,2.27
R03302,2026-09-30,Wed,BK-04,Riverside,D11,V11,motorbike,Clear,2026-09-30 07:39:00,2026-09-30 12:05:50,23,22,1,22,100.0,64.6,66.0,2.2,0,1.66,39.86,2.85
R03303,2026-09-30,Wed,BK-04,Riverside,D12,V12,motorbike,Clear,2026-09-30 07:37:00,2026-09-30 12:05:05,23,22,1,22,100.0,64.6,70.0,8.4,21,2.23,31.37,3.88
R03304,2026-09-30,Wed,BK-02,Maple Heights,D13,V13,motorbike,Clear,2026-09-30 07:31:00,2026-09-30 11:59:53,23,20,3,20,100.0,43.1,45.0,4.4,0,1.1,40.76,1.93
R03305,2026-09-30,Wed,BK-01,Harbor Row,D14,V14,motorbike,Clear,2026-09-30 12:38:00,2026-09-30 16:29:24,20,20,0,20,100.0,36.2,38.2,5.5,0,1.01,37.8,1.76
R03306,2026-09-30,Wed,VN-04,Lakeview,D15,V15,van,Clear,2026-09-30 07:39:00,2026-09-30 11:52:33,14,14,0,14,100.0,91.9,96.4,4.9,41,9.34,10.33,14.95
R03307,2026-09-30,Wed,VN-03,Stonebridge,D17,V17,van,Clear,2026-09-30 07:32:00,2026-09-30 13:32:11,20,20,0,20,100.0,108.0,109.0,0.9,5,9.81,11.11,15.8
R03308,2026-09-30,Wed,VN-03,Stonebridge,D18,V18,van,Clear,2026-09-30 07:33:00,2026-09-30 13:59:24,21,18,3,17,94.4,113.4,116.5,2.7,36,11.47,10.16,18.16
R03309,2026-09-30,Wed,VN-02,Brookfield,D19,V19,van,Clear,2026-09-30 07:33:00,2026-09-30 13:19:01,19,18,1,18,100.0,93.9,98.4,4.8,0,8.42,11.68,13.46
R03310,2026-09-30,Wed,VN-01,Cedar Point,D20,V20,van,Clear,2026-09-30 07:30:00,2026-09-30 13:00:44,18,18,0,16,88.9,84.4,88.1,4.4,0,7.83,11.25,12.38
R03311,2026-09-30,Wed,TR-02,Westfield,D21,V21,truck,Clear,2026-09-30 06:08:00,2026-09-30 13:01:56,8,8,0,7,87.5,274.0,276.2,0.8,60,76.87,3.59,122.85
R03312,2026-09-30,Wed,TR-02,Westfield,D22,V22,truck,Clear,2026-09-30 06:09:00,2026-09-30 14:00:10,9,9,0,7,77.8,308.2,305.9,-0.7,19,92.74,3.3,146.66
R03313,2026-09-30,Wed,TR-02,Westfield,D23,V23,truck,Clear,2026-09-30 06:04:00,2026-09-30 12:15:45,7,6,1,6,100.0,239.8,247.3,3.1,22,66.28,3.73,106.17
R03314,2026-09-30,Wed,TR-02,Westfield,D24,V24,truck,Clear,2026-09-30 06:05:00,2026-09-30 13:02:37,8,8,0,8,100.0,274.0,285.3,4.1,57,80.7,3.54,127.92
